Index,Tag,Eclipse-Series,Spine #,Title,Director,Country,Year,豆瓣电影,豆瓣年份,豆瓣打分,豆瓣信息,IMDb电影,IMDb原名,IMDb年份,IMDb评分,IMDb信息
0,eclipse,Eclipse Series 1,#,[Eclipse Series 1: Early Bergman](https://www.criterion.com/boxsets/232-eclipse-series-1-early-bergman), , , ,**Eclipse Series 1: Early Bergman 伯格曼早期作品**, , , ,Eclipse Series 1: Early Bergman, , , , 
1,eclipse,Eclipse Series 1, ,Torment,Alf Sjöberg,Sweden,1944.0,[折磨 Hets](https://movie.douban.com/subject/1300641/),1944,7.3,导演: 阿尔夫·斯约堡; 类型: 剧情; 地区: 瑞典,[Torment](https://www.imdb.com/title/tt0036914/),Hets,1944.0,7.3,"95 min | Drama, Romance"
2,eclipse,Eclipse Series 1, ,Crisis,Ingmar Bergman,Sweden,1946.0,[危机 Kris](https://movie.douban.com/subject/1464774/),1946,6.7,导演: 英格玛·伯格曼; 类型: 剧情; 地区: 瑞典,[Crisis](https://www.imdb.com/title/tt0038675/),Kris,1946.0,6.4,"Not Rated | 93 min | Drama, Romance"
3,eclipse,Eclipse Series 1, ,Port of Call,Ingmar Bergman,Sweden,1948.0,[爱欲之港 Hamnstad](https://movie.douban.com/subject/1475172/),1948,6.8,导演: 英格玛·伯格曼; 类型: 剧情; 地区: 瑞典,[Port of Call](https://www.imdb.com/title/tt0040418/),Hamnstad,1948.0,6.6,Not Rated | 100 min | Drama
4,eclipse,Eclipse Series 1, ,Thirst,Ingmar Bergman,Sweden,1949.0,[三个陌生的情人 Törst](https://movie.douban.com/subject/1772177/),1949,6.8,导演: 英格玛·伯格曼; 类型: 剧情; 地区: 瑞典,[Thirst](https://www.imdb.com/title/tt0041998/),Törst,1949.0,6.5,Not Rated | 83 min | Drama
5,eclipse,Eclipse Series 1, ,To Joy,Ingmar Bergman,Sweden,1950.0,[喜悦 Till glädje](https://movie.douban.com/subject/1468268/),1950,7.3,导演: 英格玛·伯格曼; 类型: 剧情; 地区: 瑞典,[To Joy](https://www.imdb.com/title/tt0043048/),Till glädje,1950.0,7.2,Not Rated | 98 min | Drama
6,eclipse,Eclipse Series 2,#,[Eclipse Series 2: The Documentaries of Louis Malle](https://www.criterion.com/boxsets/275-eclipse-series-2-the-documentaries-of-louis-malle), , , ,**Eclipse Series 2: The Documentaries of Louis Malle 路易·马勒的纪录片**, , , ,Eclipse Series 2: The Documentaries of Louis Malle, , , , 
7,eclipse,Eclipse Series 2, ,Vive le Tour,Louis Malle,France,1962.0,[环法万岁 Vive le tour](https://movie.douban.com/subject/1451569/),1962,8.3,导演: 路易·马勒 Louis Malle; 类型: 纪录片; 地区: 法国,[Vive le tour](https://www.imdb.com/title/tt0056662/), ,1962.0,7.4,"18 min | Documentary, Short, Sport"
8,eclipse,Eclipse Series 2, ,"Humain, trop humain",Louis Malle,France,1973.0,"[人性，太人性 Humain, trop humain](https://movie.douban.com/subject/1451572/)",1974,7.7,导演: 路易·马勒; 类型: 纪录片; 地区: 法国,"[Humain, trop humain](https://www.imdb.com/title/tt0071635/)", ,1974.0,6.4,75 min | Documentary
9,eclipse,Eclipse Series 2, ,Place de la République,Louis Malle,France,1974.0,[共和广场 Place de la République](https://movie.douban.com/subject/1451577/),1974,8.2,导演: 路易·马勒; 类型: 纪录片; 地区: 法国,[Place de la République](https://www.imdb.com/title/tt0071999/), ,1974.0,7.1,94 min | Documentary
10,eclipse,Eclipse Series 2, ,Phantom India,Louis Malle,France,1969.0,[印度魅影 L'Inde fantôme](https://movie.douban.com/subject/1767819/),1969,8.2,类型: 纪录片; 地区: France,[Phantom India](https://www.imdb.com/title/tt0063914/),L'Inde fantôme,1969.0,8.1,378 min | Documentary
11,eclipse,Eclipse Series 2, ,Calcutta,Louis Malle,France,1969.0,[加尔各答 Calcutta](https://movie.douban.com/subject/1767822/),1969,8.3,导演: 路易·马勒; 类型: 纪录片; 地区: 法国,[Calcutta](https://www.imdb.com/title/tt0062773/), ,1969.0,7.2,105 min | Documentary
12,eclipse,Eclipse Series 2, ,God’s Country,Louis Malle,United States,1985.0,[上帝的国度 God's Country](https://movie.douban.com/subject/1451575/),1985,8.3,导演: 路易·马勒; 类型: 纪录片; 地区: 美国,[God's Country](https://www.imdb.com/title/tt0091125/), ,1985.0,7.5,90 min | Documentary
13,eclipse,Eclipse Series 2, ,. . . And the Pursuit of Happiness,Louis Malle,France,1986.0,[追逐快乐 ...And the Pursuit of Happiness](https://movie.douban.com/subject/1451579/),1986,8.2,导演: 路易·马勒; 类型: 纪录片; 地区: 美国,[...and the Pursuit of Happiness](https://www.imdb.com/title/tt0092561/),...And the Pursuit of Happiness,1986.0,7.2,80 min | Documentary
14,eclipse,Eclipse Series 3,#,[Eclipse Series 3: Late Ozu](https://www.criterion.com/boxsets/427-eclipse-series-3-late-ozu), , , ,**Eclipse Series 3: Late Ozu 小津安二郎晚期作品**, , , ,Eclipse Series 3: Late Ozu, , , , 
15,eclipse,Eclipse Series 3, ,Early Spring,Yasujiro Ozu,Japan,1956.0,[早春](https://movie.douban.com/subject/1298704/),1956,8.1,导演: 小津安二郎; 类型: 剧情; 地区: 日本,[Early Spring](https://www.imdb.com/title/tt0049784/),Sôshun,1956.0,7.8,145 min | Drama
16,eclipse,Eclipse Series 3, ,Tokyo Twilight,Yasujiro Ozu,Japan,1957.0,[东京暮色 東京暮色](https://movie.douban.com/subject/1300842/),1957,8.3,导演: 小津安二郎; 类型: 剧情; 地区: 日本,[Tokyo Twilight](https://www.imdb.com/title/tt0051093/),Tôkyô boshoku,1957.0,8.1,Not Rated | 140 min | Drama
17,eclipse,Eclipse Series 3, ,Equinox Flower,Yasujiro Ozu,Japan,1958.0,[彼岸花](https://movie.douban.com/subject/1296834/),1958,8.3,导演: 小津安二郎; 类型: 剧情; 地区: 日本,[Equinox Flower](https://www.imdb.com/title/tt0051720/),Higanbana,1958.0,7.8,"118 min | Comedy, Drama"
18,eclipse,Eclipse Series 3, ,Late Autumn,Yasujiro Ozu,Japan,1960.0,[秋日和](https://movie.douban.com/subject/1401843/),1960,8.4,导演: 小津安二郎; 类型: 剧情; 地区: 日本,[Late Autumn](https://www.imdb.com/title/tt0053579/),Akibiyori,1960.0,7.9,"Not Rated | 128 min | Comedy, Drama"
19,eclipse,Eclipse Series 3, ,The End of Summer,Yasujiro Ozu,Japan,1961.0,[小早川家之秋 小早川家の秋](https://movie.douban.com/subject/1306069/),1961,8.2,导演: 小津安二郎; 类型: 剧情; 地区: 日本,[The End of Summer](https://www.imdb.com/title/tt0055052/),Kohayagawa-ke no aki,1961.0,7.7,103 min | Drama
20,eclipse,Eclipse Series 4,#,[Eclipse Series 4: Raymond Bernard](https://www.criterion.com/boxsets/494-eclipse-series-4-raymond-bernard), , , ,**Eclipse Series 4: Raymond Bernard 雷蒙德•伯纳德**, , , ,Eclipse Series 4: Raymond Bernard, , , , 
21,eclipse,Eclipse Series 4, ,Wooden Crosses,Raymond Bernard,France,1932.0,[木十字架 Les Croix de bois](https://movie.douban.com/subject/2119422/),1932,7.8,导演: 雷蒙·贝尔纳; 类型: 剧情; 地区: 法国,[Wooden Crosses](https://www.imdb.com/title/tt0022787/),Les croix de bois,1932.0,7.7,"Not Rated | 115 min | Drama, War"
22,eclipse,Eclipse Series 4, ,Les misérables,Raymond Bernard,France,1934.0,[悲惨世界 Les Misérables](https://movie.douban.com/subject/2119426/),1934,8.9,导演: Raymond Bernard; 类型: 剧情; 地区: 法国,[Les Misérables](https://www.imdb.com/title/tt0025509/),Les misérables,1934.0,8.3,Not Rated | 281 min | Drama
23,eclipse,Eclipse Series 5,#,[Eclipse Series 5: The First Films of Samuel Fuller](https://www.criterion.com/boxsets/499-eclipse-series-5-the-first-films-of-samuel-fuller), , , ,**Eclipse Series 5: Raymond Bernard 塞缪尔·富勒早期作品**, , , ,Eclipse Series 5: The First Films of Samuel Fuller, , , , 
24,eclipse,Eclipse Series 5, ,I Shot Jesse James,Samuel Fuller,United States,1949.0,[击毙杰西·詹姆斯 I Shot Jesse James](https://movie.douban.com/subject/2119430/),1949,7.5,导演: 塞缪尔·富勒; 类型: 剧情; 地区: 美国,[I Shot Jesse James](https://www.imdb.com/title/tt0041497/), ,1949.0,6.8,Approved | 81 min | Western
25,eclipse,Eclipse Series 5, ,The Baron of Arizona,Samuel Fuller,United States,1950.0,[奸雄末路 The Baron of Arizona](https://movie.douban.com/subject/1305784/),1950,7.6,导演: 塞缪尔·富勒; 类型: 剧情; 地区: 美国,[The Baron of Arizona](https://www.imdb.com/title/tt0042229/), ,1950.0,7.0,"Approved | 97 min | Biography, Crime, Drama"
26,eclipse,Eclipse Series 5, ,The Steel Helmet,Samuel Fuller,United States,1951.0,[钢盔 The Steel Helmet](https://movie.douban.com/subject/1299318/),1951,6.8,导演: 塞缪尔·富勒; 类型: 动作; 地区: 美国,[The Steel Helmet](https://www.imdb.com/title/tt0044072/), ,1951.0,7.4,"Approved | 85 min | Action, Drama, War"
27,eclipse,Eclipse Series 6,#,[Eclipse Series 6: Carlos Saura’s Flamenco Trilogy](https://www.criterion.com/boxsets/502-eclipse-series-6-carlos-sauras-flamenco-trilogy), , , ,**Eclipse Series 6: Carlos Saura's Flamenco Trilogy 卡洛斯·绍拉弗拉门戈三部曲**, , , ,Eclipse Series 6: Carlos Saura’s Flamenco Trilogy, , , , 
28,eclipse,Eclipse Series 6, ,Blood Wedding,Carlos Saura,Spain,1981.0,[血婚 Bodas de sangre](https://movie.douban.com/subject/1300849/),1981,8.0,导演: 卡洛斯·绍拉; 类型: 剧情; 地区: 西班牙/法国,[Blood Wedding](https://www.imdb.com/title/tt0082088/),Bodas de sangre,1981.0,7.5,"Not Rated | 67 min | Drama, Music, Romance"
29,eclipse,Eclipse Series 6, ,Carmen,Carlos Saura,Spain,1983.0,[卡门 Carmen](https://movie.douban.com/subject/1303061/),1983,8.2,导演: 卡洛斯·绍拉; 类型: 剧情; 地区: 西班牙,[Carmen](https://www.imdb.com/title/tt0085297/), ,1983.0,7.5,"R | 102 min | Drama, Music, Romance"
30,eclipse,Eclipse Series 6, ,El amor brujo,Carlos Saura,Spain,1986.0,[爱情魔术师 El amor brujo](https://movie.douban.com/subject/1436721/),1986,7.0,导演: 卡洛斯·绍拉; 类型: 音乐; 地区: 西班牙,[El amor brujo](https://www.imdb.com/title/tt0090636/), ,1986.0,7.0,"PG | 100 min | Music, Drama"
31,eclipse,Eclipse Series 7,#,[Eclipse Series 7: Postwar Kurosawa](https://www.criterion.com/boxsets/512-eclipse-series-7-postwar-kurosawa), , , ,**Eclipse Series 7: Postwar Kurosawa 战后黑泽明**, , , ,Eclipse Series 7: Postwar Kurosawa, , , , 
32,eclipse,Eclipse Series 7, ,No Regrets for Our Youth,Akira Kurosawa,Japan,1946.0,[我对青春无悔 わが青春に悔なし](https://movie.douban.com/subject/1301260/),1946,7.3,导演: 黑泽明; 类型: 剧情; 地区: 日本,[No Regrets for Our Youth](https://www.imdb.com/title/tt0039090/),Waga seishun ni kuinashi,1946.0,7.1,PG | 110 min | Drama
33,eclipse,Eclipse Series 7, ,One Wonderful Sunday,Akira Kurosawa,Japan,1947.0,[美好的星期天 素晴らしき日曜日](https://movie.douban.com/subject/1295751/),1947,7.6,导演: 黑泽明; 类型: 剧情; 地区: 日本,[One Wonderful Sunday](https://www.imdb.com/title/tt0039871/),Subarashiki nichiyôbi,1947.0,7.2,"Not Rated | 108 min | Drama, Romance"
34,eclipse,Eclipse Series 7, ,Scandal,Akira Kurosawa,Japan,1950.0,[丑闻 醜聞](https://movie.douban.com/subject/1293162/),1950,7.3,导演: 黑泽明; 类型: 剧情; 地区: 日本,[Scandal](https://www.imdb.com/title/tt0042958/),Shûbun,1950.0,7.2,Approved | 105 min | Drama
35,eclipse,Eclipse Series 7, ,The Idiot,Akira Kurosawa,Japan,1951.0,[白痴](https://movie.douban.com/subject/1293017/),1951,6.9,导演: 黑泽明; 类型: 剧情; 地区: 日本,[The Idiot](https://www.imdb.com/title/tt0043614/),Hakuchi,1951.0,7.2,"Not Rated | 166 min | Drama, Romance"
36,eclipse,Eclipse Series 7, ,I Live in Fear,Akira Kurosawa,Japan,1955.0,[活人的记录 生きものの記録](https://movie.douban.com/subject/1302062/),1955,7.5,导演: 黑泽明; 类型: 剧情; 地区: 日本,[I Live in Fear](https://www.imdb.com/title/tt0048198/),Ikimono no kiroku,1955.0,7.3,103 min | Drama
37,eclipse,Eclipse Series 8,#,[Eclipse Series 8: Lubitsch Musicals](https://www.criterion.com/boxsets/517-eclipse-series-8-lubitsch-musicals), , , ,**Eclipse Series 8: Lubitsch Musicals 刘别谦歌舞片**, , , ,Eclipse Series 8: Lubitsch Musicals, , , , 
38,eclipse,Eclipse Series 8, ,The Love Parade,Ernst Lubitsch,United States,1929.0,[璇宫艳史 The Love Parade](https://movie.douban.com/subject/1292537/),1929,7.0,导演: 恩斯特·刘别谦; 类型: 喜剧; 地区: 美国,[The Love Parade](https://www.imdb.com/title/tt0020112/), ,1929.0,7.0,"Passed | 107 min | Comedy, Musical, Romance"
39,eclipse,Eclipse Series 8, ,Monte Carlo,Ernst Lubitsch,United States,1930.0,[赌城艳史 Monte Carlo](https://movie.douban.com/subject/1299727/),1930,6.5,导演: 恩斯特·刘别谦; 类型: 喜剧; 地区: 美国,[Monte Carlo](https://www.imdb.com/title/tt0021153/), ,1930.0,6.7,"Passed | 90 min | Comedy, Musical, Romance"
40,eclipse,Eclipse Series 8, ,The Smiling Lieutenant,Ernst Lubitsch,United States,1931.0,[驸马艳史 The Smiling Lieutenant](https://movie.douban.com/subject/1298994/),1931,6.9,导演: 恩斯特·刘别谦; 类型: 喜剧; 地区: 美国,[The Smiling Lieutenant](https://www.imdb.com/title/tt0022074/), ,1931.0,7.2,"Passed | 93 min | Comedy, Musical, Romance"
41,eclipse,Eclipse Series 8, ,One Hour with You,Ernst Lubitsch,United States,1932.0,[红楼艳史 One Hour with You](https://movie.douban.com/subject/1295205/),1932,7.0,导演: 乔治·库克; 类型: 喜剧; 地区: 美国,[One Hour with You](https://www.imdb.com/title/tt0023303/), ,1932.0,7.1,"Passed | 78 min | Comedy, Musical, Romance"
42,eclipse,Eclipse Series 9,#,[Eclipse Series 9: The Delirious Fictions of William Klein](https://www.criterion.com/boxsets/521-eclipse-series-9-the-delirious-fictions-of-william-klein), , , ,**Eclipse Series 9: The Delirious Fictions of William Klein 威廉·克莱恩狂想诗**, , , ,Eclipse Series 9: The Delirious Fictions of William Klein, , , , 
43,eclipse,Eclipse Series 9, ,"Who Are You, Polly Maggoo?",William Klein,France,1966.0,"[你是谁，波莉·玛古？ Qui êtes-vous, Polly Maggoo?](https://movie.douban.com/subject/1764818/)",1966,8.0,导演: 威廉姆·克莱因; 类型: 喜剧; 地区: 法国,"[Who Are You, Polly Maggoo?](https://www.imdb.com/title/tt0060879/)","Qui êtes-vous, Polly Maggoo ?",1966.0,6.8,"Not Rated | 101 min | Comedy, Drama"
44,eclipse,Eclipse Series 9, ,Mr. Freedom,William Klein,France,1969.0,[自由先生 Mr. Freedom](https://movie.douban.com/subject/1922304/),1969,7.6,导演: 威廉姆·克莱因; 类型: 喜剧; 地区: 法国,[Mr. Freedom](https://www.imdb.com/title/tt0064674/), ,1968.0,6.4,"Not Rated | 95 min | Comedy, Crime"
45,eclipse,Eclipse Series 9, ,The Model Couple,William Klein,France,1977.0,[模特儿夫妻 Le Couple témoin](https://movie.douban.com/subject/2352594/),1977,6.8,导演: 威廉姆·克莱因; 类型: 喜剧; 地区: 法国/瑞士,[The Model Couple](https://www.imdb.com/title/tt0191053/),Le couple témoin,1977.0,6.3,"Not Rated | 101 min | Comedy, Sci-Fi"
46,eclipse,Eclipse Series 10,#,[Eclipse Series 10: Silent Ozu—Three Family Comedies](https://www.criterion.com/boxsets/532-eclipse-series-10-silent-ozuthree-family-comedies), , , ,**Eclipse Series 10: Silent Ozu—Three Family Comedies 小津安二郎家庭喜剧三部曲**, , , ,Eclipse Series 10: Silent Ozu—Three Family Comedies, , , , 
47,eclipse,Eclipse Series 10, ,Tokyo Chorus,Yasujiro Ozu,Japan,1931.0,[东京合唱 東京の合唱](https://movie.douban.com/subject/1304563/),1931,7.3,导演: 小津安二郎; 类型: 喜剧; 地区: 日本,[Tokyo Chorus](https://www.imdb.com/title/tt0022485/),Tôkyô no kôrasu,1931.0,7.1,"90 min | Comedy, Drama"
48,eclipse,Eclipse Series 10, ,"I Was Born, But . . .",Yasujiro Ozu,Japan,1932.0,[我出生了，但…… 大人の見る絵本 生れてはみたけれど](https://movie.douban.com/subject/1299360/),1932,8.7,导演: 小津安二郎; 类型: 喜剧; 地区: 日本,"[I Was Born, But...](https://www.imdb.com/title/tt0023634/)",Otona no miru ehon - Umarete wa mita keredo,1932.0,7.9,"Not Rated | 100 min | Comedy, Drama"
49,eclipse,Eclipse Series 10, ,Passing Fancy,Yasujiro Ozu,Japan,1933.0,[心血来潮 出来ごころ](https://movie.douban.com/subject/1307294/),1933,7.7,导演: 小津安二郎; 类型: 剧情; 地区: 日本,[Passing Fancy](https://www.imdb.com/title/tt0023937/),Dekigokoro,1933.0,7.2,100 min | Drama
50,eclipse,Eclipse Series 11,#,[Eclipse Series 11: Larisa Shepitko](https://www.criterion.com/boxsets/75-eclipse-series-11-larisa-shepitko), , , ,**Eclipse Series 11: Larisa Shepitko 拉丽萨·舍皮蒂柯**, , , ,Eclipse Series 11: Larisa Shepitko, , , , 
51,eclipse,Eclipse Series 11, ,Wings,Larisa Shepitko,Soviet Union,1966.0,[翼 Крылья](https://movie.douban.com/subject/1471651/),1966,8.0,导演: 拉莉萨·舍皮琴科; 类型: 剧情; 地区: 苏联,[Wings](https://www.imdb.com/title/tt0061196/),Krylya,1966.0,7.6,85 min | Drama
52,eclipse,Eclipse Series 11,Spine #1063,The Ascent,Larisa Shepitko,Soviet Union,1977.0,[上升 Восхождение](https://movie.douban.com/subject/1303255/),1977,8.1,导演: 拉莉萨·舍皮琴科; 类型: 剧情; 地区: 苏联,[The Ascent](https://www.imdb.com/title/tt0075404/),Voskhozhdenie,1977.0,8.2,"111 min | Drama, War"
53,eclipse,Eclipse Series 12,#,[Eclipse Series 12: Aki Kaurismäki’s Proletariat Trilogy](https://www.criterion.com/boxsets/564-eclipse-series-12-aki-kaurismkis-proletariat-trilogy), , , ,**Eclipse Series 12: Aki Kaurismäki's Proletariat Trilogy 阿基·郭利斯马基无产阶级三部曲**, , , ,Eclipse Series 12: Aki Kaurismäki’s Proletariat Trilogy, , , , 
54,eclipse,Eclipse Series 12, ,Shadows in Paradise,Aki Kaurismäki,Finland,1986.0,[天堂孤影 Varjoja paratiisissa](https://movie.douban.com/subject/1401894/),1986,8.2,导演: 阿基·考里斯马基; 类型: 剧情; 地区: 芬兰,[Shadows in Paradise](https://www.imdb.com/title/tt0092149/),Varjoja paratiisissa,1986.0,7.5,"Not Rated | 74 min | Comedy, Drama, Music"
55,eclipse,Eclipse Series 12, ,Ariel,Aki Kaurismäki,Finland,1988.0,[升空号 Ariel](https://movie.douban.com/subject/1303377/),1988,8.2,导演: 阿基·考里斯马基; 类型: 喜剧; 地区: 芬兰,[Ariel](https://www.imdb.com/title/tt0094675/), ,1988.0,7.5,"Not Rated | 72 min | Comedy, Crime, Romance"
56,eclipse,Eclipse Series 12, ,The Match Factory Girl,Aki Kaurismäki,Finland,1990.0,火柴厂女工 Tulitikkutehtaan tyttö,1990, ,导演: 阿基·考里斯马基; 地区: 芬兰,[The Match Factory Girl](https://www.imdb.com/title/tt0098532/),Tulitikkutehtaan tyttö,1990.0,7.5,"Not Rated | 69 min | Comedy, Crime, Drama"
57,eclipse,Eclipse Series 13,#,[Eclipse Series 13: Kenji Mizoguchi’s Fallen Women](https://www.criterion.com/boxsets/571-eclipse-series-13-kenji-mizoguchis-fallen-women), , , ,**Eclipse Series 13: Kenji Mizoguchi's Fallen Women 沟口健二的堕落花**, , , ,Eclipse Series 13: Kenji Mizoguchi’s Fallen Women, , , , 
58,eclipse,Eclipse Series 13, ,Osaka Elegy,Kenji Mizoguchi,Japan,1936.0,[浪华悲歌 浪華悲歌](https://movie.douban.com/subject/1297556/),1936,7.3,导演: 沟口健二; 类型: 剧情; 地区: 日本,[Osaka Elegy](https://www.imdb.com/title/tt0028021/),Naniwa erejî,1936.0,7.2,"90 min | Comedy, Drama"
59,eclipse,Eclipse Series 13, ,Sisters of the Gion,Kenji Mizoguchi,Japan,1936.0,[祇园姊妹 祇園の姉妹](https://movie.douban.com/subject/1297208/),1936,8.0,导演: 沟口健二; 类型: 剧情; 地区: 日本,[Sisters of the Gion](https://www.imdb.com/title/tt0027672/),Gion no shimai,1936.0,7.4,95 min | Drama
60,eclipse,Eclipse Series 13, ,Women of the Night,Kenji Mizoguchi,Japan,1948.0,[夜之女 夜の女たち](https://movie.douban.com/subject/1401884/),1948,6.8,导演: 沟口健二; 类型: 剧情; 地区: 日本,[Women of the Night](https://www.imdb.com/title/tt0040980/),Yoru no onnatachi,1948.0,7.2,75 min | Drama
61,eclipse,Eclipse Series 13, ,Street of Shame,Kenji Mizoguchi,Japan,1956.0,[赤线地带 赤線地帯](https://movie.douban.com/subject/1466788/),1956,8.1,导演: 沟口健二; 类型: 剧情; 地区: 日本,[Street of Shame](https://www.imdb.com/title/tt0048933/),Akasen chitai,1956.0,7.8,Not Rated | 86 min | Drama
62,eclipse,Eclipse Series 14,#,[Eclipse Series 14: Rossellini’s History Films—Renaissance and Enlightenment](https://www.criterion.com/boxsets/582-eclipse-series-14-rossellinis-history-filmsrenaissance-and-enlightenment), , , ,**Eclipse Series 14: Rossellini’s History Films—Renaissance and Enlightenment 罗西里尼的历史电影：文艺复兴和启蒙运动**, , , ,Eclipse Series 14: Rossellini’s History Films—Renaissance and Enlightenment, , , , 
63,eclipse,Eclipse Series 14, ,The Age of the Medici,Roberto Rossellini,Italy,1973.0,[美第奇时代 L'Età di Cosimo de Medici](https://movie.douban.com/subject/3077368/),1973, ,导演: 罗伯托·罗西里尼; 类型: 传记; 地区: 意大利,[The Age of the Medici](https://www.imdb.com/title/tt0069684/),L'età di Cosimo de Medici,1972.0,7.1,"255 min | Biography, History"
64,eclipse,Eclipse Series 14, ,Cartesius,Roberto Rossellini,Italy,1974.0,[笛卡尔 Cartesius](https://movie.douban.com/subject/3244538/),1974,7.6,导演: 罗伯托·罗西里尼; 类型: 传记; 地区: 法国/意大利,[Cartesius](https://www.imdb.com/title/tt0161382/), ,1974.0,6.8,"150 min | Biography, History"
65,eclipse,Eclipse Series 14, ,Blaise Pascal,Roberto Rossellini,Italy,1972.0,[布莱兹·帕斯卡尔 Blaise Pascal](https://movie.douban.com/subject/3244524/),1972,7.5,导演: 罗伯托·罗西里尼; 类型: 传记; 地区: 法国/意大利,[Blaise Pascal](https://www.imdb.com/title/tt0066839/), ,1972.0,7.0,"135 min | Biography, History"
66,eclipse,Eclipse Series 15,#,[Eclipse Series 15: Travels with Hiroshi Shimizu](https://www.criterion.com/boxsets/601-eclipse-series-15-travels-with-hiroshi-shimizu), , , ,**Eclipse Series 15: Travels with Hiroshi Shimizu 与清水宏同行**, , , ,Eclipse Series 15: Travels with Hiroshi Shimizu, , , , 
67,eclipse,Eclipse Series 15, ,Japanese Girls at the Harbor,Hiroshi Shimizu,Japan,1933.0,[港口的日本姑娘 港の日本娘](https://movie.douban.com/subject/3074484/),1933,8.0,导演: 清水宏; 类型: 剧情; 地区: 日本,[Japanese Girls at the Harbor](https://www.imdb.com/title/tt0160535/),Minato no nihonmusume,1933.0,6.9,72 min | Drama
68,eclipse,Eclipse Series 15, ,Mr. Thank You,Hiroshi Shimizu,Japan,1936.0,[多谢先生 有りがたうさん](https://movie.douban.com/subject/1401877/),1936,7.9,导演: 清水宏; 类型: 剧情; 地区: 日本,[Mr. Thank You](https://www.imdb.com/title/tt0027307/),Arigatô-san,1936.0,7.3,"76 min | Comedy, Drama"
69,eclipse,Eclipse Series 15, ,The Masseurs and a Woman,Hiroshi Shimizu,Japan,1938.0,[按摩师与女人 按摩と女](https://movie.douban.com/subject/3074498/),1938,7.7,导演: 清水宏; 类型: 剧情; 地区: 日本,[The Masseurs and a Woman](https://www.imdb.com/title/tt0426900/),Anma to onna,1938.0,7.1,66 min | Drama
70,eclipse,Eclipse Series 15, ,Ornamental Hairpin,Hiroshi Shimizu,Japan,1941.0,[簪](https://movie.douban.com/subject/3074507/),1941,7.7,导演: 清水宏; 类型: 剧情; 地区: 日本,[Ornamental Hairpin](https://www.imdb.com/title/tt0427424/),Kanzashi,1941.0,7.1,"70 min | Comedy, Drama"
71,eclipse,Eclipse Series 16,#,[Eclipse Series 16: Alexander Korda’s Private Lives](https://www.criterion.com/boxsets/618-eclipse-series-16-alexander-kordas-private-lives), , , ,**Eclipse Series 16: Alexander Korda's Private Lives 亚历山大·柯达之艳史**, , , ,Eclipse Series 16: Alexander Korda’s Private Lives, , , , 
72,eclipse,Eclipse Series 16, ,The Private Life of Henry VIII,Alexander Korda,United Kingdom,1933.0,[英宫艳史 The Private Life of Henry VIII](https://movie.douban.com/subject/1296050/),1933,7.3,导演: 亚历山大·柯达; 类型: 传记; 地区: 英国,[The Private Life of Henry VIII](https://www.imdb.com/title/tt0024473/), ,1933.0,7.0,Passed | 97 min | Drama
73,eclipse,Eclipse Series 16, ,The Rise of Catherine the Great,Paul Czinner,United Kingdom,1934.0,[俄国女王 The Rise of Catherine the Great](https://movie.douban.com/subject/3538957/),1934,6.9,导演: 保罗·锡纳; 类型: 传记; 地区: 英国,[The Rise of Catherine the Great](https://www.imdb.com/title/tt0024962/), ,1934.0,6.3,"Not Rated | 95 min | Biography, Drama, History"
74,eclipse,Eclipse Series 16, ,The Private Life of Don Juan,Alexander Korda,United Kingdom,1934.0,[唐璜艳史 The Private Life of Don Juan](https://movie.douban.com/subject/3538965/),1934,6.7,导演: 亚历山大·柯达; 类型: 喜剧; 地区: 英国,[The Private Life of Don Juan](https://www.imdb.com/title/tt0025681/), ,1934.0,6.3,"Unrated | 89 min | Adventure, Comedy, Romance"
75,eclipse,Eclipse Series 16, ,Rembrandt,Alexander Korda,United Kingdom,1936.0,[伦勃朗 Rembrandt](https://movie.douban.com/subject/3538966/),1936,7.5,导演: 亚历山大·柯达; 类型: 传记; 地区: 英国,[Rembrandt](https://www.imdb.com/title/tt0028167/), ,1936.0,7.1,"Not Rated | 85 min | Biography, Drama"
76,eclipse,Eclipse Series 17,#,[Eclipse Series 17: Nikkatsu Noir](https://www.criterion.com/boxsets/655-eclipse-series-17-nikkatsu-noir), , , ,**Eclipse Series 17: Nikkatsu Noir 日活黑帮**, , , ,Eclipse Series 17: Nikkatsu Noir, , , , 
77,eclipse,Eclipse Series 17, ,I Am Waiting,Koreyoshi Kurahara,Japan,1957.0,[我在等待 俺は待ってるぜ](https://movie.douban.com/subject/3539123/),1957,6.7,导演: 蔵原惟繕; 类型: 犯罪; 地区: 日本,[I Am Waiting](https://www.imdb.com/title/tt1248984/),Ore wa matteru ze,1957.0,7.0,"91 min | Action, Crime, Drama"
78,eclipse,Eclipse Series 17, ,Rusty Knife,Toshio Masuda,Japan,1958.0,[生锈的刀 錆びたナイフ](https://movie.douban.com/subject/3605847/),1958,6.8,导演: 舛田利雄; 类型: 动作; 地区: 日本,[Rusty Knife](https://www.imdb.com/title/tt0360946/),Sabita naifu,1958.0,6.7,"90 min | Crime, Drama"
79,eclipse,Eclipse Series 17, ,Take Aim at the Police Van,Seijun Suzuki,Japan,1960.0,[狙击护送车 13号待避線より その護送車を狙え](https://movie.douban.com/subject/3731774/),1960,6.7,导演: 铃木清顺; 类型: 动作; 地区: 日本,[Take Aim at the Police Van](https://www.imdb.com/title/tt0054325/),'Jûsangô taihisen' yori: Sono gosôsha o nerae,1960.0,6.6,"Not Rated | 79 min | Action, Crime, Mystery"
80,eclipse,Eclipse Series 17, ,Cruel Gun Story,Takumi Furukawa,Japan,1964.0,[拳铳残酷物语 拳銃残酷物語](https://movie.douban.com/subject/3988164/),1964,6.4,导演: 古川卓巳; 类型: 动作; 地区: 日本,[Cruel Gun Story](https://www.imdb.com/title/tt1446089/),Kenjû zankoku monogatari,1964.0,7.2,"87 min | Action, Crime"
81,eclipse,Eclipse Series 17, ,A Colt Is My Passport,Takashi Nomura,Japan,1967.0,[手枪就是我的通行证 拳銃は俺のパスポート](https://movie.douban.com/subject/3059492/),1967,7.4,导演: 野村孝; 类型: 动作; 地区: 日本,[A Colt Is My Passport](https://www.imdb.com/title/tt0330536/),Koruto wa ore no pasupooto,1967.0,7.4,"84 min | Action, Crime"
82,eclipse,Eclipse Series 18,#,[Eclipse Series 18: Dušan Makavejev—Free Radical](https://www.criterion.com/boxsets/668-eclipse-series-18-duan-makavejevfree-radical), , , ,**Eclipse Series 18: Dušan Makavejev Free Radical 杜尚·马卡维耶夫胡闹主义**, , , ,Eclipse Series 18: Dušan Makavejev—Free Radical, , , , 
83,eclipse,Eclipse Series 18, ,Man Is Not a Bird,Dušan Makavejev,Yugoslavia,1965.0,[男人非鸟 Čovek nije tica](https://movie.douban.com/subject/1845291/),1969,7.5,导演: 杜尚·马卡维耶夫; 类型: 剧情; 地区: 南斯拉夫,[Man Is Not a Bird](https://www.imdb.com/title/tt0059063/),Covek nije tica,1965.0,7.2,"81 min | Comedy, Drama, Romance"
84,eclipse,Eclipse Series 18, ,"Love Affair, or the Case of the Missing Switchboard Operator",Dušan Makavejev,Yugoslavia,1967.0,[电话接线生的悲剧 Ljubavni slučaj ili tragedija službenice P.T.T.](https://movie.douban.com/subject/1845292/),1967,7.6,导演: 杜尚·马卡维耶夫; 类型: 剧情; 地区: 南斯拉夫,"[Love Affair, or The Case of the Missing Switchboard Operator](https://www.imdb.com/title/tt0061912/)",Ljubavni slucaj ili tragedija sluzbenice P.T.T.,1967.0,7.3,"TV-MA | 70 min | Comedy, Drama, Romance"
85,eclipse,Eclipse Series 18, ,Innocence Unprotected,Dušan Makavejev,Yugoslavia,1968.0,[不受保护的无辜者 Nevinost bez zastite](https://movie.douban.com/subject/1304264/),1968,7.2,导演: 杜尚·马卡维耶夫; 类型: 纪录片; 地区: 南斯拉夫,[Innocence Unprotected](https://www.imdb.com/title/tt0063342/),Nevinost bez zastite,1968.0,7.1,"75 min | Documentary, Comedy, Drama"
86,eclipse,Eclipse Series 19,#,Eclipse Series 19: Chantal Akerman in the Seventies, , , ,**Eclipse Series 19: Chantal Akerman in the Seventies 70年代的香坦·阿克曼**, , , ,Eclipse Series 19: Chantal Akerman in the Seventies, , , , 
87,eclipse,Eclipse Series 19, ,La chambre,Chantal Akerman,United States,1972.0,[房间 La Chambre](https://movie.douban.com/subject/2237988/),1972,6.7,导演: 香特尔·阿克曼; 类型: 短片; 地区: 比利时,[La chambre](https://www.imdb.com/title/tt0068354/), ,1972.0,5.9,11 min | Short
88,eclipse,Eclipse Series 19, ,Hotel Monterey,Chantal Akerman,United States,1972.0,[蒙特利旅馆 Hôtel Monterey](https://movie.douban.com/subject/2237990/),1989,7.2,导演: 香特尔·阿克曼; 类型: 纪录片; 地区: 比利时/美国,[Hotel Monterey](https://www.imdb.com/title/tt0068725/),Hôtel Monterey,1973.0,6.2,65 min | Documentary
89,eclipse,Eclipse Series 19, ,News from Home,Chantal Akerman,France,1976.0,[家乡的消息 News from Home](https://movie.douban.com/subject/1902009/),1976,8.0,导演: 香特尔·阿克曼; 类型: 纪录片; 地区: 法国/比利时/西德,[News from Home](https://www.imdb.com/title/tt0076452/), ,1976.0,7.3,85 min | Documentary
90,eclipse,Eclipse Series 19, ,Je tu il elle,Chantal Akerman,Belgium,1975.0,"[我你他她 Je, tu, il, elle](https://movie.douban.com/subject/1429055/)",1974,7.8,导演: 香特尔·阿克曼; 类型: 剧情; 地区: 比利时/法国,"[I, You, He, She](https://www.imdb.com/title/tt0071690/)",Je tu il elle,1974.0,6.7,86 min | Drama
91,eclipse,Eclipse Series 19, ,Les rendez-vous d’Anna,Chantal Akerman,Belgium,1978.0,[安娜的旅程 Les Rendez-vous d'Anna](https://movie.douban.com/subject/1768481/),1978,8.1,导演: 香特尔·阿克曼; 类型: 剧情; 地区: 法国/比利时/西德,[The Meetings of Anna](https://www.imdb.com/title/tt0078152/),Les rendez-vous d'Anna,1978.0,7.3,128 min | Drama
92,eclipse,Eclipse Series 20,#,[Eclipse Series 20: George Bernard Shaw on Film](https://www.criterion.com/boxsets/696-eclipse-series-20-george-bernard-shaw-on-film), , , ,**Eclipse Series 20: George Bernard Shaw on Film 萧伯纳与电影**, , , ,Eclipse Series 20: George Bernard Shaw on Film, , , , 
93,eclipse,Eclipse Series 20, ,Major Barbara,Gabriel Pascal,United Kingdom,1941.0,[巴巴拉上校 Major Barbara](https://movie.douban.com/subject/2222373/),1941,6.2,导演: Gabriel Pascal; 类型: 喜剧; 地区: 英国,[Major Barbara](https://www.imdb.com/title/tt0033868/), ,1941.0,6.8,Approved | 121 min | Comedy
94,eclipse,Eclipse Series 20, ,Caesar and Cleopatra,Gabriel Pascal,United Kingdom,1945.0,[凯撒与克里奥佩特拉 Caesar and Cleopatra](https://movie.douban.com/subject/1298726/),1945,7.3,导演: 盖布里埃尔·帕斯卡; 类型: 剧情; 地区: 英国,[Caesar and Cleopatra](https://www.imdb.com/title/tt0038390/), ,1945.0,6.2,"Approved | 123 min | Biography, Comedy, Drama"
95,eclipse,Eclipse Series 20, ,Androcles and the Lion,Chester Erskine,United Kingdom,1952.0,[安德鲁克里斯和狮子 Androcles and the Lion](https://movie.douban.com/subject/2130093/),1952,6.2,导演: 切斯特·厄斯金; 类型: 喜剧; 地区: 美国,[Androcles and the Lion](https://www.imdb.com/title/tt0044355/), ,1952.0,6.0,"Approved | 98 min | Adventure, Comedy, Family"
96,eclipse,Eclipse Series 21,#,[Eclipse Series 21: Oshima’s Outlaw Sixties](https://www.criterion.com/boxsets/720-eclipse-series-21-oshimas-outlaw-sixties), , , ,**Eclipse Series 21: Oshimas Outlaw Sixties 大岛渚乱世六零年代**, , , ,Eclipse Series 21: Oshima’s Outlaw Sixties, , , , 
97,eclipse,Eclipse Series 21, ,Pleasures of the Flesh,Nagisa Oshima,Japan,1965.0,[喜悦 悦楽](https://movie.douban.com/subject/1820056/),1965,7.0,导演: 大岛渚; 类型: 剧情; 地区: 日本,[The Pleasures of the Flesh](https://www.imdb.com/title/tt0059159/),Etsuraku,1965.0,6.9,"104 min | Crime, Drama"
98,eclipse,Eclipse Series 21, ,Violence at Noon,Nagisa Oshima,Japan,1966.0,[白昼的恶魔 白昼の通り魔](https://movie.douban.com/subject/1295172/),1966,7.3,导演: 大岛渚; 类型: 剧情; 地区: 日本,[Violence at Noon](https://www.imdb.com/title/tt0060486/),Hakuchû no tôrima,1966.0,7.1,"99 min | Crime, Drama"
99,eclipse,Eclipse Series 21, ,Sing a Song of Sex,Nagisa Oshima,Japan,1967.0,[日本春歌考](https://movie.douban.com/subject/1301311/),1967,7.3,导演: 大岛渚; 类型: 剧情; 地区: 日本,[Sing a Song of Sex](https://www.imdb.com/title/tt0062042/),Nihon shunka-kô,1967.0,6.5,103 min | Drama
100,eclipse,Eclipse Series 21, ,Japanese Summer: Double Suicide,Nagisa Oshima,Japan,1967.0,[被迫情死的日本之夏 無理心中日本の夏](https://movie.douban.com/subject/1820071/),1967,6.7,导演: 大岛渚; 类型: 犯罪; 地区: 日本,[Double Suicide: Japanese Summer](https://www.imdb.com/title/tt0062009/),Muri shinjû: Nihon no natsu,1967.0,6.7,"98 min | Crime, Drama"
101,eclipse,Eclipse Series 21, ,Three Resurrected Drunkards,Nagisa Oshima,Japan,1968.0,[归来的醉鬼 帰って来たヨッパライ](https://movie.douban.com/subject/1308203/),1968,6.7,导演: 大岛渚; 类型: 喜剧; 地区: 日本,[Three Resurrected Drunkards](https://www.imdb.com/title/tt0063169/),Kaette kita yopparai,1968.0,6.4,"80 min | Action, Comedy"
102,eclipse,Eclipse Series 22,#,[Eclipse Series 22: Presenting Sacha Guitry](https://www.criterion.com/boxsets/736-eclipse-series-22-presenting-sacha-guitry), , , ,**Eclipse Series 22: Presenting Sacha Guitry 呈现萨卡·圭特瑞**, , , ,Eclipse Series 22: Presenting Sacha Guitry, , , , 
103,eclipse,Eclipse Series 22, ,The Story of a Cheat,Sacha Guitry,France,1936.0,[骗子的故事 Le roman d'un tricheur](https://movie.douban.com/subject/2342462/),1936,7.6,导演: 萨卡·圭特瑞; 类型: 喜剧; 地区: 法国,[The Story of a Cheat](https://www.imdb.com/title/tt0028201/),Le roman d'un tricheur,1936.0,7.6,81 min | Comedy
104,eclipse,Eclipse Series 22, ,The Pearls of the Crown,Sacha Guitry,France,1937.0,[皇冠上的珍珠 Les Perles de la couronne](https://movie.douban.com/subject/2243214/),1937,6.6,导演: 萨卡·圭特瑞; 类型: 喜剧; 地区: 法国,[The Pearls of the Crown](https://www.imdb.com/title/tt0029394/),Les perles de la couronne,1937.0,6.9,"105 min | Comedy, History"
105,eclipse,Eclipse Series 22, ,Désiré,Sacha Guitry,France,1937.0,[欲望 Désiré](https://movie.douban.com/subject/2355784/),1937,6.8,导演: 萨卡·圭特瑞; 类型: 喜剧; 地区: 法国,[Désiré](https://www.imdb.com/title/tt0150430/), ,1937.0,6.9,Not Rated | 92 min | Comedy
106,eclipse,Eclipse Series 22, ,Quadrille,Sacha Guitry,France,1938.0,[瓜德利尔舞 Quadrille](https://movie.douban.com/subject/4775855/),1938,6.0,导演: 萨卡·圭特瑞; 类型: 喜剧; 地区: 法国,[Quadrille](https://www.imdb.com/title/tt0030642/), ,1938.0,6.7,"95 min | Comedy, Romance"
107,eclipse,Eclipse Series 23,#,[Eclipse Series 23: The First Films of Akira Kurosawa](https://www.criterion.com/boxsets/743-eclipse-series-23-the-first-films-of-akira-kurosawa), , , ,**Eclipse Series 23: The First Films of Akira Kurosawa 早期黑泽明**, , , ,Eclipse Series 23: The First Films of Akira Kurosawa, , , , 
108,eclipse,Eclipse Series 23, ,Sanshiro Sugata,Akira Kurosawa,Japan,1943.0,[姿三四郎](https://movie.douban.com/subject/1300208/),1943,7.5,导演: 黑泽明; 类型: 剧情; 地区: 日本,[Sanshiro Sugata](https://www.imdb.com/title/tt0036400/),Sugata Sanshirô,1943.0,6.7,"Not Rated | 79 min | Action, Adventure, Drama"
109,eclipse,Eclipse Series 23, ,The Most Beautiful,Akira Kurosawa,Japan,1944.0,[最美 一番美しく](https://movie.douban.com/subject/1308301/),1944,5.4,导演: 黑泽明; 类型: 剧情; 地区: 日本,[The Most Beautiful](https://www.imdb.com/title/tt0036947/),Ichiban utsukushiku,1944.0,5.7,Not Rated | 85 min | Drama
110,eclipse,Eclipse Series 23, ,"Sanshiro Sugata, Part Two",Akira Kurosawa,Japan,1945.0,[姿三四郎续集 続姿三四郎](https://movie.douban.com/subject/1300985/),1945,6.6,导演: 黑泽明; 类型: 动作; 地区: 日本,"[Sanshiro Sugata, Part Two](https://www.imdb.com/title/tt0038268/)",Zoku Sugata Sanshirô,1945.0,6.0,"Not Rated | 83 min | Action, Adventure, Drama"
111,eclipse,Eclipse Series 23, ,The Men Who Tread on the Tiger’s Tail,Akira Kurosawa,Japan,1945.0,[踩虎尾的男人 虎の尾を踏む男達](https://movie.douban.com/subject/1293176/),1952,7.3,导演: 黑泽明; 类型: 剧情; 地区: 日本,[The Men Who Tread on the Tiger's Tail](https://www.imdb.com/title/tt0038182/),Tora no o wo fumu otokotachi,1945.0,6.7,"Not Rated | 59 min | Adventure, Drama, Thriller"
112,eclipse,Eclipse Series 24,#,[Eclipse Series 24: The Actuality Dramas of Allan King](https://www.criterion.com/boxsets/752-eclipse-series-24-the-actuality-dramas-of-allan-king), , , ,**Eclipse Series 24: The Actuality Dramas of Allan King 阿伦·金的真实戏剧**, , , ,Eclipse Series 24: The Actuality Dramas of Allan King, , , , 
113,eclipse,Eclipse Series 24, ,Warrendale,Allan King,Canada,1967.0,[沃伦代尔 Warrendale](https://movie.douban.com/subject/1896659/),1967,8.2,导演: 亚伦·金; 类型: 纪录片; 地区: 加拿大,[Warrendale](https://www.imdb.com/title/tt0062474/), ,1967.0,7.6,100 min | Documentary
114,eclipse,Eclipse Series 24, ,A Married Couple,Allan King,Canada,1969.0,[一对夫妇 A Married Couple](https://movie.douban.com/subject/3421302/),1969,7.5,导演: 亚伦·金; 类型: 纪录片; 地区: 加拿大,[A Married Couple](https://www.imdb.com/title/tt0064640/), ,1969.0,7.5,97 min | Documentary
115,eclipse,Eclipse Series 24, ,Come On Children,Allan King,Canada,1972.0,[来吧，孩子 Come On Children](https://movie.douban.com/subject/4899887/),1973, ,导演: Allan King; 类型: 纪录片; 地区: 加拿大,[Come on Children](https://www.imdb.com/title/tt0269104/), ,1973.0,6.8,96 min | Documentary
116,eclipse,Eclipse Series 24, ,Dying at Grace,Allan King,Canada,2003.0,[优雅中死去 Dying at Grace](https://movie.douban.com/subject/2117645/),2003,7.9,导演: 亚伦·金; 类型: 纪录片; 地区: 加拿大,[Dying at Grace](https://www.imdb.com/title/tt0379269/), ,2003.0,8.2,148 min | Documentary
117,eclipse,Eclipse Series 24, ,"Memory for Max, Claire, Ida and Company",Allan King,Canada,2005.0,"[怀念马克思、克莱尔、艾达和同伴 Memory for Max, Claire, Ida and Company](https://movie.douban.com/subject/4899888/)",2005, ,导演: Allan King; 类型: 纪录片; 地区: 加拿大,"[Memory for Max, Claire, Ida and Company](https://www.imdb.com/title/tt0478000/)", ,2005.0,7.6,112 min | Documentary
118,eclipse,Eclipse Series 25,#,[Eclipse Series 25: Basil Dearden’s London Underground](https://www.criterion.com/boxsets/776-eclipse-series-25-basil-deardens-london-underground), , , ,**Eclipse Series 25: Basil Dearden’s London Underground 巴兹尔·巴尔登的地下伦敦**, , , ,Eclipse Series 25: Basil Dearden’s London Underground, , , , 
119,eclipse,Eclipse Series 25, ,Sapphire,Basil Dearden,United Kingdom,1959.0,[艳尸凶案 Sapphire](https://movie.douban.com/subject/1304195/),1959,6.9,导演: 巴兹尔·迪尔登; 类型: 犯罪; 地区: 英国,[Sapphire](https://www.imdb.com/title/tt0053242/), ,1959.0,7.2,"Not Rated | 92 min | Crime, Drama, Mystery"
120,eclipse,Eclipse Series 25, ,The League of Gentlemen,Basil Dearden,United Kingdom,1960.0,[绅士联盟 The League of Gentlemen](https://movie.douban.com/subject/3105237/),1960,7.6,导演: 巴兹尔·迪尔登; 类型: 冒险; 地区: 英国,[The League of Gentlemen](https://www.imdb.com/title/tt0052997/), ,1960.0,7.2,"Unrated | 116 min | Comedy, Crime, Drama"
121,eclipse,Eclipse Series 25, ,Victim,Basil Dearden,United Kingdom,1961.0,[受害者 Victim](https://movie.douban.com/subject/1302493/),1961,8.2,导演: 巴兹尔·迪尔登; 类型: 剧情; 地区: 英国,[Victim](https://www.imdb.com/title/tt0055597/), ,1961.0,7.7,Not Rated | 100 min | Drama
122,eclipse,Eclipse Series 25, ,All Night Long,Basil Dearden,United Kingdom,1962.0,[一整夜 All Night Long](https://movie.douban.com/subject/3715082/),1962,7.6,导演: 巴兹尔·迪尔登; 类型: 剧情; 地区: 英国,[All Night Long](https://www.imdb.com/title/tt0054614/), ,1962.0,7.0,"Not Rated | 91 min | Drama, Music"
123,eclipse,Eclipse Series 26,#,[Eclipse Series 26: Silent Naruse](https://www.criterion.com/boxsets/789-eclipse-series-26-silent-naruse), , , ,**Eclipse Series 26: Silent Naruse 成濑巳喜男默片**, , , ,Eclipse Series 26: Silent Naruse, , , , 
124,eclipse,Eclipse Series 26, ,"Flunky, Work Hard",Mikio Naruse,Japan,1931.0,[小人物，加油吧！ 腰辨頑張れ](https://movie.douban.com/subject/1467040/),1931,8.2,导演: 成濑巳喜男; 类型: 短片; 地区: 日本,"[Flunky, Work Hard!](https://www.imdb.com/title/tt0022036/)",Koshiben ganbare,1931.0,6.7,"29 min | Short, Comedy, Drama"
125,eclipse,Eclipse Series 26, ,No Blood Relation,Mikio Naruse,Japan,1932.0,[不是血亲 生さぬ仲](https://movie.douban.com/subject/4007086/),1932,7.6,导演: 成濑巳喜男; 类型: 剧情; 地区: 日本,[No Blood Relation](https://www.imdb.com/title/tt0023261/),Nasanu naka,1932.0,6.9,79 min | Drama
126,eclipse,Eclipse Series 26, ,Apart from You,Mikio Naruse,Japan,1933.0,[与君别 君と別れて](https://movie.douban.com/subject/3450802/),1933,7.3,导演: 成瀬巳喜男; 类型: 剧情; 地区: 日本,[Apart from You](https://www.imdb.com/title/tt0024214/),Kimi to wakarete,1933.0,7.1,64 min | Drama
127,eclipse,Eclipse Series 26, ,Every-Night Dreams,Mikio Naruse,Japan,1933.0,[夜夜作梦 夜ごとの夢](https://movie.douban.com/subject/1467039/),1933,7.7,导演: 成濑巳喜男; 类型: 剧情; 地区: 日本,[Every-Night Dreams](https://www.imdb.com/title/tt0024793/),Yogoto no yume,1933.0,7.1,64 min | Drama
128,eclipse,Eclipse Series 26, ,Street Without End,Mikio Naruse,Japan,1934.0,[没有尽头的街 限りなき舗道](https://movie.douban.com/subject/1467034/),1934,7.7,导演: 成濑巳喜男; 类型: 剧情; 地区: 日本,[Street Without End](https://www.imdb.com/title/tt0025338/),Kagirinaki hodô,1934.0,6.9,89 min | Drama
129,eclipse,Eclipse Series 27,#,[Eclipse Series 27: Raffaello Matarazzo’s Runaway Melodramas](https://www.criterion.com/boxsets/808-eclipse-series-27-raffaello-matarazzos-runaway-melodramas), , , ,**Eclipse Series 27: Raffaello Matarazzo's Runaway Melodramas 拉法洛·马塔拉佐的情景剧**, , , ,Eclipse Series 27: Raffaello Matarazzo’s Runaway Melodramas, , , , 
130,eclipse,Eclipse Series 27, ,Chains,Raffaello Matarazzo,Italy,1949.0,[枷锁 Catene](https://movie.douban.com/subject/2147875/),1949,6.5,导演: 拉法洛·马塔拉佐; 类型: 犯罪; 地区: 意大利,[Chains](https://www.imdb.com/title/tt0041232/),Catene,1949.0,6.7,"74 min | Crime, Drama"
131,eclipse,Eclipse Series 27, ,Tormento,Raffaello Matarazzo,Italy,1950.0,[酷刑 Tormento](https://movie.douban.com/subject/6023580/),1950, ,导演: 拉法洛·马塔拉佐; 地区: 意大利,[Tormento](https://www.imdb.com/title/tt0046447/), ,1950.0,6.4,87 min | Drama
132,eclipse,Eclipse Series 27, ,Nobody’s Children,Raffaello Matarazzo,Italy,1952.0,[来历不明的孩子 I figli di nessuno](https://movie.douban.com/subject/5065818/),1952, ,导演: 拉法洛·马塔拉佐; 类型: 剧情; 地区: 法国/意大利,[Nobody's Children](https://www.imdb.com/title/tt0043532/),I figli di nessuno,1951.0,6.5,"102 min | Drama, Romance"
133,eclipse,Eclipse Series 27, ,The White Angel,Raffaello Matarazzo,Italy,1955.0,[白天使 L'angelo bianco](https://movie.douban.com/subject/6023582/),1955, ,导演: 拉法洛·马塔拉佐; 类型: 剧情; 地区: 意大利,[The White Angel](https://www.imdb.com/title/tt0047832/),L'angelo bianco,1955.0,6.5,100 min | Drama
134,eclipse,Eclipse Series 28,#,[Eclipse Series 28: The Warped World of Koreyoshi Kurahara](https://www.criterion.com/boxsets/825-eclipse-series-28-the-warped-world-of-koreyoshi-kurahara), , , ,**Eclipse Series 28: The Warped World of Koreyoshi Kurahara 藏原惟缮的狂热世界**, , , ,Eclipse Series 28: The Warped World of Koreyoshi Kurahara, , , , 
135,eclipse,Eclipse Series 28, ,Intimidation,Koreyoshi Kurahara,Japan,1960.0,[恐吓 ある脅迫](https://movie.douban.com/subject/6402255/),1960,7.1,导演: 藏原惟缮; 类型: 剧情; 地区: 日本,[Intimidation](https://www.imdb.com/title/tt2017464/),Aru kyôhaku,1960.0,7.2,"65 min | Crime, Drama, Thriller"
136,eclipse,Eclipse Series 28, ,The Warped Ones,Koreyoshi Kurahara,Japan,1960.0,[狂热的季节 狂熱の季節](https://movie.douban.com/subject/3431178/),1960,7.6,导演: 藏原惟缮; 类型: 剧情; 地区: 日本,[The Warped Ones](https://www.imdb.com/title/tt0057238/),Kyônetsu no kisetsu,1960.0,6.9,"Not Rated | 75 min | Crime, Drama"
137,eclipse,Eclipse Series 28, ,I Hate But Love,Koreyoshi Kurahara,Japan,1962.0,[该死的可恶 憎いあンちくしょう](https://movie.douban.com/subject/6397691/),1962,6.7,导演: 藏原惟缮; 类型: 爱情; 地区: 日本,[I Hate But Love](https://www.imdb.com/title/tt0360839/),Nikui an-chikushô,1962.0,6.7,"106 min | Drama, Romance"
138,eclipse,Eclipse Series 28, ,Black Sun,Koreyoshi Kurahara,Japan,1964.0,[黑色太阳 黒い太陽](https://movie.douban.com/subject/5956232/),1964,6.9,导演: 藏原惟缮; 类型: 剧情; 地区: 日本,[Black Sun](https://www.imdb.com/title/tt0781599/),Kuroi taiyô,1964.0,6.7,"Not Rated | 95 min | Crime, Music, Thriller"
139,eclipse,Eclipse Series 28, ,Thirst for Love,Koreyoshi Kurahara,Japan,1967.0,[爱的饥渴 愛の渇き](https://movie.douban.com/subject/3536264/),1966,7.3,导演: 蔵原惟繕; 类型: 剧情; 地区: 日本,[Thirst for Love](https://www.imdb.com/title/tt0060082/),Ai no kawaki,1966.0,7.3,98 min | Drama
140,eclipse,Eclipse Series 29,#,[Eclipse Series 29: Aki Kaurismäki’s Leningrad Cowboys](https://www.criterion.com/boxsets/835-eclipse-series-29-aki-kaurismkis-leningrad-cowboys), , , ,**Eclipse Series 29: Aki Kaurismäki's Leningrad Cowboys 阿基考利马斯基的列宁格勒牛仔**, , , ,Eclipse Series 29: Aki Kaurismäki’s Leningrad Cowboys, , , , 
141,eclipse,Eclipse Series 29, ,Leningrad Cowboys Go America,Aki Kaurismäki,Finland,1989.0,[列宁格勒牛仔征美记 Leningrad Cowboys Go America](https://movie.douban.com/subject/1316560/),1989,8.4,导演: 阿基·考里斯马基; 类型: 喜剧; 地区: 芬兰/瑞典,[Leningrad Cowboys Go America](https://www.imdb.com/title/tt0097728/), ,1989.0,7.0,"PG-13 | 79 min | Comedy, Music"
142,eclipse,Eclipse Series 29, ,Leningrad Cowboys Meet Moses,Aki Kaurismäki,Finland,1994.0,[列宁格勒牛仔搭摩西 Leningrad Cowboys Meet Moses](https://movie.douban.com/subject/1401896/),1994,7.0,导演: 阿基·考里斯马基; 类型: 喜剧; 地区: 芬兰/德国/法国,[Leningrad Cowboys Meet Moses](https://www.imdb.com/title/tt0107384/), ,1994.0,5.6,"Not Rated | 94 min | Adventure, Comedy, Music"
143,eclipse,Eclipse Series 29, ,Total Balalaika Show,Aki Kaurismäki,Finland,1994.0,[牛仔撞红军超级演唱会 Total Balalaika Show](https://movie.douban.com/subject/1408104/),1994,8.6,导演: 阿基·考里斯马基; 类型: 喜剧; 地区: 芬兰,[Total Balalaika Show](https://www.imdb.com/title/tt0111460/), ,1994.0,6.9,"Not Rated | 57 min | Documentary, Comedy, Music"
144,eclipse,Eclipse Series 30,#,[Eclipse Series 30: Sabu!](https://www.criterion.com/boxsets/847-eclipse-series-30-sabu), , , ,**Eclipse Series 30: Sabu! 印度童星Sabu**, , , ,Eclipse Series 30: Sabu!, , , , 
145,eclipse,Eclipse Series 30, ,Elephant Boy,Robert Flaherty and Zoltán Korda,United Kingdom,1937.0,[象童 Elephant Boy](https://movie.douban.com/subject/1303192/),1937, ,导演: 罗伯特 J. 佛拉哈迪 (Robert J. Flaherty); 类型: 冒险; 地区: 英国,[Elephant Boy](https://www.imdb.com/title/tt0028827/), ,1937.0,6.4,"Approved | 80 min | Adventure, Drama, Family"
146,eclipse,Eclipse Series 30, ,The Drum,Zoltán Korda,United Kingdom,1938.0,[金鼓雷鸣 The Drum](https://movie.douban.com/subject/1299240/),1938, ,导演: 佐尔坦·科达; 类型: 冒险; 地区: 英国,[The Drum](https://www.imdb.com/title/tt0030082/), ,1938.0,6.3,"Not Rated | 104 min | Adventure, War"
147,eclipse,Eclipse Series 30, ,Jungle Book,Zoltán Korda,United Kingdom,1942.0,[森林王子 Jungle Book](https://movie.douban.com/subject/1293032/),1942,7.7,导演: 佐尔坦·科达; 类型: 动作; 地区: 美国,[The Jungle Book](https://www.imdb.com/title/tt0034928/),Jungle Book,1942.0,6.7,"Approved | 108 min | Action, Adventure, Family"
148,eclipse,Eclipse Series 31,#,[Eclipse Series 31: Three Popular Films by Jean-Pierre Gorin](https://www.criterion.com/boxsets/855-eclipse-series-31-three-popular-films-by-jean-pierre-gorin), , , ,**Eclipse Series 31: Three Popular Films by Jean-Pierre Gorin 让-皮埃尔·高兰佳作三部**, , , ,Eclipse Series 31: Three Popular Films by Jean-Pierre Gorin, , , , 
149,eclipse,Eclipse Series 31, ,Poto and Cabengo,Jean-Pierre Gorin,United States,1980.0,[神秘姐妹 Poto and Cabengo](https://movie.douban.com/subject/2241935/),1979, ,导演: 让-皮埃尔·戈兰; 类型: 纪录片; 地区: 美国/西德,[Poto and Cabengo](https://www.imdb.com/title/tt0196866/), ,1979.0,7.1,Not Rated | 77 min | Documentary
150,eclipse,Eclipse Series 31, ,Routine Pleasures,Jean-Pierre Gorin,United States,1986.0,[寻常快乐 Routine Pleasures](https://movie.douban.com/subject/2241937/),1986, ,导演: 让-皮埃尔·戈兰; 类型: 纪录片; 地区: 西德/法国/英国/美国,[Routine Pleasures](https://www.imdb.com/title/tt0274069/), ,1986.0,6.8,Not Rated | 81 min | Documentary
151,eclipse,Eclipse Series 31, ,My Crasy Life,Jean-Pierre Gorin,United States,1992.0,[我的街头生活 My Crasy Life](https://movie.douban.com/subject/2241944/),1992, ,导演: 让-皮埃尔·戈兰; 类型: 纪录片; 地区: 英国/美国,[My Crasy Life](https://www.imdb.com/title/tt0104953/), ,1992.0,6.9,Not Rated | 95 min | Documentary
152,eclipse,Eclipse Series 32,#,[Eclipse Series 32: Pearls of the Czech New Wave](https://www.criterion.com/boxsets/870-eclipse-series-32-pearls-of-the-czech-new-wave), , , ,**Eclipse Series 32: Pearls of the Czech New Wave 捷克新浪潮遗珠**, , , ,Eclipse Series 32: Pearls of the Czech New Wave, , , , 
153,eclipse,Eclipse Series 32, ,Pearls of the Deep,"Jiří Menzel, Věra Chytilová, Jaromil Jireš, Jan Němec, and Evald Schorm",Czechoslovakia,1966.0,[底层的珍珠 Perličky na dně](https://movie.douban.com/subject/1437427/),1965,7.4,导演: 维拉·希蒂洛娃; 类型: 喜剧; 地区: 捷克斯洛伐克,[Pearls of the Deep](https://www.imdb.com/title/tt0059581/),Perlicky na dne,1965.0,6.5,"107 min | Comedy, Drama"
154,eclipse,Eclipse Series 32,Spine #1157,Daisies,Věra Chytilová,Czechoslovakia,1966.0,[雏菊 Sedmikrásky](https://movie.douban.com/subject/1296500/),1966,8.5,导演: 维拉·希蒂洛娃; 类型: 喜剧; 地区: 捷克斯洛伐克,[Daisies](https://www.imdb.com/title/tt0060959/),Sedmikrásky,1966.0,7.3,Not Rated | 75 min | Comedy
155,eclipse,Eclipse Series 32, ,A Report on the Party and Guests,Jan Němec,Czechoslovakia,1966.0,[一个都不能走 O slavnosti a hostech](https://movie.douban.com/subject/1306846/),1966,7.3,导演: 杨·涅梅茨; 类型: 剧情; 地区: 捷克斯洛伐克,[A Report on the Party and Guests](https://www.imdb.com/title/tt0063371/),O slavnosti a hostech,1966.0,7.1,"71 min | Comedy, Drama"
156,eclipse,Eclipse Series 32, ,Return of the Prodigal Son,Evald Schorm,Czechoslovakia,1967.0,[浪子回头 Návrat ztraceného syna](https://movie.douban.com/subject/1960254/),1967,6.9,导演: 埃瓦尔德·朔尔姆; 类型: 剧情; 地区: 捷克斯洛伐克,[Return of the Prodigal Son](https://www.imdb.com/title/tt0060770/),Návrat ztraceného syna,1967.0,6.5,103 min | Drama
157,eclipse,Eclipse Series 32, ,Capricious Summer,Jiří Menzel,Czechoslovakia,1968.0,[反复无常的夏天 Rozmarné léto](https://movie.douban.com/subject/1300884/),1968,7.6,导演: 伊日·门泽尔; 类型: 喜剧; 地区: 捷克斯洛伐克,[Capricious Summer](https://www.imdb.com/title/tt0063527/),Rozmarné léto,1968.0,6.9,Unrated | 74 min | Comedy
158,eclipse,Eclipse Series 32, ,The Joke,Jaromil Jireš,Czechoslovakia,1969.0,[玩笑 Žert](https://movie.douban.com/subject/1444538/),1969,7.7,导演: 亚罗米尔·伊雷什; 类型: 剧情; 地区: 捷克斯洛伐克,[The Joke](https://www.imdb.com/title/tt0065241/),Zert,1969.0,7.1,80 min | Drama
159,eclipse,Eclipse Series 33,#,[Eclipse Series 33: Up All Night with Robert Downey Sr.](https://www.criterion.com/boxsets/887-eclipse-series-33-up-all-night-with-robert-downey-sr), , , ,**Eclipse Series 33: Up All Night with Robert Downey Sr. 与老罗伯特·唐尼的不羁夜**, , , ,Eclipse Series 33: Up All Night with Robert Downey Sr., , , , 
160,eclipse,Eclipse Series 33, ,Babo 73,Robert Downey Sr.,United States,1964.0,[巴宝73 Babo 73](https://movie.douban.com/subject/10509763/),1964, ,导演: Robert Downey Sr; 类型: 喜剧; 地区: 美国,[Babo 73](https://www.imdb.com/title/tt0138311/), ,1964.0,5.3,57 min | Comedy
161,eclipse,Eclipse Series 33, ,Chafed Elbows,Robert Downey Sr.,United States,1966.0,[暴躁之肘 Chafed Elbows](https://movie.douban.com/subject/3189742/),1967, ,导演: Robert Downey Sr.; 类型: 喜剧; 地区: 美国,[Chafed Elbows](https://www.imdb.com/title/tt0138355/), ,1966.0,6.3,63 min | Comedy
162,eclipse,Eclipse Series 33, ,No More Excuses,Robert Downey Sr.,United States,1968.0,[没有借口 No More Excuses](https://movie.douban.com/subject/10509860/),1968, ,导演: 罗伯特·唐尼; 类型: 喜剧; 地区: 美国,[No More Excuses](https://www.imdb.com/title/tt0251300/), ,1968.0,6.2,62 min | Comedy
163,eclipse,Eclipse Series 33, ,Putney Swope,Robert Downey Sr.,United States,1969.0,[帕特尼·斯沃普 Putney Swope](https://movie.douban.com/subject/3021032/),1969, ,导演: 罗伯特·唐尼; 类型: 喜剧; 地区: 美国,[Putney Swope](https://www.imdb.com/title/tt0064855/), ,1969.0,6.8,R | 84 min | Comedy
164,eclipse,Eclipse Series 33, ,Two Tons of Turquoise to Taos Tonight,Robert Downey Sr.,United States,1975.0,[时时刻刻 Moment to Moment](https://movie.douban.com/subject/5224825/),1975, ,导演: 罗伯特·唐尼; 类型: 喜剧; 地区: 美国,[Two Tons of Turquoise to Taos Tonight](https://www.imdb.com/title/tt0427550/),Moment to Moment,1975.0,5.6,85 min | Comedy
165,eclipse,Eclipse Series 34,#,[Eclipse Series 34: Jean Grémillon During the Occupation](https://www.criterion.com/boxsets/897-eclipse-series-34-jean-grmillon-during-the-occupation), , , ,**Eclipse Series 34: Jean Grémillon During the Occupation 抵抗运动中的让·格莱米永**, , , ,Eclipse Series 34: Jean Grémillon During the Occupation, , , , 
166,eclipse,Eclipse Series 34, ,Remorques,Jean Grémillon,France,1941.0,[拖船 Remorques](https://movie.douban.com/subject/2568105/),1941,7.0,导演: 让·格莱米永; 类型: 动作; 地区: 法国,[Remorques](https://www.imdb.com/title/tt0034093/), ,1941.0,7.2,"91 min | Action, Drama, Romance"
167,eclipse,Eclipse Series 34, ,Lumière d’été,Jean Grémillon,France,1943.0,[夏日时光 Lumière d'été](https://movie.douban.com/subject/2251005/),1943,7.2,导演: 让·格莱米永; 类型: 剧情; 地区: 法国,[Lumière d'été](https://www.imdb.com/title/tt0035001/), ,1943.0,6.9,112 min | Drama
168,eclipse,Eclipse Series 34, ,Le ciel est à vous,Jean Grémillon,France,1944.0,[天空属于你们 Le ciel est à vous](https://movie.douban.com/subject/2251012/),1944,7.0,导演: 让·格莱米永; 类型: 剧情; 地区: 法国,[The Woman Who Dared](https://www.imdb.com/title/tt0035737/),Le ciel est à vous,1944.0,7.2,105 min | Drama
169,eclipse,Eclipse Series 35,#,[Eclipse Series 35: Maidstone and Other Films by Norman Mailer](https://www.criterion.com/boxsets/907-eclipse-series-35-i-maidstone-i-and-other-films-by-norman-mailer), , , ,**Eclipse Series 35: Maidstone and Other Films by Norman Mailer 诺曼·梅勒电影作品集**, , , ,Eclipse Series 35: Maidstone and Other Films by Norman Mailer, , , , 
170,eclipse,Eclipse Series 35, ,Maidstone,Norman Mailer,United States,1970.0,[梅德斯通 Maidstone](https://movie.douban.com/subject/4730371/),1970, ,导演: 诺曼·梅勒; 类型: 剧情; 地区: 美国,[Maidstone](https://www.imdb.com/title/tt0064625/), ,1970.0,4.7,110 min | Drama
171,eclipse,Eclipse Series 35, ,Wild 90,Norman Mailer,United States,1968.0,[狂野90 Wild 90](https://movie.douban.com/subject/5057084/),1968, ,导演: 诺曼·梅勒; 类型: 犯罪; 地区: 美国,[Wild 90](https://www.imdb.com/title/tt0062492/), ,1968.0,3.5,"90 min | Comedy, Crime, Drama"
172,eclipse,Eclipse Series 35, ,Beyond the Law,Norman Mailer,United States,1968.0,[法律之上 Beyond the Law](https://movie.douban.com/subject/5097677/),1968, ,导演: 诺曼·梅勒; 类型: 喜剧; 地区: 美国,[Beyond the Law](https://www.imdb.com/title/tt0169606/), ,1968.0,4.4,"110 min | Comedy, Crime, Drama"
173,eclipse,Eclipse Series 36,#,[Eclipse Series 36: Three Wicked Melodramas from Gainsborough Pictures](https://www.criterion.com/boxsets/921-eclipse-series-36-three-wicked-melodramas-from-gainsborough-pictures), , , ,**Eclipse Series 36: Three Wicked Melodramas from Gainsborough Pictures Gainsborough影业的离奇三篇**, , , ,Eclipse Series 36: Three Wicked Melodramas from Gainsborough Pictures, , , , 
174,eclipse,Eclipse Series 36, ,The Man in Grey,Leslie Arliss,United Kingdom,1943.0,[凤楼魂断 The Man in Grey](https://movie.douban.com/subject/3121450/),1943,6.2,导演: 莱斯利·阿利斯; 类型: 剧情; 地区: 英国,[The Man in Grey](https://www.imdb.com/title/tt0036135/), ,1943.0,6.5,"Approved | 90 min | Drama, History, Romance"
175,eclipse,Eclipse Series 36, ,Madonna of the Seven Moons,Arthur Crabtree,United Kingdom,1945.0,[残月离魂记 Madonna of the Seven Moons](https://movie.douban.com/subject/1305354/),1945,6.6,导演: Arthur Crabtree; 类型: 剧情; 地区: 英国,[Madonna of the Seven Moons](https://www.imdb.com/title/tt0037035/), ,1945.0,6.2,"Not Rated | 88 min | Drama, Mystery"
176,eclipse,Eclipse Series 36, ,The Wicked Lady,Leslie Arliss,United Kingdom,1945.0,[地狱圣女 The Wicked Lady](https://movie.douban.com/subject/3158471/),1945,6.3,导演: 莱斯利·阿利斯; 类型: 冒险; 地区: 英国,[The Wicked Lady](https://www.imdb.com/title/tt0038250/), ,1945.0,6.8,"Not Rated | 97 min | Adventure, Drama"
177,eclipse,Eclipse Series 37,#,[Eclipse Series 37: When Horror Came to Shochiku](https://www.criterion.com/boxsets/928-eclipse-series-37-when-horror-came-to-shochiku), , , ,**Eclipse Series 37: When Horror Came to Shochiku 松竹怪奇映画**, , , ,Eclipse Series 37: When Horror Came to Shochiku, , , , 
178,eclipse,Eclipse Series 37, ,The X from Outer Space,Kazui Nihonmatsu,Japan,1967.0,[宇宙大怪兽基拉拉 宇宙大怪獣ギララ](https://movie.douban.com/subject/2270199/),1967,5.3,导演: 二本松嘉瑞; 类型: 恐怖; 地区: 日本,[The X from Outer Space](https://www.imdb.com/title/tt0062411/),Uchû daikaijû Girara,1967.0,4.8,"PG | 89 min | Horror, Sci-Fi"
179,eclipse,Eclipse Series 37, ,"Goke, Body Snatcher from Hell",Hajime Sato,Japan,1968.0,[地狱盗尸者 吸血鬼ゴケミドロ](https://movie.douban.com/subject/3130038/),1968,5.7,导演: 佐藤肇; 类型: 恐怖; 地区: 日本,"[Goke, Body Snatcher from Hell](https://www.imdb.com/title/tt0063206/)",Kyuketsuki Gokemidoro,1968.0,6.1,"PG | 84 min | Horror, Sci-Fi"
180,eclipse,Eclipse Series 37, ,The Living Skeleton,Hiroshi Matsuno,Japan,1968.0,[吸血骷髅船 吸血髑髏船](https://movie.douban.com/subject/1820157/),1968,6.9,导演: 松野宏軌; 类型: 恐怖; 地区: 日本,[The Living Skeleton](https://www.imdb.com/title/tt0203635/),Kyûketsu dokuro-sen,1968.0,6.3,80 min | Horror
181,eclipse,Eclipse Series 37, ,Genocide,Kazui Nihonmatsu,Japan,1968.0,[昆虫大战争 昆虫大戦争](https://movie.douban.com/subject/3908376/),1968,5.4,导演: 二本松嘉瑞; 类型: 恐怖; 地区: 日本,[Genocide](https://www.imdb.com/title/tt0063195/),Konchû daisensô,1968.0,4.8,"Approved | 84 min | Horror, Sci-Fi"
182,eclipse,Eclipse Series 38,#,[Eclipse Series 38: Masaki Kobayashi Against the System](https://www.criterion.com/boxsets/952-eclipse-series-38-masaki-kobayashi-against-the-system), , , ,**Eclipse Series 38: Masaki Kobayashi Against the System 反体制的小林正树**, , , ,Eclipse Series 38: Masaki Kobayashi Against the System, , , , 
183,eclipse,Eclipse Series 38, ,The Thick-Walled Room,Masaki Kobayashi,Japan,1956.0,[厚壁房间 壁あつき部屋](https://movie.douban.com/subject/1851500/),1956,7.5,导演: 小林正树; 类型: 剧情; 地区: 日本,[The Thick-Walled Room](https://www.imdb.com/title/tt0134756/),Kabe atsuki heya,1956.0,7.1,110 min | Drama
184,eclipse,Eclipse Series 38, ,I Will Buy You,Masaki Kobayashi,Japan,1956.0,[我要买你 あなた買います](https://movie.douban.com/subject/4145621/),1956,7.0,导演: 小林正树; 类型: 剧情; 地区: 日本,[I Will Buy You](https://www.imdb.com/title/tt0134286/),Anata kaimasu,1956.0,6.9,"Not Rated | 111 min | Drama, Sport"
185,eclipse,Eclipse Series 38, ,Black River,Masaki Kobayashi,Japan,1956.0,[黑河 黒い河](https://movie.douban.com/subject/2269212/),1957,7.2,导演: 小林正树; 类型: 剧情; 地区: 日本,[Black River](https://www.imdb.com/title/tt0134771/),Kuroi kawa,1957.0,7.2,"114 min | Action, Crime, Drama"
186,eclipse,Eclipse Series 38, ,The Inheritance,Masaki Kobayashi,Japan,1962.0,[遗产 からみ合い](https://movie.douban.com/subject/1308647/),1962,7.6,导演: 小林正树; 类型: 剧情; 地区: 日本,[The Inheritance](https://www.imdb.com/title/tt0056135/),Karami-ai,1962.0,7.4,107 min | Drama
187,eclipse,Eclipse Series 39,#,[Eclipse Series 39: Early Fassbinder](https://www.criterion.com/boxsets/978-eclipse-series-39-early-fassbinder), , , ,**Eclipse Series 39: Early Fassbinder 早期法斯宾德**, , , ,Eclipse Series 39: Early Fassbinder, , , , 
188,eclipse,Eclipse Series 39, ,Love Is Colder Than Death,Rainer Werner Fassbinder,Germany,1969.0,[爱比死更冷 Liebe ist kälter als der Tod](https://movie.douban.com/subject/1307684/),1969,7.2,导演: 赖纳·维尔纳·法斯宾德; 类型: 喜剧; 地区: 西德,[Love Is Colder Than Death](https://www.imdb.com/title/tt0064588/),Liebe ist kälter als der Tod,1969.0,6.5,"Not Rated | 88 min | Comedy, Crime"
189,eclipse,Eclipse Series 39, ,Katzelmacher,Rainer Werner Fassbinder,Germany,1969.0,[卡策马赫尔 Katzelmacher](https://movie.douban.com/subject/1304885/),1969,7.5,导演: 赖纳·维尔纳·法斯宾德; 类型: 剧情; 地区: 西德,[Katzelmacher](https://www.imdb.com/title/tt0064536/), ,1969.0,6.9,Not Rated | 88 min | Drama
190,eclipse,Eclipse Series 39, ,Gods of the Plague,Rainer Werner Fassbinder,Germany,1969.0,[瘟疯之神 Götter der Pest](https://movie.douban.com/subject/1298089/),1970,7.0,导演: 赖纳·维尔纳·法斯宾德; 类型: 犯罪; 地区: 西德,[Gods of the Plague](https://www.imdb.com/title/tt0065808/),Götter der Pest,1970.0,6.4,"91 min | Crime, Drama"
191,eclipse,Eclipse Series 39, ,The American Soldier,Rainer Werner Fassbinder,Germany,1970.0,[美国大兵 Der amerikanische Soldat](https://movie.douban.com/subject/1469578/),1970,7.1,导演: 赖纳·维尔纳·法斯宾德; 类型: 剧情; 地区: 西德,[The American Soldier](https://www.imdb.com/title/tt0065391/),Der amerikanische Soldat,1970.0,6.5,80 min | Drama
192,eclipse,Eclipse Series 39, ,Beware of a Holy Whore,Rainer Werner Fassbinder,Germany,1970.0,[当心圣妓 Warnung vor einer heiligen Nutte](https://movie.douban.com/subject/1432257/),1971,7.1,导演: 赖纳·维尔纳·法斯宾德; 类型: 喜剧; 地区: 西德,[Beware of a Holy Whore](https://www.imdb.com/title/tt0067962/),Warnung vor einer heiligen Nutte,1971.0,6.6,"Not Rated | 103 min | Comedy, Drama"
193,eclipse,Eclipse Series 40,#,[Eclipse Series 40: Late Ray](https://www.criterion.com/boxsets/1027-eclipse-series-40-late-ray), , , ,**Eclipse Series 40: Late Ray 萨雅吉·雷伊晚期作品**, , , ,Eclipse Series 40: Late Ray, , , , 
194,eclipse,Eclipse Series 40, ,The Home and the World,Satyajit Ray,India,1984.0,[家与世界 Ghare-Baire](https://movie.douban.com/subject/1466138/),1984,7.5,导演: 萨蒂亚吉特·雷伊; 类型: 剧情; 地区: 印度,[The Home and the World](https://www.imdb.com/title/tt0087328/),Ghare-Baire,1984.0,7.5,Not Rated | 140 min | Drama
195,eclipse,Eclipse Series 40, ,An Enemy of the People,Satyajit Ray,India,1989.0,[人民公敌 গণশত্রু](https://movie.douban.com/subject/1466140/),1989, ,导演: 萨蒂亚吉特·雷伊; 类型: 剧情; 地区: 印度,[An Enemy of the People](https://www.imdb.com/title/tt0097409/),Ganashatru,1989.0,7.3,Not Rated | 99 min | Drama
196,eclipse,Eclipse Series 40, ,The Stranger,Satyajit Ray,India,1991.0,[不速之客 Agantuk](https://movie.douban.com/subject/1303582/),1991, ,导演: 萨蒂亚吉特·雷伊; 类型: 剧情; 地区: 法国/印度,[The Stranger](https://www.imdb.com/title/tt0101279/),Agantuk,1991.0,8.0,Not Rated | 97 min | Drama
197,eclipse,Eclipse Series 41,#,[Eclipse Series 41: Kinoshita and World War II](https://www.criterion.com/boxsets/1083-eclipse-series-41-kinoshita-and-world-war-ii), , , ,**Eclipse Series 41: Kinoshita and World War II 木下惠介二战作品**, , , ,Eclipse Series 41: Kinoshita and World War II, , , , 
198,eclipse,Eclipse Series 41, ,Port of Flowers,Keisuke Kinoshita,Japan,1943.0,[热闹的港口 花咲く港](https://movie.douban.com/subject/1768327/),1943,8.1,导演: 木下惠介; 类型: 剧情; 地区: 日本,[Port of Flowers](https://www.imdb.com/title/tt0035964/),Hana saku minato,1943.0,6.5,"Not Rated | 82 min | Comedy, Drama"
199,eclipse,Eclipse Series 41, ,The Living Magoroku,Keisuke Kinoshita,Japan,1943.0,[活着的孙六家族 生きてゐる孫六](https://movie.douban.com/subject/1959039/),1943, ,导演: 木下惠介; 类型: 剧情; 地区: 日本,[The Living Magoroku](https://www.imdb.com/title/tt0036034/),Ikite iru Magoroku,1943.0,6.0,Not Rated | 89 min | Drama
200,eclipse,Eclipse Series 41, ,Jubilation Street,Keisuke Kinoshita,Japan,1944.0,[欢庆的街道 歓呼の町](https://movie.douban.com/subject/2134398/),1944, ,导演: 木下惠介; 类型: 剧情; 地区: 日本,[Jubilation Street](https://www.imdb.com/title/tt0036977/),Kanko no machi,1944.0,6.3,"Not Rated | 73 min | Drama, War"
201,eclipse,Eclipse Series 41, ,Army,Keisuke Kinoshita,Japan,1944.0,[陆军 陸軍](https://movie.douban.com/subject/1770478/),1944,7.3,导演: 木下惠介; 类型: 剧情; 地区: 日本,[Army](https://www.imdb.com/title/tt0037227/),Rikugun,1944.0,6.5,"Not Rated | 87 min | Drama, War"
202,eclipse,Eclipse Series 41, ,Morning for the Osone Family,Keisuke Kinoshita,Japan,1946.0,[大曾根家的早晨 大曽根家の朝](https://movie.douban.com/subject/1467626/),1946,6.2,导演: 木下惠介; 类型: 剧情; 地区: 日本,[Morning for the Osone Family](https://www.imdb.com/title/tt0038810/),Ôsone-ke no ashita,1946.0,6.9,Not Rated | 81 min | Drama
203,eclipse,Eclipse Series 42,#,[Eclipse Series 42: Silent Ozu—Three Crime Dramas](https://www.criterion.com/boxsets/1104-eclipse-series-42-silent-ozuthree-crime-dramas), , , ,**Eclipse Series 42: Silent Ozu—Three Crime Dramas 寂静小津——三部犯罪剧**, , , ,Eclipse Series 42: Silent Ozu—Three Crime Dramas, , , , 
204,eclipse,Eclipse Series 42, ,Walk Cheerfully,Yasujiro Ozu,Japan,1930.0,[开心地走吧 朗かに歩め](https://movie.douban.com/subject/1308233/),1930,6.1,导演: 小津安二郎; 类型: 爱情; 地区: 日本,[Walk Cheerfully](https://www.imdb.com/title/tt0020980/),Hogaraka ni ayume,1930.0,6.4,"95 min | Crime, Drama, Romance"
205,eclipse,Eclipse Series 42, ,That Night’s Wife,Yasujiro Ozu,Japan,1930.0,[那夜的妻子 その夜の妻](https://movie.douban.com/subject/1300213/),1930,6.6,导演: 小津安二郎; 类型: 剧情; 地区: 日本,[That Night's Wife](https://www.imdb.com/title/tt0021406/),Sono yo no tsuma,1930.0,6.9,"TV-MA | 65 min | Crime, Drama"
206,eclipse,Eclipse Series 42, ,Dragnet Girl,Yasujiro Ozu,Japan,1933.0,[非常线之女 非常線の女](https://movie.douban.com/subject/1308401/),1933,6.9,导演: 小津安二郎; 类型: 剧情; 地区: 日本,[Dragnet Girl](https://www.imdb.com/title/tt0024120/),Hijôsen no onna,1933.0,7.0,"100 min | Crime, Drama, Romance"
207,eclipse,Eclipse Series 43,#,[Eclipse Series 43: Agnès Varda in California](https://www.criterion.com/boxsets/1124-eclipse-series-43-agns-varda-in-california), , , ,**Eclipse Series 43: Agnès Varda in California 阿涅斯·瓦尔达在加利福尼亚**, , , ,Eclipse Series 43: Agnès Varda in California, , , , 
208,eclipse,Eclipse Series 43, ,Uncle Yanco,Agnès Varda,France,1968.0,[扬科叔叔 Oncle Yanco](https://movie.douban.com/subject/1763688/),1967,8.3,导演: 阿涅斯·瓦尔达; 类型: 短片; 地区: 美国/法国,[Uncle Yanco](https://www.imdb.com/title/tt0179389/),Oncle Yanco,1967.0,7.4,"18 min | Documentary, Short"
209,eclipse,Eclipse Series 43, ,Black Panthers,Agnès Varda,France,1970.0,[黑豹党 Black Panthers](https://movie.douban.com/subject/1776580/),2001,7.3,导演: 阿涅斯·瓦尔达; 类型: 纪录片; 地区: 法国,[Black Panthers](https://www.imdb.com/title/tt0209942/), ,1968.0,7.4,"Not Rated | 31 min | Documentary, Short"
210,eclipse,Eclipse Series 43, ,Lions Love (. . . and Lies),Agnès Varda,France,1969.0,[狮子、爱、谎言 Lions Love](https://movie.douban.com/subject/1297857/),1969,7.7,导演: 阿涅斯·瓦尔达; 类型: 喜剧; 地区: 美国/法国,[Lions Love (... and Lies)](https://www.imdb.com/title/tt0064591/),Lions Love,1969.0,5.9,"Not Rated | 112 min | Comedy, Drama"
211,eclipse,Eclipse Series 43, ,Mur Murs,Agnès Varda,France,1981.0,[墙的呢喃 Mur murs](https://movie.douban.com/subject/2238785/),1981,8.1,导演: 阿涅斯·瓦尔达; 类型: 纪录片; 地区: 法国/美国,[Mur murs](https://www.imdb.com/title/tt0081204/), ,1981.0,7.4,80 min | Documentary
212,eclipse,Eclipse Series 43, ,Documenteur,Agnès Varda,France,1981.0,[纪录说谎家 Documenteur](https://movie.douban.com/subject/3699265/),1981,7.9,导演: 阿涅斯·瓦尔达; 类型: 剧情; 地区: 美国/法国,[Documenteur](https://www.imdb.com/title/tt0082275/), ,1981.0,7.0,65 min | Drama
213,eclipse,Eclipse Series 44,#,[Eclipse Series 44: Julien Duvivier in the Thirties](https://www.criterion.com/boxsets/1136-eclipse-series-44-julien-duvivier-in-the-thirties), , , ,**Eclipse Series 44: Julien Duvivier in the Thirties 1930年代的朱利恩·杜维威尔**, , , ,Eclipse Series 44: Julien Duvivier in the Thirties, , , , 
214,eclipse,Eclipse Series 44, ,David Golder,Julien Duvivier,France,1930.0,[大卫·格德尔 David Golder](https://movie.douban.com/subject/3026777/),1931, ,导演: 朱利安·杜维威尔; 类型: 剧情; 地区: 法国,[David Golder](https://www.imdb.com/title/tt0020814/), ,1931.0,7.0,86 min | Drama
215,eclipse,Eclipse Series 44, ,Poil de carotte,Julien Duvivier,France,1932.0,[红发男孩 Poil de carotte](https://movie.douban.com/subject/3287326/),1932, ,导演: 朱利安·杜维威尔 Julien Duvivier; 类型: 剧情; 地区: 法国,[Poil de carotte](https://www.imdb.com/title/tt0023345/), ,1932.0,7.5,91 min | Drama
216,eclipse,Eclipse Series 44, ,La tête d’un homme,Julien Duvivier,France,1933.0,[男人的头颅 La tête d'un homme](https://movie.douban.com/subject/3012961/),1933, ,导演: 朱利安·杜维威尔; 类型: 剧情; 地区: 法国,[A Man's Head](https://www.imdb.com/title/tt0024710/),La tête d'un homme,1933.0,7.1,"90 min | Crime, Mystery, Thriller"
217,eclipse,Eclipse Series 44, ,Un carnet de bal,Julien Duvivier,France,1937.0,[舞会名册 Un carnet de bal](https://movie.douban.com/subject/1470830/),1937,7.1,导演: 朱利安·杜维威尔 Julien Duvivier; 类型: 剧情; 地区: 法国,[Christine](https://www.imdb.com/title/tt0029706/),Un carnet de bal,1937.0,7.4,144 min | Drama
218,eclipse,Eclipse Series 45,#,[Eclipse Series 45: Claude Autant-Lara—Four Romantic Escapes from Occupied France](https://www.criterion.com/boxsets/1295-eclipse-series-45-claude-autant-larafour-romantic-escapes-from-occupied-france), , , ,**Eclipse Series 45: 克洛德·奥当-拉哈：从被占领法国的四次浪漫逃亡**, , , ,Eclipse Series 45: Claude Autant-Lara—Four Romantic Escapes from Occupied France, , , , 
219,eclipse,Eclipse Series 45, ,Le mariage de Chiffon,Claude Autant-Lara,France,1942.0,[雪纺婚礼 Le mariage de Chiffon](https://movie.douban.com/subject/25979415/),1942, ,导演: 克洛德·奥当-拉哈; 类型: 喜剧; 地区: 法国,[Le mariage de Chiffon](https://www.imdb.com/title/tt0035039/), ,1942.0,6.4,Not Rated | 103 min | Comedy
220,eclipse,Eclipse Series 45, ,Lettres d’amour,Claude Autant-Lara,France,1942.0,[情书 Lettres d'amour](https://movie.douban.com/subject/25978155/),1942, ,导演: 克洛德·奥当-拉哈; 类型: 剧情; 地区: 法国,[Lettres d'amour](https://www.imdb.com/title/tt0154767/), ,1942.0,6.7,Not Rated | 110 min | Drama
221,eclipse,Eclipse Series 45, ,Douce,Claude Autant-Lara,France,1943.0,[杜丝 Douce](https://movie.douban.com/subject/1924478/),1943, ,导演: 克洛德·奥当-拉哈; 类型: 剧情; 地区: 法国,[Douce](https://www.imdb.com/title/tt0035823/), ,1943.0,7.1,Not Rated | 90 min | Drama
222,eclipse,Eclipse Series 45, ,Sylvie et le fantôme,Claude Autant-Lara,France,1946.0,[西尔维与幽灵 Sylvie et le fantôme](https://movie.douban.com/subject/1924487/),1946, ,导演: 克洛德·奥当-拉哈; 类型: 喜剧; 地区: 法国,[Sylvie et le fantôme](https://www.imdb.com/title/tt0038146/), ,1946.0,6.9,"Unrated | 97 min | Comedy, Fantasy, Romance"
223,eclipse,Eclipse Series 46,#,[Eclipse Series 46: Ingrid Bergman’s Swedish Years](https://www.criterion.com/boxsets/1315-eclipse-series-46-ingrid-bergmans-swedish-years), , , ,**Eclipse Series 46: 英格丽·褒曼的瑞典岁月**, , , ,Eclipse Series 46: Ingrid Bergman’s Swedish Years, , , , 
224,eclipse,Eclipse Series 46, ,The Count of the Old Town,Edvin Adolphson and Sigurd Wallén,Sweden,1935.0,[门克布洛的伯爵 Munkbrogreven](https://movie.douban.com/subject/1294205/),1935, ,导演: 埃德温·阿道夫森; 类型: 喜剧; 地区: 瑞典,[The Count of the Old Town](https://www.imdb.com/title/tt0026737/),Munkbrogreven,1935.0,6.0,"Not Rated | 83 min | Comedy, Romance"
225,eclipse,Eclipse Series 46, ,Walpurgis Night,Gustaf Edgren,Sweden,1935.0,[沃普尔吉斯之夜 Valborgsmässoafton](https://movie.douban.com/subject/3250826/),1935, ,导演: 古斯塔夫·埃德格伦; 类型: 剧情; 地区: 瑞典,[Walpurgis Night](https://www.imdb.com/title/tt0027164/),Valborgsmässoafton,1935.0,6.0,"Not Rated | 75 min | Drama, Romance"
226,eclipse,Eclipse Series 46, ,Intermezzo,Gustaf Molander,Sweden,1936.0,[寒夜琴挑 Intermezzo](https://movie.douban.com/subject/1302954/),1936,7.5,导演: 古斯塔夫·莫兰德; 类型: 剧情; 地区: 瑞典,[Intermezzo](https://www.imdb.com/title/tt0027796/), ,1936.0,6.5,"Approved | 86 min | Drama, Romance"
227,eclipse,Eclipse Series 46, ,Dollar,Gustaf Molander,Sweden,1938.0,[金元 Dollar](https://movie.douban.com/subject/3657425/),1938, ,导演: 古斯塔夫·莫兰德; 类型: 喜剧; 地区: 瑞典,[Dollar](https://www.imdb.com/title/tt0030066/), ,1938.0,5.7,Unrated | 78 min | Comedy
228,eclipse,Eclipse Series 46, ,A Woman’s Face,Gustaf Molander,Sweden,1938.0,[女人的面孔 En kvinnas ansikte](https://movie.douban.com/subject/1294741/),1938,7.3,导演: 古斯塔夫·莫兰德; 类型: 剧情; 地区: 瑞典,[A Woman's Face](https://www.imdb.com/title/tt0030337/),En kvinnas ansikte,1938.0,7.1,Unrated | 100 min | Drama
229,eclipse,Eclipse Series 46, ,June Night,Per Lindberg,Sweden,1940.0,[六月之夜 Juninatten](https://movie.douban.com/subject/1292954/),1940,6.5,导演: 佩·林德伯格; 类型: 剧情; 地区: 瑞典,[June Night](https://www.imdb.com/title/tt0032655/),Juninatten,1940.0,6.1,TV-PG | 88 min | Drama
