Index,电影名,榜单数量,1999-香港《亚洲周刊》杂志,2002-香港电影评论学会,2005-香港电影金像奖,2005-中国电影资料馆,2005-南方都市报华语电影传媒大奖,2005-《看电影》杂志,2005-中国电影评论学会,2011-台湾电影金马奖,豆瓣电影,豆瓣ID,豆瓣年份,豆瓣打分,导演,类型,制片国家/地区,片长,IMDb-ID
0,"劳工之爱情/掷果缘 (1922, 张石川)",4,●,●, , ,●, ,●, ,劳工之爱情,[1466263](https://movie.douban.com/subject/1466263/),1922,8.1,张石川,喜剧/爱情/短片,中国大陆,22分钟,tt0013807
1,"孤儿救祖记 (1923, 张石川)",2, , , ,●, , ,●, ,孤儿救祖记,[2057408](https://movie.douban.com/subject/2057408/),1923,8.6,张石川,剧情,中国大陆,100分钟,tt18378592
2,"西厢记 (1927, 侯曜/黎民伟)",1, ,●, , , , , , ,西厢记,[1307843](https://movie.douban.com/subject/1307843/),1927,7.0,侯曜/黎民伟,剧情/爱情/古装,中国大陆,49 分钟(20 fps),tt0018600
3,"怕老婆/儿子英雄 (1929, 杨小仲)",1, ,●, , , , , , ,怕老婆,[4176568](https://movie.douban.com/subject/4176568/),1929,6.5,杨小仲,喜剧,中国大陆,112分钟,tt15662958
4,"恋爱与义务 戀愛與義務 (1931, 卜万苍)",2, ,●, , ,●, , , ,恋爱与义务 戀愛與義務,[1301249](https://movie.douban.com/subject/1301249/),1931,8.1,卜万苍,剧情/爱情,中国大陆,153分钟,tt0192239
6,"小玩意 (1933, 孙瑜)",6,●,●,70, , ,●, ,91,小玩意,[1298619](https://movie.douban.com/subject/1298619/),1933,8.0,孙瑜,剧情/战争,中国大陆,110分钟,tt0121890
5,"春蚕 (1933, 程步高)",3,●,●, , , , ,●, ,春蚕,[1304031](https://movie.douban.com/subject/1304031/),1933,6.8,程步高,剧情,中国大陆,94分钟,tt0191889
10,"体育皇后 體育皇后 (1934, 孙瑜)",1, ,●, , , , , , ,体育皇后 體育皇后,[1401924](https://movie.douban.com/subject/1401924/),1934,7.2,孙瑜,剧情,中国,85分钟,tt0438500
7,"大路 (1934, 孙瑜)",9,●,●,30,●,●,●,●,50,大路,[1307015](https://movie.douban.com/subject/1307015/),1934,7.8,孙瑜,剧情/喜剧/歌舞/战争,中国大陆,104 分钟(美国),tt0121180
12,"姊妹花 (1934, 郑正秋)",4,●, , ,●,●, ,●, ,姊妹花,[14072900](https://movie.douban.com/subject/14072900/),1934,7.1,郑正秋,剧情,中国大陆,110分钟,tt0209510
9,"桃李劫 (1934, 应云卫)",3, ,●, ,●, , ,●, ,桃李劫,[1307112](https://movie.douban.com/subject/1307112/),1934,7.7,应云卫,剧情/爱情,中国大陆,121分钟/105分钟,tt0227608
11,"渔光曲 漁光曲 (1934, 蔡楚生)",3,●, , ,●, , ,●, ,渔光曲 漁光曲,[2138404](https://movie.douban.com/subject/2138404/),1934,7.8,蔡楚生,剧情,中国大陆,约80分钟(原片)/56分钟(现存),tt1002784
8,"神女 (1934, 吴永刚)",9,●,●,29,●,●,●,●,23,神女,[1302210](https://movie.douban.com/subject/1302210/),1934,9.1,吴永刚,剧情,中国大陆,76分钟,tt0195256
15,"天伦 天倫 (1935, 罗明佑/费穆)",1, ,●, , , , , , ,天伦 天倫,[2055008](https://movie.douban.com/subject/2055008/),1935,7.0,罗明佑/费穆,剧情/家庭,中国大陆,65分钟(美国),tt0028281
16,"新女性 (1935, 蔡楚生)",1, , , , ,●, , , ,新女性,[1421676](https://movie.douban.com/subject/1421676/),1935,8.5,蔡楚生,剧情,中国大陆,106分钟,tt0477928
13,"都市风光 都市風光 (1935, 袁牧之)",1, ,●, , , , , , ,都市风光 都市風光,[2138427](https://movie.douban.com/subject/2138427/),1935,8.2,袁牧之,喜剧/爱情,中国大陆,99分钟,tt1003140
14,"风云儿女/凤凰的再生 (1935, 许幸之)",1, , , , , , ,●, ,风云儿女,[2138409](https://movie.douban.com/subject/2138409/),1935,7.4,许幸之,剧情,中国大陆,89分钟,tt1003142
19,"新旧上海 (1936, 程步高)",1, ,●, , , , , , ,新旧上海,[1466031](https://movie.douban.com/subject/1466031/),1936,8.3,程步高,喜剧/家庭,中国大陆,101分钟,tt0192826
18,"浪淘沙 (1936, 吴永刚)",1, ,●, , , , , , ,浪淘沙,[1844192](https://movie.douban.com/subject/1844192/),1936,8.0,吴永刚,犯罪,中国大陆,68分钟,tt0806106
17,"狼山喋血记/冷月狼烟录 (1936, 费穆)",1, ,●, , , , , , ,狼山喋血记,[1461808](https://movie.douban.com/subject/1461808/),1936,7.3,费穆,剧情,中国大陆,69分钟,tt0323015
22,"十字街头 (1937, 沈西苓)",6,●,●, , , ,●,●,91,十字街头,[1297923](https://movie.douban.com/subject/1297923/),1937,7.9,沈西苓,剧情/爱情,中国大陆,110分钟,tt0195260
23,"夜半歌声 (1937, 马徐维邦)",7,●,●,77, ,●,●,●, ,夜半歌声,[1304659](https://movie.douban.com/subject/1304659/),1937,7.2,马徐维邦,爱情/恐怖,中国大陆,119分钟,tt0206442
20,"慈母曲 (1937, 朱石麟/罗明佑)",1, ,●, , , , , , ,慈母曲,[2123435](https://movie.douban.com/subject/2123435/),1937,6.8,朱石麟/罗明佑,剧情,中国大陆,112分钟,tt0194756
21,"马路天使 馬路天使 (1937, 袁牧之)",9,●,●,11,●,●,●,●,19,马路天使 馬路天使,[1307708](https://movie.douban.com/subject/1307708/),1937,8.6,袁牧之,剧情/喜剧,中国大陆,91分钟,tt0183828
377,"孤岛天堂 孤島天堂 (1939, 蔡楚生)",1,●, , , , , , , ,孤岛天堂 孤島天堂,[1844186](https://movie.douban.com/subject/1844186/),1939,6.5,蔡楚生,剧情,中国香港,100分钟,tt0471186
25,"少奶奶的扇子 (1939, 李萍倩)",1, ,●, , , , , , ,少奶奶的扇子,[2378375](https://movie.douban.com/subject/2378375/),1939,7.5,李萍倩,剧情,中国大陆,90分钟,tt0206286
24,"麻疯女 (1939, 马徐维邦)",1, ,●, , , , , , ,麻疯女,[2325964](https://movie.douban.com/subject/2325964/),1939,6.6,马徐维邦,惊悚/恐怖,中国大陆,110分钟,tt0206109
26,"铁扇公主 (1941, 万籁鸣/万古蟾)",1, ,●, , , , , , ,铁扇公主,[1466022](https://movie.douban.com/subject/1466022/),1941,8.6,万籁鸣/万古蟾,剧情/动画/奇幻,中国大陆,72分钟(中国)/65分钟(日本),tt0471945
27,"红楼梦 紅樓夢 (1944, 卜万苍)",1, ,●, , , , , , ,红楼梦,[1437752](https://movie.douban.com/subject/1437752/),1944,6.6,卜万苍,剧情/爱情,中国大陆,125分钟,tt0192127
33,"一江春水向东流 一江春水向東流/一江春水向东流之八年离乱 (1947, 蔡楚生/郑君里)",9,●,●,27,●,●,●,●,40,一江春水向东流 一江春水向東流,[1389915](https://movie.douban.com/subject/1389915/),1947,8.5,蔡楚生/郑君里,剧情,中国大陆,192分钟,tt0040009
29,"假凤虚凰 假鳳虛凰 (1947, 黄佐临)",2, ,●, ,●, , , , ,假凤虚凰 假鳳虛凰,[3070653](https://movie.douban.com/subject/3070653/),1947,8.0,黄佐临,剧情/喜剧/爱情,中国大陆,91分钟,tt5855500
28,"八千里路云和月 八千里路雲和月/胜利前后 (1947, 史东山/王为一)",4,●,●, ,●, , ,●, ,八千里路云和月 八千里路雲和月,[1434273](https://movie.douban.com/subject/1434273/),1947,7.4,史东山/王为一,剧情,中国大陆,124分钟,tt0471087
32,"夜店 (1947, 黄佐临)",2, , , , , ,●, , ,夜店,[2074700](https://movie.douban.com/subject/2074700/),1947,7.2,黄佐临,剧情,中国大陆,107分钟,tt1830913
31,"太太万岁 太太萬歲 (1947, 桑弧)",4,●,●,82, ,●, , , ,太太万岁 太太萬歲,[1421673](https://movie.douban.com/subject/1421673/),1947,8.4,桑弧,喜剧/家庭,中国大陆,107分钟,tt0477890
30,"松花江上 (1947, 金山)",1, , , , ,●, , , ,松花江上,[1844187](https://movie.douban.com/subject/1844187/),1947,7.1,金山, ,中国大陆,114分钟,tt0195290
36,"万家灯火 萬家燈火 (1948, 沈浮)",8,●,●,91,●,●,●,●, ,万家灯火 萬家燈火,[1419052](https://movie.douban.com/subject/1419052/),1948,8.2,沈浮,剧情/家庭,中国大陆,115分钟,tt0195402
37,"小城之春 (1948, 费穆)",9,●,●,1,●,●,●,●,5,小城之春,[1323746](https://movie.douban.com/subject/1323746/),1948,8.7,费穆,剧情/爱情,中国大陆,93分钟,tt0189219
34,"清宫秘史 清宮秘史 (1948, 朱石麟)",4,●,●,37, , , ,●, ,清宫秘史 清宮秘史,[1439106](https://movie.douban.com/subject/1439106/),1948,7.3,朱石麟,剧情/历史/古装,中国香港,90分钟,tt0205345
35,"生死恨 (1948, 费穆)",1, ,●, , , , , , ,生死恨,[2065224](https://movie.douban.com/subject/2065224/),1948,7.2,费穆,爱情/戏曲,中国大陆,60 分钟(中国大陆),tt1003189
40,"三毛流浪记 (1949, 赵明/严恭)",3,●,●, , , , ,●, ,三毛流浪记,[1434272](https://movie.douban.com/subject/1434272/),1949,8.3,赵明/严恭,剧情/喜剧,中国大陆,73分钟,tt0470084
41,"乌鸦与麻雀 烏鴉与麻雀 (1949, 郑君里)",3,●,●, , , , ,●, ,乌鸦与麻雀 烏鴉与麻雀,[1424627](https://movie.douban.com/subject/1424627/),1949,8.7,郑君里,剧情,中国大陆,107分钟,tt0042054
38,"哀乐中年 哀樂中年 (1949, 桑弧)",2, ,●,71, , , , , ,哀乐中年 哀樂中年,[4719384](https://movie.douban.com/subject/4719384/),1949,9.3,桑弧,剧情/爱情/家庭,中国大陆,105分钟,tt1580409
42,"血染海棠红 (1949, 岳枫)",1, ,●, , , , , , ,血染海棠红,[2342386](https://movie.douban.com/subject/2342386/),1949,7.7,岳枫,剧情/犯罪,中国香港,90 分钟(香港),tt0194565
39,"黄飞鸿传之火烧霸王庄 黃飛鴻傳之火燒霸王莊/黄飞鸿正传 (1949, 胡鹏)",1, , , , ,●, , , ,黄飞鸿传之火烧霸王庄 黃飛鴻傳之火燒霸王莊,[2154642](https://movie.douban.com/subject/2154642/),1949,6.7,胡鹏,剧情/动作/传记/武侠,中国香港,55分钟,tt0200723
46,"我这一辈子 (1950, 石挥)",8,●,●,46,●,●,●,●, ,我这一辈子,[1422020](https://movie.douban.com/subject/1422020/),1950,8.8,石挥,剧情/历史,中国大陆,120分钟,tt0043139
44,"摆错迷魂阵 擺錯迷魂陣 (1950, 莫康时)",1, ,●, , , , , , ,摆错迷魂阵 擺錯迷魂陣,[6855077](https://movie.douban.com/subject/6855077/),1950, ,莫康时,喜剧,中国香港, , 
48,"珠江泪 (1950, 蔡楚生/王为一)",3,●,●, , ,●, , , ,珠江泪,[1844535](https://movie.douban.com/subject/1844535/),1950,7.0,蔡楚生/王为一,剧情,中国香港,110分钟,tt0460615
43,"白毛女 (1950, 王滨/水华)",1, , , , , , ,●, ,白毛女,[1432825](https://movie.douban.com/subject/1432825/),1950,7.4,王滨/水华,剧情,中国大陆,106分钟,tt0483468
47,"细路祥 (1950, 冯峰)",1, ,●, , , , , , ,细路祥,[1465552](https://movie.douban.com/subject/1465552/),1950,7.2,冯峰,剧情,中国香港,77分钟（残本）,tt0193633
45,"说谎世界 說謊世界 (1950, 李萍倩)",1, , , , ,●, , , ,说谎世界 說謊世界,[2159056](https://movie.douban.com/subject/2159056/),1950,7.9,李萍倩,剧情,中国香港,114分钟,tt0206293
50,"武训传 武訓傳 (1951, 孙瑜)",2,●,●, , , , , , ,武训传 武訓傳,[1432824](https://movie.douban.com/subject/1432824/),1951,7.8,孙瑜,剧情/传记,中国大陆,208分钟,tt0457630
49,"红菱血(上下集) (1951, 唐涤生)",2, ,●, , ,●, , , ,红菱血(上集) 紅菱血(上集),[3540159](https://movie.douban.com/subject/3540159/),1951, ,唐涤生,剧情,中国香港, , 
51,"误佳期 誤佳期/小喇叭与阿翠 (1951, 朱石麟/白沉)",2,●, , ,●, , , , ,误佳期 誤佳期,[3024155](https://movie.douban.com/subject/3024155/),1951,8.0,朱石麟/白沉,喜剧,中国香港,110分钟,tt0205530
378,"一板之隔/同居乐之一 (1952, 朱石麟/白沉)",1,●, , , , , , , ,一板之隔,[3024156](https://movie.douban.com/subject/3024156/),1952,7.5,朱石麟/白沉,喜剧,中国香港,93分钟,tt0205566
52,"南征北战 (1952, 成荫/汤晓丹)",1, , , , , , ,●, ,南征北战,[1463390](https://movie.douban.com/subject/1463390/),1952,7.5,成荫/汤晓丹,剧情/战争,中国大陆,122分钟,tt0352615
55,"中秋月 (1953, 朱石麟)",2, ,●,92, , , , , ,中秋月,[1848188](https://movie.douban.com/subject/1848188/),1953, ,朱石麟, ,中国香港,93分钟,tt0205594
54,"危楼春晓 危樓春曉 (1953, 李铁)",3,●,●,18, , , , , ,危楼春晓 危樓春曉,[1401527](https://movie.douban.com/subject/1401527/),1953,7.6,李铁,剧情,中国香港,125分钟,tt0193622
53,"日出 (1953, 李晨风)",1, , , , ,●, , , ,日出,[3072281](https://movie.douban.com/subject/3072281/),1953, ,李晨风,剧情,中国香港,136分钟,tt0205368
56,"家家户户 家家戶戶 (1954, 秦劍)",1, ,●, , , , , , ,家家户户 家家戶戶,[5402143](https://movie.douban.com/subject/5402143/),1954, ,秦劍,剧情,中国香港,129分钟,tt0192178
57,"梁山伯与祝英台 (1954, 桑弧/黄沙)",2,●, , , , , ,●, ,梁山伯与祝英台,[2154470](https://movie.douban.com/subject/2154470/),1954,8.7,桑弧/黄沙,爱情/奇幻/戏曲,中国大陆,106分钟,tt0349724
62,"天长地久 天長地久/天长地久有时尽 (1955, 李铁)",2, ,●, , ,●, , , ,天长地久 天長地久,[1299317](https://movie.douban.com/subject/1299317/),1955, ,李铁,剧情,中国香港,133分钟,tt0205465
60,"寒夜 (1955, 李晨风)",3, ,●,57, ,●, , , ,寒夜,[1301330](https://movie.douban.com/subject/1301330/),1955,7.1,李晨风,剧情/家庭,中国香港,136分钟,tt0205113
61,"平原游击队 (1955, 苏里/武兆堤)",1, , , , , , ,●, ,平原游击队,[1452554](https://movie.douban.com/subject/1452554/),1955,7.6,苏里/武兆堤,剧情/战争,中国大陆,90分钟,tt2009551
59,"父母心 (1955, 秦剑)",3, ,●,93, ,●, , , ,父母心,[1848185](https://movie.douban.com/subject/1848185/),1955,8.4,秦剑,剧情,中国香港,111分钟,tt0193179
58,"董存瑞 (1955, 郭维)",1, , , , , , ,●, ,董存瑞,[1482709](https://movie.douban.com/subject/1482709/),1955,7.4,郭维,剧情/传记/战争,中国大陆,100分钟,tt6567022
64,"上甘岭 上甘嶺/上甘岭战役 (1956, 沙蒙/林杉)",1, , , , , , ,●, ,上甘岭 上甘嶺,[1433701](https://movie.douban.com/subject/1433701/),1956,8.4,沙蒙/林杉,剧情/战争,中国大陆,124分钟,tt0334339
65,"天仙配 (1956, 石挥)",2, ,●, , , , ,●, ,天仙配,[2123597](https://movie.douban.com/subject/2123597/),1956,8.3,石挥,剧情/爱情/奇幻/古装,中国大陆,96分钟,tt3656810
63,"李时珍 (1956, 沈浮)",1, ,●, , , , , , ,李时珍,[1438024](https://movie.douban.com/subject/1438024/),1956,8.3,沈浮,剧情/传记/古装,中国大陆,104分钟,tt0481870
66,"祝福 (1956, 桑弧)",5,●, , ,●, ,●,●, ,祝福,[1465450](https://movie.douban.com/subject/1465450/),1956,8.4,桑弧,剧情,中国大陆,100 分钟,tt0049979
71,"四千金 (1957, 陶秦)",2,●,●, , , , , , ,四千金,[1305684](https://movie.douban.com/subject/1305684/),1957,7.7,陶秦,剧情,中国香港,113分钟,tt0205415
68,"家 (1957, 陈西禾/叶明)",1, ,●, , , , , , ,家,[1308211](https://movie.douban.com/subject/1308211/),1957,8.1,陈西禾/叶明,剧情/爱情/家庭,中国大陆,121分钟,tt0206738
69,"曼波女郎 (1957, 易文)",3,●,●,83, , , , , ,曼波女郎,[1401609](https://movie.douban.com/subject/1401609/),1957,7.1,易文,剧情/歌舞,中国香港,91 分钟(香港版DVD),tt0211498
70,"群英会/借东风 (1957, 岑范)",1, ,●, , , , , , ,群英会,[3069861](https://movie.douban.com/subject/3069861/),1957,9.2,岑范,戏曲,中国大陆,97分钟,tt13563524
67,"魂归离恨天 魂歸離恨天 (1957, 左几)",1, , , , ,●, , , ,魂归离恨天 魂歸離恨天,[5341824](https://movie.douban.com/subject/5341824/),1957, ,左几, ,中国香港, ,tt3666238
72,"提防小手 (1958, 陶秦)",1, ,●, , , , , , ,提防小手,[5116690](https://movie.douban.com/subject/5116690/),1958, ,陶秦,犯罪,中国香港, ,tt0205463
73,"柳堡的故事 (1958, 王苹)",1, , , , , , ,●, ,柳堡的故事,[1768184](https://movie.douban.com/subject/1768184/),1958,7.8,王苹,剧情/爱情,中国大陆,79分钟,tt6554484
74,"鲁班的传说 (1958, 孙瑜)",1, ,●, , , , , , ,鲁班的传说,[2375631](https://movie.douban.com/subject/2375631/),1958,7.8,孙瑜,剧情/传记/古装,中国大陆,91分钟,tt0051883
81,"五朵金花 (1959, 王家乙)",2, ,●, , , , ,●, ,五朵金花,[1451563](https://movie.douban.com/subject/1451563/),1959,8.1,王家乙,爱情/歌舞,中国大陆,95分钟,tt0355036
82,"战火中的青春 (1959, 王炎)",1, , , , , , ,●, ,战火中的青春,[2346533](https://movie.douban.com/subject/2346533/),1959,7.5,王炎,剧情/战争,中国大陆,93分钟,tt6914800
79,"林则徐 (1959, 郑君里/岑范)",7,●,●,94,●, ,●,●, ,林则徐,[1308306](https://movie.douban.com/subject/1308306/),1959,7.4,郑君里/岑范,传记/历史/战争,中国大陆,100分钟,tt0053010
78,"林家铺子 (1959, 水华)",8,●,●, ,●,●,●,●,91,林家铺子,[1424629](https://movie.douban.com/subject/1424629/),1959,8.4,水华,剧情,中国大陆,82分钟,tt0470423
77,"江山美人 (1959, 李翰祥)",1, , ,47, , , , , ,江山美人,[1304289](https://movie.douban.com/subject/1304289/),1959,7.1,李翰祥,剧情/古装/戏曲,中国香港,95分钟,tt0194984
83,"紫钗记 紫釵記 (1959, 李铁)",1, , ,51, , , , , ,紫钗记 紫釵記,[1401219](https://movie.douban.com/subject/1401219/),1959,8.9,李铁,剧情/爱情/古装/戏曲,中国香港,135 分钟,tt0205599
75,"蝶影红梨记 蝶影紅梨記 (1959, 李铁)",2, ,●, , ,●, , , ,蝶影红梨记 蝶影紅梨記,[4047730](https://movie.douban.com/subject/4047730/),1959,8.9,李铁,爱情/歌舞,中国香港,129分钟,tt0205010
76,"豪门夜宴 (1959, 李晨风/李铁/吴回/罗志雄)",2,●, ,84, , , , , ,豪门夜宴,[1465558](https://movie.douban.com/subject/1465558/),1959,8.4,李晨风/李铁/吴回/罗志雄,喜剧,中国香港, ,tt0205116
80,"青春之歌 (1959, 崔嵬/陈怀皑)",3, , , , , ,●,●, ,青春之歌,[1294208](https://movie.douban.com/subject/1294208/),1959,7.2,崔嵬/陈怀皑,剧情,中国大陆,157分钟,tt0053196
94,"丈夫的秘密/错恋 (1960, 林抟秋)",1, ,●, , , , , , ,丈夫的秘密,[26738227](https://movie.douban.com/subject/26738227/),1960, ,林抟秋,剧情/爱情/家庭,中国台湾,100分钟,tt3764040
88,"人海孤鸿 (1960, 李晨风)",3, , ,52, , ,●, , ,人海孤鸿,[1302115](https://movie.douban.com/subject/1302115/),1960,6.6,李晨风,剧情/家庭,中国香港,104分钟,tt0193458
85,"刘三姐 (1960, 苏里)",3,●,●, , ,●, , , ,刘三姐,[1298755](https://movie.douban.com/subject/1298755/),1960,8.5,苏里,剧情/音乐/戏曲,中国大陆,112分钟,tt0054034
84,"可怜天下父母心 (1960, 楚原)",2,●, ,65, , , , , ,可怜天下父母心,[1465556](https://movie.douban.com/subject/1465556/),1960,7.3,楚原,剧情,中国香港,98分钟,tt0053878
89,"同命鸳鸯 同命鴛鴦 (1960, 朱石麟)",1, ,●, , , , , , ,同命鸳鸯 同命鴛鴦,[1958179](https://movie.douban.com/subject/1958179/),1960,7.4,朱石麟,剧情/爱情/古装,中国香港,89分钟,tt0205474
90,"小蝌蚪找妈妈 (1960, 特伟/钱家骏/唐澄)",2, , , , ,●, ,●, ,小蝌蚪找妈妈,[3335371](https://movie.douban.com/subject/3335371/),1960,8.9,特伟/钱家骏/唐澄,动画/短片,中国大陆,15分钟,tt1331015
87,"情深似海 (1960, 易文)",1, , , , ,●, , , ,情深似海,[1480573](https://movie.douban.com/subject/1480573/),1960,6.8,易文,爱情,中国香港,98分钟,tt0211585
92,"杨门女将 (1960, 崔嵬/陈怀皑)",1, ,●, , , , , , ,杨门女将,[1498719](https://movie.douban.com/subject/1498719/),1960,7.8,崔嵬/陈怀皑,动作/戏曲,中国大陆,138分钟, 
91,"笑笑笑 (1960, 李萍倩)",1, ,●, , , , , , ,笑笑笑,[1305483](https://movie.douban.com/subject/1305483/),1960,7.8,李萍倩,喜剧/家庭,中国香港,102分钟,tt0206431
93,"野玫瑰之恋 (1960, 王天林)",4,●,●,64, ,●, , , ,野玫瑰之恋,[1299212](https://movie.douban.com/subject/1299212/),1960,8.2,王天林,爱情/歌舞,中国香港,140分钟/128分钟(DVD版),tt0199156
86,"难兄难弟 (1960, 秦剑)",2, ,●,66, , , , , ,难兄难弟,[1401528](https://movie.douban.com/subject/1401528/),1960,7.5,秦剑,喜剧,中国香港,101 分钟,tt0193350
95,"大闹天宫/大闹天宫上下集 (1961, 万籁鸣)",6,●,●, , ,●,●,●, ,大闹天宫,[1418019](https://movie.douban.com/subject/1418019/),1961,9.4,万籁鸣,剧情/动画/奇幻/古装,中国大陆,113分钟/44分钟(上集)/69分钟(下集)/84分钟(40周年纪念版),tt0059855
98,"星星月亮太阳（上下集） (1961, 易文)",1, , , , , , , ,73,星星月亮太阳 [上集],[1300100](https://movie.douban.com/subject/1300100/),1961,6.9,易文,剧情/爱情/战争,中国香港,99分钟,tt0211753
97,"红色娘子军 (1961, 谢晋)",3,●,●, , , , ,●, ,红色娘子军,[1424630](https://movie.douban.com/subject/1424630/),1961,7.4,谢晋,战争,中国大陆,110分钟,tt0472622
96,"革命家庭/我的一家 (1961, 水华)",2, ,●, , , , ,●, ,革命家庭,[1437313](https://movie.douban.com/subject/1437313/),1961,7.4,水华,剧情/家庭,中国大陆,97分钟(中国大陆),tt0055371
103,"三看御妹刘金定 (1962, 李萍倩)",1, ,●, , , , , , ,三看御妹刘金定,[2156235](https://movie.douban.com/subject/2156235/),1962,8.1,李萍倩,喜剧/历史/戏曲,中国香港,119分钟,tt0206270
101,"李双双/喜旺嫂子 (1962, 鲁韧)",3, ,●, ,●, , ,●, ,李双双,[1483428](https://movie.douban.com/subject/1483428/),1962,7.7,鲁韧,喜剧,中国大陆,98分钟,tt1501299
102,"满江红 滿江紅 (1962, 左几)",1, ,●, , , , , , ,满江红 滿江紅,[5951240](https://movie.douban.com/subject/5951240/),1962, ,左几,剧情/爱情,中国香港, , 
100,"甲午风云/1894 (1962, 林农)",2,●, , , , , ,●, ,甲午风云,[1394315](https://movie.douban.com/subject/1394315/),1962,7.7,林农,历史/战争,中国大陆,100分钟,tt0353580
99,"红楼梦 紅樓夢 (1962, 岑范)",4, ,●,95, , ,●, , ,红楼梦,[1329969](https://movie.douban.com/subject/1329969/),1962,9.1,岑范,剧情/爱情/古装/戏曲,中国大陆,161分钟,tt0056078
107,"七十二家房客 (1963, 王为一)",3,●, , , , ,●, , ,七十二家房客,[2274200](https://movie.douban.com/subject/2274200/),1963,8.1,王为一,剧情/喜剧,中国大陆/中国香港,83分钟,tt4925042
106,"农奴 (1963, 李俊)",5,●,●, ,●,●, ,●, ,农奴,[1917633](https://movie.douban.com/subject/1917633/),1963,8.0,李俊,剧情,中国大陆,88分钟,tt2034747
104,"冰山上的来客 (1963, 赵心水)",1, , , , , , ,●, ,冰山上的来客,[1422286](https://movie.douban.com/subject/1422286/),1963,8.0,赵心水,剧情/悬疑/战争,中国大陆,101分钟,tt6635034
110,"小儿女 (1963, 王天林)",1, , , , ,●, , , ,小儿女,[1755397](https://movie.douban.com/subject/1755397/),1963,7.6,王天林,剧情/喜剧/爱情/家庭,中国香港,96 分钟,tt0199150
109,"小兵张嘎 (1963, 崔嵬/欧阳红樱)",4, ,●, , , ,●,●, ,小兵张嘎,[1461964](https://movie.douban.com/subject/1461964/),1963,7.9,崔嵬/欧阳红樱,剧情/儿童/战争,中国大陆,101分钟,tt6485574
112,"早春二月 (1963, 谢铁骊)",8,●,●, ,●,●,●,●,91,早春二月,[1401269](https://movie.douban.com/subject/1401269/),1963,8.2,谢铁骊,剧情/爱情,中国大陆,108分钟(美国)/120分钟(中国大陆),tt0057713
105,"梁山伯与祝英台 梁山伯與祝英台 (1963, 李翰祥)",5, ,●,38,●,●, , ,11,梁山伯与祝英台 梁山伯與祝英台,[1438020](https://movie.douban.com/subject/1438020/),1963,8.5,李翰祥,爱情/古装/戏曲,中国香港,122分钟,tt0057248
108,"武则天 武則天 (1963, 李翰祥)",2, ,●, , ,●, , , ,武则天 武則天,[1759983](https://movie.douban.com/subject/1759983/),1963,6.7,李翰祥,剧情/历史/古装,中国香港,112分钟,tt0054486
111,"野火春风斗古城 (1963, 严寄洲)",1, , , , , , ,●, ,野火春风斗古城,[1483955](https://movie.douban.com/subject/1483955/),1963,7.6,严寄洲,剧情/历史/战争,中国大陆,106分钟,tt6554184
114,"舞台姐妹 (1964, 谢晋)",4,●,●,53, ,●, , , ,舞台姐妹,[1424632](https://movie.douban.com/subject/1424632/),1964,7.7,谢晋,剧情,中国大陆,114分钟,tt0081553
115,"英雄儿女 (1964, 武兆堤)",1, , , , , , ,●, ,英雄儿女,[1438091](https://movie.douban.com/subject/1438091/),1964,8.0,武兆堤,剧情/战争,中国大陆,109分钟,tt0188299
113,"阿诗玛 (1964, 刘琼)",2, , , , , ,●, , ,阿诗玛,[1437857](https://movie.douban.com/subject/1437857/),1964,7.8,刘琼,爱情/歌舞/奇幻,中国大陆,88分钟,tt0333099
118,"养鸭人家 養鴨人家 (1965, 李行)",5,●,●, ,●, , ,●,50,养鸭人家 養鴨人家,[4063400](https://movie.douban.com/subject/4063400/),1965,6.7,李行,爱情,中国台湾,110分钟,tt1345532
116,"地道战 (1965, 任旭东)",2, , , , , ,●, , ,地道战,[3033864](https://movie.douban.com/subject/3033864/),1965,8.3,任旭东,战争,中国大陆,101分钟,tt1110246
117,"如来神掌怒碎万剑门 如來神掌怒碎萬劍門 (1965, 凌云)",1, , , , ,●, , , ,如来神掌怒碎万剑门 如來神掌怒碎萬劍門,[4233604](https://movie.douban.com/subject/4233604/),1965,7.2,凌云,动作/奇幻/武侠/古装,中国香港,102分钟,tt4774306
119,"大醉侠 大醉俠 (1966, 胡金铨)",1, , , , ,●, , , ,大醉侠 大醉俠,[1301946](https://movie.douban.com/subject/1301946/),1966,7.5,胡金铨,动作/武侠/古装,中国香港,95分钟,tt0059079
120,"蓝与黑 藍與黑 (1966, 陶秦)",1, , , , , , , ,91,蓝与黑 藍與黑,[1299320](https://movie.douban.com/subject/1299320/),1966,6.8,陶秦,剧情/爱情/战争,中国香港,122分钟,tt0183388
122,"独臂刀 獨臂刀 (1967, 张彻)",6,●,●,15, , ,●, ,73,独臂刀 獨臂刀,[1297979](https://movie.douban.com/subject/1297979/),1967,7.4,张彻,剧情/动作/武侠/古装,中国香港,111分钟,tt0061597
121,"碧眼魔女 (1967, 陈烈品)",1, ,●, , , , , , ,碧眼魔女,[3618660](https://movie.douban.com/subject/3618660/),1967, ,陈烈品,恐怖,中国香港,95分钟,tt3848492
125,"英雄本色 (1967, 龙刚)",3, ,●,40, ,●, , , ,英雄本色,[1401264](https://movie.douban.com/subject/1401264/),1967,8.5,龙刚,剧情/动作/犯罪,中国香港,118分钟,tt0193645
124,"路 (1967, 李行)",2, ,●, , ,●, , , ,路,[2287851](https://movie.douban.com/subject/2287851/),1967, ,李行,剧情/爱情/家庭,中国台湾,96分钟,tt7176712
123,"龙门客栈 龍門客棧 (1967, 胡金铨)",6,●,●,7, , ,●, ,9,龙门客栈 龍門客棧,[1459054](https://movie.douban.com/subject/1459054/),1967,8.2,胡金铨,动作/冒险/武侠/古装,中国台湾,112分钟,tt0060635
126,"冬恋 (1968, 楚原)",1, , , , ,●, , , ,冬恋,[1307753](https://movie.douban.com/subject/1307753/),1968, ,楚原,剧情,中国香港,109分钟,tt0062715
129,"玉女添丁 (1968, 楚原)",2, ,●, , ,●, , , ,玉女添丁,[1298436](https://movie.douban.com/subject/1298436/),1968,7.5,楚原,喜剧,中国香港,100分钟,tt0063828
128,"破晓时分 破曉時分 (1968, 李翰祥/宋存寿)",5,●,●,58, ,●, , ,27,破晓时分 破曉時分,[1904329](https://movie.douban.com/subject/1904329/),1968,8.1,李翰祥/宋存寿,剧情/古装,中国台湾,106分钟,tt0054191
127,"董夫人 (1968, 唐书璇)",5,●,●,20, ,●, , ,44,董夫人,[1297767](https://movie.douban.com/subject/1297767/),1968,8.1,唐书璇,剧情/爱情/古装,中国香港,94分钟,tt0074151
130,"冬暖 (1969, 李翰祥)",4,●,●,48, ,●, , , ,冬暖,[3286766](https://movie.douban.com/subject/3286766/),1969,7.5,李翰祥,剧情/爱情,中国台湾,96分钟,tt0186699
131,"黄飞鸿浴血硫磺谷 黃飛鴻浴血硫磺谷 (1969, 王风)",1, ,●, , , , , , ,黄飞鸿浴血硫磺谷 黃飛鴻浴血硫磺谷,[10487210](https://movie.douban.com/subject/10487210/),1969, ,王风,动作,中国香港,96分钟,tt0064453
135,"侠女 俠女 (1970, 胡金铨)",9,●,●,9,●,●,●,●,15,侠女 俠女,[1306490](https://movie.douban.com/subject/1306490/),1970,8.6,胡金铨,剧情/动作/武侠/古装,中国台湾/中国香港,179分钟/200分钟(上下集),tt0064451
136,"再见阿郎 (1970, 白景瑞)",3, ,●, , ,●, , ,48,再见阿郎,[3611705](https://movie.douban.com/subject/3611705/),1970,6.7,白景瑞,爱情,中国台湾,92 分钟(台湾),tt1111842
134,"十三太保 (1970, 张彻)",2, , , , , ,●, , ,十三太保,[1306416](https://movie.douban.com/subject/1306416/),1970,7.4,张彻,剧情/动作/武侠/古装,中国香港,117分钟,tt0070684
132,"家在台北 (1970, 白景瑞)",2,●, , , , , ,●, ,家在台北,[1779639](https://movie.douban.com/subject/1779639/),1970,6.9,白景瑞,剧情/家庭,中国台湾, ,tt0978620
133,"路客与刀客 (1970, 张曾泽)",1, ,●, , , , , , ,路客与刀客,[2245836](https://movie.douban.com/subject/2245836/),1970,7.4,张曾泽,剧情/动作/武侠,中国香港,79分钟,tt0187252
137,"新独臂刀 新獨臂刀 (1971, 张彻)",1, , , , ,●, , , ,新独臂刀 新獨臂刀,[1302128](https://movie.douban.com/subject/1302128/),1971,8.0,张彻,动作/武侠/古装,中国香港,94分钟,tt0069518
138,"爱奴 愛奴 (1972, 楚原)",2, ,●, , ,●, , , ,爱奴 愛奴,[1307770](https://movie.douban.com/subject/1307770/),1972,6.8,楚原,情色/同性/武侠/古装,中国香港,90分钟(德国)/86分钟(美国),tt0068744
140,"猛龙过江 猛龍過江 (1972, 李小龙)",3, ,●, , ,●, , ,58,猛龙过江 猛龍過江,[1306870](https://movie.douban.com/subject/1306870/),1972,8.4,李小龙,剧情/喜剧/动作/惊悚/犯罪,中国香港,100分钟,tt0068935
141,"秋决 (1972, 李行)",3, , ,85,●, , , ,38,秋决,[1848198](https://movie.douban.com/subject/1848198/),1972,7.7,李行,家庭/犯罪/古装,中国台湾,99 分钟,tt1033618
139,"精武门 精武門 (1972, 罗维)",6,●,●,16,●, , ,●,30,精武门 精武門,[1294991](https://movie.douban.com/subject/1294991/),1972,8.5,罗维,剧情/动作/爱情/惊悚,中国香港,102分钟,tt0068767
143,"七十二家房客 (1973, 楚原)",1, , ,72, , , , , ,七十二家房客,[1304957](https://movie.douban.com/subject/1304957/),1973,7.4,楚原,喜剧,中国香港,98分钟,tt0070196
142,"母亲三十岁 母親三十歲/母親三十歲/海天一泪 (1973, 宋存寿)",2, ,●, , , , , ,66,母亲三十岁 母親三十歲,[4189662](https://movie.douban.com/subject/4189662/),1973,6.9,宋存寿,剧情,中国台湾,98分钟,tt4036064
144,"创业 (1974, 于彦夫)",1, , , , , , ,●, ,创业,[1305040](https://movie.douban.com/subject/1305040/),1974,6.7,于彦夫,剧情,中国大陆,142分钟,tt0340046
376,"英烈千秋 (1974, 丁善玺)",1,●, , , , , , , ,英烈千秋,[1918131](https://movie.douban.com/subject/1918131/),1974,7.5,丁善玺,历史/战争,中国台湾,115分钟,tt1464605
146,"天才与白痴 天才與白痴 (1975, 许冠文)",1, , , , , , , ,91,天才与白痴 天才與白痴,[1298003](https://movie.douban.com/subject/1298003/),1975,7.5,许冠文,喜剧,中国香港,98 分钟,tt0100776
145,"洪拳小子 (1975, 张彻)",1, ,●, , , , , , ,洪拳小子,[1308125](https://movie.douban.com/subject/1308125/),1975,7.0,张彻,剧情/动作,中国香港,106分钟,tt0073121
147,"半斤八两 半斤八兩 (1976, 许冠文)",7,●,●,13, ,●,●, ,66,半斤八两 半斤八兩,[1448758](https://movie.douban.com/subject/1448758/),1976,8.3,许冠文,喜剧,中国香港,94分钟,tt0074179
148,"天涯明月刀/天涯，明月，刀 (1976, 楚原)",1, ,●, , , , , , ,天涯明月刀,[1300166](https://movie.douban.com/subject/1300166/),1976,7.6,楚原,剧情/动作/武侠/古装,中国香港,97分钟,tt0075329
149,"洪熙官 (1977, 刘家良)",1, ,●, , , , , , ,洪熙官,[1771533](https://movie.douban.com/subject/1771533/),1977,6.7,刘家良,动作/古装,中国香港,98分钟,tt0076168
152,"再见中国 (1978, 唐书璇)",4,●,●,78, ,●, , , ,再见中国,[1306770](https://movie.douban.com/subject/1306770/),1978,7.6,唐书璇, ,台湾,110分钟,tt0071314
150,"少林三十六房 (1978, 刘家良)",2,●, , , ,●, , , ,少林三十六房,[1390006](https://movie.douban.com/subject/1390006/),1978,7.7,刘家良,剧情/动作/冒险/武侠/古装,中国香港,115分钟,tt0078243
151,"汪洋中的一条船 汪洋中的一條船 (1978, 李行)",1, , , , , , , ,83,汪洋中的一条船 汪洋中的一條船,[1419294](https://movie.douban.com/subject/1419294/),1978,7.4,李行,剧情,中国台湾,110分钟,tt0079277
153,"醉拳 (1978, 袁和平)",4, ,●,33, , , ,●,66,醉拳,[1296693](https://movie.douban.com/subject/1296693/),1978,7.8,袁和平,喜剧/动作,中国香港,111 分钟,tt0080179
160,"哪吒闹海 (1979, 王树忱/严定宪/徐景达)",2, , , , , ,●, , ,哪吒闹海,[1307315](https://movie.douban.com/subject/1307315/),1979,9.2,王树忱/严定宪/徐景达,动画/奇幻/冒险,中国大陆,65分钟,tt0354770
162,"小花/觅 (1979, 张铮/黄健中)",1, , , , , , ,●, ,小花,[1309226](https://movie.douban.com/subject/1309226/),1979,7.5,张铮/黄健中,剧情/战争,中国大陆,96分钟,tt0081781
156,"归心似箭 (1979, 李俊)",1, ,●, , , , , , ,归心似箭,[1302573](https://movie.douban.com/subject/1302573/),1979,7.5,李俊,战争,中国大陆,110分钟,tt0333527
161,"曙光 (1979, 沈浮)",1, ,●, , , , , , ,曙光,[1827618](https://movie.douban.com/subject/1827618/),1979,6.8,沈浮,惊悚/战争,中国大陆,153分钟,tt0348014
159,"烂头何 爛頭何/功夫马骝/斗智斗力斗功夫 (1979, 刘家良)",1, ,●, , , , , , ,烂头何 爛頭何,[1481837](https://movie.douban.com/subject/1481837/),1979,7.0,刘家良,喜剧/武侠/古装,中国香港,103 分钟(美国)/97 分钟(香港),tt0079432
155,"疯劫 瘋劫/情痴 (1979, 许鞍华)",5,●,●,31,●,●, , , ,疯劫 瘋劫,[1301143](https://movie.douban.com/subject/1301143/),1979,6.8,许鞍华,剧情/悬疑/惊悚,中国香港,85分钟/90分钟(蓝光版),tt0079146
158,"空山灵雨 空山靈雨 (1979, 胡金铨)",2, ,●,59, , , , , ,空山灵雨 空山靈雨,[1301136](https://movie.douban.com/subject/1301136/),1979,8.4,胡金铨,剧情/动作/武侠/古装,中国香港,120分钟,tt0192213
154,"蝶变 蝶變/红叶手札 (1979, 徐克)",5,●,●,34,●, , ,●, ,蝶变 蝶變,[1304940](https://movie.douban.com/subject/1304940/),1979,7.2,徐克,动作/悬疑/武侠/古装,中国香港,89分钟,tt0079051
157,"行规 行規 (1979, 翁维铨)",1, ,●, , , , , , ,行规 行規,[3072985](https://movie.douban.com/subject/3072985/),1979,7.6,翁维铨,剧情/犯罪,中国香港,83分钟,tt0470963
166,"万人斩 萬人斬/无情捕快 (1980, 桂治洪)",1, ,●, , , , , , ,万人斩 萬人斬,[2145869](https://movie.douban.com/subject/2145869/),1980,7.2,桂治洪,剧情/动作/武侠/古装,中国香港,98分钟,tt0083313
165,"三个和尚 (1980, 徐景达)",1, , , , , , ,●, ,三个和尚,[1431699](https://movie.douban.com/subject/1431699/),1980,8.8,徐景达,动画/短片,中国大陆,20分钟,tt0133191
163,"巴山夜雨 (1980, 吴永刚/吴贻弓)",2, , , , , ,●, , ,巴山夜雨,[1433579](https://movie.douban.com/subject/1433579/),1980,8.0,吴永刚/吴贻弓,剧情,中国大陆,78分钟,tt0080404
167,"撞到正/小姐撞到鬼 (1980, 许鞍华)",3, ,●,79, , , , ,58,撞到正,[1401486](https://movie.douban.com/subject/1401486/),1980,6.6,许鞍华,喜剧/动作/惊悚,中国香港,97分钟,tt0081803
164,"第一类型危险 第一類型危險 (1980, 徐克)",5, ,●,67, ,●,●, , ,第一类型危险 第一類型危險,[1401265](https://movie.douban.com/subject/1401265/),1980,7.7,徐克,动作/惊悚/犯罪,中国香港,91分钟,tt0083199
173,"天云山传奇 (1981, 谢晋)",5,●, , ,●, ,●,●, ,天云山传奇,[1291864](https://movie.douban.com/subject/1291864/),1981,8.2,谢晋,剧情,中国大陆,121分钟,tt0081632
172,"沙鸥 (1981, 张暖忻)",1, , , , , , ,●, ,沙鸥,[1434171](https://movie.douban.com/subject/1434171/),1981,7.2,张暖忻,剧情/运动,中国大陆,84分钟,tt0083060
171,"父子情 (1981, 方育平)",3,●,●,26, , , , , ,父子情,[1302988](https://movie.douban.com/subject/1302988/),1981,7.4,方育平,剧情/家庭,中国香港,97 分钟,tt0082428
169,"被爱情遗忘的角落 (1981, 张其/李亚林)",2,●, , , ,●, , , ,被爱情遗忘的角落,[1759783](https://movie.douban.com/subject/1759783/),1981,7.6,张其/李亚林,剧情,中国大陆,91分钟,tt0342095
174,"西安事变 (1981, 成荫)",1, , , , , , ,●, ,西安事变,[1667008](https://movie.douban.com/subject/1667008/),1981,7.2,成荫,剧情/历史,中国大陆,173分钟,tt0083345
168,"败家仔 敗家仔 (1981, 洪金宝)",2, ,●, , ,●, , , ,败家仔 敗家仔,[1292601](https://movie.douban.com/subject/1292601/),1981,7.7,洪金宝,喜剧/动作,中国香港,104分钟,tt0085211
170,"边缘人 邊緣人 (1981, 章国明)",2,●, , , ,●, , , ,边缘人 邊緣人,[1727285](https://movie.douban.com/subject/1727285/),1981,7.8,章国明,剧情/犯罪,中国香港,98分钟,tt0185188
181,"人到中年 (1982, 王启民/孙羽)",1, , , , , , ,●, ,人到中年,[1299884](https://movie.douban.com/subject/1299884/),1982,8.2,王启民/孙羽,剧情,中国大陆,98分钟,tt0227366
176,"光阴的故事 光陰的故事 (1982, 杨德昌/柯一正/陶德辰/张毅)",2,●, , , , , , ,73,光阴的故事 光陰的故事,[1308146](https://movie.douban.com/subject/1308146/),1982,7.7,杨德昌/柯一正/陶德辰/张毅,剧情,中国台湾,106分钟(台湾),tt0085626
182,"如意 (1982, 黄健中)",1, ,●, , , , , , ,如意,[1301873](https://movie.douban.com/subject/1301873/),1982,7.5,黄健中,剧情/爱情,中国大陆,97分钟,tt0334262
183,"少林寺 (1982, 张鑫炎)",1, , , , , , ,●, ,少林寺,[1301198](https://movie.douban.com/subject/1301198/),1982,8.3,张鑫炎,动作/武侠/古装,中国大陆/中国香港,92分钟,tt0079891
184,"投奔怒海 (1982, 许鞍华)",7,●,●,8, ,●,●, ,83,投奔怒海,[1296557](https://movie.douban.com/subject/1296557/),1982,8.5,许鞍华,剧情,中国香港,109 分钟,tt0084807
177,"烈火青春/反斗帮 (1982, 谭家明)",3, ,●,73, ,●, , , ,烈火青春,[1305364](https://movie.douban.com/subject/1305364/),1982,7.4,谭家明,剧情/爱情/惊悚,中国香港,96分钟,tt0084248
180,"牧马人 (1982, 谢晋)",2, , , , , ,●, , ,牧马人,[1308038](https://movie.douban.com/subject/1308038/),1982,9.1,谢晋,剧情/爱情,中国大陆,99分钟,tt0084363
175,"茶馆 (1982, 谢添)",2, , , , , ,●, , ,茶馆,[1461403](https://movie.douban.com/subject/1461403/),1982,9.6,谢添,剧情/历史,中国大陆,118分钟,tt1395030
178,"邻居 (1982, 徐谷明/郑洞天)",1, , , , , , ,●, ,邻居,[1433111](https://movie.douban.com/subject/1433111/),1982,7.6,徐谷明/郑洞天,剧情,中国大陆,104分钟,tt0082662
179,"骆驼祥子 (1982, 凌子风)",2, ,●, , , , ,●, ,骆驼祥子,[1307970](https://movie.douban.com/subject/1307970/),1982,8.5,凌子风,剧情,中国大陆,113分钟,tt0084280
185,"A计划 A計劃 (1983, 成龙)",3,●, , , , ,●, , ,A计划 A計劃,[1297909](https://movie.douban.com/subject/1297909/),1983,8.2,成龙,喜剧/动作,中国香港,105分钟/97分钟(美国),tt0085127
196,"一个和八个 (1983, 张军钊)",4,●,●, ,●, , ,●, ,一个和八个,[1304771](https://movie.douban.com/subject/1304771/),1983,7.3,张军钊,剧情/战争,中国大陆,87分钟,tt0086621
194,"乡音 (1983, 胡炳榴)",1, ,●, , , , , , ,乡音,[2148300](https://movie.douban.com/subject/2148300/),1983,7.7,胡炳榴,剧情,中国大陆,83分钟,tt0362288
190,"儿子的大玩偶 兒子的大玩偶 (1983, 侯孝贤/万仁/曾壮祥)",3,●, , , ,●, , ,27,儿子的大玩偶 兒子的大玩偶,[1302912](https://movie.douban.com/subject/1302912/),1983,8.1,侯孝贤/万仁/曾壮祥,剧情,中国台湾,105分钟,tt0085503
186,"半边人 半邊人 (1983, 方育平)",6,●,●,68, ,●,●, , ,半边人 半邊人,[1299619](https://movie.douban.com/subject/1299619/),1983,8.2,方育平,剧情/爱情,中国香港,110 分钟,tt0085144
188,"垂帘听政 垂簾聽政 (1983, 李翰祥)",1, ,●, , , , , , ,垂帘听政 垂簾聽政,[1301081](https://movie.douban.com/subject/1301081/),1983,7.6,李翰祥,剧情/历史/古装,中国大陆/中国香港,102分钟,tt0085336
187,"城南旧事 (1983, 吴贻弓)",3,●, , ,●, , ,●, ,城南旧事,[1300894](https://movie.douban.com/subject/1300894/),1983,9.1,吴贻弓,剧情,中国大陆,88分钟,tt0085326
195,"小毕的故事 小畢的故事 (1983, 陈坤厚)",3,●,●, , , , , ,56,小毕的故事 小畢的故事,[1305579](https://movie.douban.com/subject/1305579/),1983,8.3,陈坤厚,剧情,中国台湾,100 分钟,tt0085695
189,"打擂台 (1983, 黄志强)",2, ,●,96, , , , , ,打擂台,[1307069](https://movie.douban.com/subject/1307069/),1983,5.8,黄志强,剧情/动作,中国香港,78分钟,tt0084056
197,"油麻菜籽 (1983, 万仁)",1, ,●, , , , , , ,油麻菜籽,[1308633](https://movie.douban.com/subject/1308633/),1983,7.7,万仁,剧情/家庭,中国台湾,110分钟,tt0337507
192,"海滩的一天 海灘的一天 (1983, 杨德昌)",1, , , , , , , ,30,海滩的一天 海灘的一天,[1298871](https://movie.douban.com/subject/1298871/),1983,8.5,杨德昌,剧情/爱情,中国台湾,166分钟,tt0085635
193,"蜀山：新蜀山剑侠 蜀山：新蜀山劍俠/新蜀山剑侠/: (1983, 徐克)",4, , ,39, , ,●, ,66,蜀山：新蜀山剑侠 蜀山：新蜀山劍俠,[1307775](https://movie.douban.com/subject/1307775/),1983,7.1,徐克,剧情/动作/奇幻/武侠/古装,中国香港,98分钟,tt0086308
191,"风柜来的人 風櫃來的人 (1983, 侯孝贤)",5, ,●, ,●, ,●, ,23,风柜来的人 風櫃來的人,[1299436](https://movie.douban.com/subject/1299436/),1983,8.4,侯孝贤,剧情,中国台湾,100分钟,tt0085533
201,"上海之夜/夜上海 (1984, 徐克)",2, ,●,97, , , , , ,上海之夜,[1299523](https://movie.douban.com/subject/1299523/),1984,7.6,徐克,剧情/喜剧/歌舞,中国香港,103 分钟,tt0088097
204,"五郎八卦棍/8 (1984, 刘家良)",2, ,●,98, , , , , ,五郎八卦棍,[1666889](https://movie.douban.com/subject/1666889/),1984,7.1,刘家良,剧情/动作/武侠/古装,中国香港,98 分钟,tt0086606
200,"人生 (1984, 吴天明)",1, ,●, , , , , , ,人生,[1299042](https://movie.douban.com/subject/1299042/),1984,8.5,吴天明,剧情/爱情,中国大陆,125分钟/160分钟(上下集),tt0087992
203,"似水流年/纸蝴蝶 (1984, 严浩)",7,●,●,23, ,●,●,●, ,似水流年,[1294139](https://movie.douban.com/subject/1294139/),1984,8.2,严浩,剧情,中国香港/中国大陆,94分钟,tt0088126
375,"冬冬的假期 (1984, 侯孝贤)",1,●, , , , , , , ,冬冬的假期,[1299103](https://movie.douban.com/subject/1299103/),1984,8.7,侯孝贤,剧情/儿童,中国台湾,98分钟,tt0087164
205,"玉卿嫂 (1984, 张毅)",5, ,●, ,●,●, ,●,73,玉卿嫂,[4411139](https://movie.douban.com/subject/4411139/),1984,7.6,张毅,剧情/爱情,中国台湾,107分钟,tt1587888
202,"省港旗兵 (1984, 麦当雄)",6,●,●,6, ,●,●, , ,省港旗兵,[1292846](https://movie.douban.com/subject/1292846/),1984,7.9,麦当雄,动作/犯罪,中国香港,100分钟(DVD版)/106分钟(BD版),tt0088107
198,"策马入林 策馬入林 (1984, 王童)",1, ,●, , , , , , ,策马入林 策馬入林,[1448826](https://movie.douban.com/subject/1448826/),1984,7.4,王童,动作/冒险/武侠/古装,中国台湾,115 分钟,tt0342176
374,"老莫的第二个春天 老莫的第2個春天/. (1984, 李佑宁)",1,●, , , , , , , ,老莫的第二个春天 老莫的第2個春天,[1401754](https://movie.douban.com/subject/1401754/),1984,7.9,李佑宁,剧情/喜剧,中国台湾,113分钟,tt0183390
199,"黄土地/深谷回声 (1984, 陈凯歌)",9,●,●,4,●,●,●,●,13,黄土地,[1291876](https://movie.douban.com/subject/1291876/),1984,8.0,陈凯歌,剧情/音乐,中国大陆,89分钟(德国)/91分钟(瑞典),tt0087433
206,"僵尸先生 殭屍先生/暂时停止呼吸(台)/霊幻道士(日)/. (1985, 刘观伟)",1, ,●, , , , , , ,僵尸先生 殭屍先生,[1295933](https://movie.douban.com/subject/1295933/),1985,8.5,刘观伟,喜剧/动作/奇幻,中国香港,96 分钟,tt0089371
212,"我这样过了一生 我這樣過了一生 (1985, 张毅)",2, , , , , ,●, , ,我这样过了一生 我這樣過了一生,[1302637](https://movie.douban.com/subject/1302637/),1985,8.4,张毅,剧情/家庭,中国台湾,120分钟,tt0092231
211,"童年往事/生死同代 (1985, 侯孝贤)",7,●,●,24, ,●,●, ,3,童年往事,[1300572](https://movie.douban.com/subject/1300572/),1985,8.9,侯孝贤,剧情/家庭/传记,中国台湾,137分钟,tt0090185
208,"绝响 (1985, 张泽鸣)",2, ,●, , ,●, , , ,绝响,[1300207](https://movie.douban.com/subject/1300207/),1985,8.0,张泽鸣,剧情,中国大陆,103分钟,tt0089389
207,"警察故事 (1985, 成龙)",5, ,●,60,●, , ,●,91,警察故事,[1400868](https://movie.douban.com/subject/1400868/),1985,8.2,成龙,喜剧/动作/惊悚/犯罪,中国香港,101 分钟/106 分钟(日本加长版)/99 分钟(英国)/90 分钟(美国),tt0089374
209,"青春祭/远乡 (1985, 张暖忻)",1, ,●, , , , , , ,青春祭,[1428208](https://movie.douban.com/subject/1428208/),1985,8.3,张暖忻,剧情,中国大陆,96分钟,tt0089864
210,"青梅竹马 青梅竹馬 (1985, 杨德昌)",4, ,●,80, ,●, , ,50,青梅竹马 青梅竹馬,[1305327](https://movie.douban.com/subject/1305327/),1985,8.0,杨德昌,剧情,中国台湾,120分钟,tt0089866
214,"地下情 (1986, 关锦鹏)",1, ,●, , , , , , ,地下情,[1298272](https://movie.douban.com/subject/1298272/),1986,7.4,关锦鹏,剧情,中国香港,96 分钟,tt0090922
220,"孙中山 (1986, 丁荫楠)",2, ,●, , , , ,●, ,孙中山,[1304017](https://movie.douban.com/subject/1304017/),1986,6.8,丁荫楠,剧情,中国大陆,150分钟,tt0348143
218,"恋恋风尘 戀戀風塵 (1986, 侯孝贤)",2, , ,74, , , , ,7,恋恋风尘 戀戀風塵,[1292330](https://movie.douban.com/subject/1292330/),1986,8.7,侯孝贤,剧情/爱情,中国台湾,109分钟,tt0091406
216,"恐怖分子 恐怖份子/请假装你会舍不得我 (1986, 杨德昌)",6,●,●,41, , ,●, ,11,恐怖分子 恐怖份子,[1305261](https://movie.douban.com/subject/1305261/),1986,9.0,杨德昌,剧情/犯罪,中国台湾,109 分钟,tt0091355
213,"盗马贼 (1986, 田壮壮)",6,●,●, ,●,●,●, , ,盗马贼,[1305085](https://movie.douban.com/subject/1305085/),1986,7.4,田壮壮,剧情,中国大陆,88分钟/86分钟(修复版),tt0090907
219,"美国心 美國心 (1986, 方育平)",1, ,●, , , , , , ,美国心 美國心,[1301041](https://movie.douban.com/subject/1301041/),1986,7.2,方育平,剧情/爱情,中国香港,93分钟,tt0091505
217,"老井 (1986, 吴天明)",6,●,●, ,●,●, ,●,58,老井,[1308070](https://movie.douban.com/subject/1308070/),1986,8.1,吴天明,剧情/爱情,中国大陆,130分钟,tt0091377
223,"英雄本色 (1986, 吴宇森)",8,●,●,2, ,●,●,●,17,英雄本色,[1297574](https://movie.douban.com/subject/1297574/),1986,8.6,吴宇森,剧情/动作/犯罪,中国香港,95分钟,tt0092263
221,"血战台儿庄 (1986, 杨光远/翟俊杰)",4,●, , , , ,●,●, ,血战台儿庄,[1307201](https://movie.douban.com/subject/1307201/),1986,8.6,杨光远/翟俊杰,历史/战争,中国大陆,129分钟,tt0340453
222,"野山 (1986, 颜学恕)",2, ,●, , , , ,●, ,野山,[1986919](https://movie.douban.com/subject/1986919/),1986,7.8,颜学恕,剧情,中国大陆,105分钟,tt0089335
215,"黑炮事件/黑砲事件 (1986, 黄建新)",6,●,●,99,●,●, ,●, ,黑炮事件,[1434269](https://movie.douban.com/subject/1434269/),1986,8.7,黄建新,剧情/喜剧,中国大陆,99分钟,tt0091190
231,"人·鬼·情/人鬼情 (1987, 黄蜀芹)",2, , , ,●, , ,●, ,人·鬼·情,[1307320](https://movie.douban.com/subject/1307320/),1987,8.6,黄蜀芹,剧情,中国大陆,105分钟,tt0093844
229,"倩女幽魂/倩女幽魂：妖魔道 (1987, 程小东)",7,●,●,50, ,●,●, ,38,倩女幽魂,[1297447](https://movie.douban.com/subject/1297447/),1987,8.8,程小东,爱情/奇幻/武侠/古装,中国香港,98分钟(香港)/96分钟,tt0093978
226,"孩子王 (1987, 陈凯歌)",3, ,●, , , ,●, , ,孩子王,[1293391](https://movie.douban.com/subject/1293391/),1987,8.2,陈凯歌,剧情,中国大陆,110分钟,tt0093133
227,"监狱风云 監獄風雲 (1987, 林岭东)",2, , , , , ,●, , ,监狱风云 監獄風雲,[1293422](https://movie.douban.com/subject/1293422/),1987,8.4,林岭东,剧情/动作/犯罪,中国香港,101分钟,tt0093304
230,"秋天的童话 秋天的童話/流氓大亨/' (1987, 张婉婷)",2, , ,49, , , , ,56,秋天的童话 秋天的童話,[1301912](https://movie.douban.com/subject/1301912/),1987,8.5,张婉婷,剧情/爱情,中国香港,98分钟,tt0093426
224,"稻草人 (1987, 王童)",2, , , , , , ,●,66,稻草人,[1308607](https://movie.douban.com/subject/1308607/),1987,8.6,王童,喜剧/历史/战争,中国台湾,94分钟,tt0092829
232,"胭脂扣 (1987, 关锦鹏)",6,●,●,21, ,●, ,●,27,胭脂扣,[1299288](https://movie.douban.com/subject/1299288/),1987,8.5,关锦鹏,剧情/爱情/奇幻,中国香港,96分钟,tt0093258
225,"芙蓉镇 (1987, 谢晋)",6, ,●,86,●, ,●,●, ,芙蓉镇,[1297880](https://movie.douban.com/subject/1297880/),1987,9.3,谢晋,剧情/爱情,中国大陆,164 分钟,tt0087301
228,"龙虎风云 龍虎風雲 (1987, 林岭东)",4,●,●,54, ,●, , , ,龙虎风云 龍虎風雲,[1299658](https://movie.douban.com/subject/1299658/),1987,7.7,林岭东,剧情/动作/惊悚/犯罪,中国香港,105分钟,tt0093435
371,"天安门 (1988, 时间)",1, , , ,●, , , , ,天安门, ,1988, ,时间,纪录片,中国大陆, , 
236,"旺角卡门 旺角卡門/热血男儿(台) (1988, 王家卫)",2,●, ,88, , , , , ,旺角卡门 旺角卡門,[1304624](https://movie.douban.com/subject/1304624/),1988,7.8,王家卫,剧情/爱情/犯罪,中国香港,102 分钟,tt0096461
234,"童党 童黨 (1988, 刘国昌)",1, ,●, , , , , , ,童党 童黨,[1764251](https://movie.douban.com/subject/1764251/),1988,7.6,刘国昌,剧情/动作/犯罪,中国香港,98 分钟,tt0096284
233,"红高粱 (1988, 张艺谋)",9,●,●,25,●,●,●,●,22,红高粱,[1306505](https://movie.douban.com/subject/1306505/),1988,8.5,张艺谋,剧情/爱情/历史/战争,中国大陆,91分钟,tt0093206
235,"顽主 (1988, 米家山)",1, , , ,●, , , , ,顽主,[1307690](https://movie.douban.com/subject/1307690/),1988,8.4,米家山,剧情/喜剧,中国大陆,100分钟,tt0276615
238,"喋血双雄 喋血雙雄 (1989, 吴宇森)",4, ,●,42, , ,●, , ,喋血双雄 喋血雙雄,[1296519](https://movie.douban.com/subject/1296519/),1989,8.5,吴宇森,剧情/动作/惊悚/犯罪,中国香港,111分钟,tt0097202
240,"开国大典 (1989, 李前宽/肖桂云)",1, , , , , , ,●, ,开国大典,[3147497](https://movie.douban.com/subject/3147497/),1989,7.9,李前宽/肖桂云,剧情/历史/战争,中国大陆,171分钟,tt1220564
237,"悲情城市 (1989, 侯孝贤)",9,●,●,5,●,●,●,●,1,悲情城市,[1294194](https://movie.douban.com/subject/1294194/),1989,9.0,侯孝贤,剧情/历史,中国台湾,157分钟,tt0096908
241,"晚钟 (1989, 吴子牛)",1, , , ,●, , , , ,晚钟,[1433368](https://movie.douban.com/subject/1433368/),1989,7.5,吴子牛,剧情,中国大陆,90分钟,tt0092192
239,"赌神 賭神 (1989, 王晶)",1, , ,87, , , , , ,赌神 賭神,[1300883](https://movie.douban.com/subject/1300883/),1989,8.5,王晶,剧情/喜剧,中国香港,126 分钟,tt0097244
243,"本命年 (1990, 谢飞)",5, ,●, ,●, ,●,●, ,本命年,[1296266](https://movie.douban.com/subject/1296266/),1990,8.3,谢飞,剧情/爱情,中国大陆,108分钟,tt0123450
245,"流浪北京 (1990, 吴文光)",1, , , ,●, , , , ,流浪北京,[1461188](http://movie.douban.com/subject/1461188),1990,7.9,吴文光,纪录片,中国大陆,69分钟,tt5673218
244,"焦裕禄 (1990, 王冀邢)",1, , , , , , ,●, ,焦裕禄,[1439400](https://movie.douban.com/subject/1439400/),1990,7.8,王冀邢,剧情/传记,中国大陆,100分钟,tt0470385
246,"舞台姊妹/舞台姐妹 (1990, 午马)",1, , , , , , , ,91,舞台姊妹,[1895615](https://movie.douban.com/subject/1895615/),1990,7.3,午马,剧情/动作,中国香港,94分钟,tt0100962
242,"阿飞正传 阿飛正傳 (1990, 王家卫)",6, ,●,3, ,●,●, ,4,阿飞正传 阿飛正傳,[1305690](https://movie.douban.com/subject/1305690/),1990,8.5,王家卫,剧情/爱情/犯罪,中国香港,94分钟,tt0101258
255,"双旗镇刀客 (1991, 何平)",7,●,●, ,●,●,●,●, ,双旗镇刀客,[1307812](https://movie.douban.com/subject/1307812/),1991,8.4,何平,动作/冒险/武侠,中国大陆,91分钟,tt0102917
249,"大决战之辽沈战役/大决战第一部：辽沈战役 (1991, 李俊/杨光远)",1, , , , , , ,●, ,大决战之辽沈战役,[1424552](https://movie.douban.com/subject/1424552/),1991,9.1,李俊/杨光远,剧情/历史/战争,中国大陆,222分钟,tt0099338
250,"大太监李莲英/李连英 (1991, 田壮壮)",1, ,●, , , , , , ,大太监李莲英,[1305720](https://movie.douban.com/subject/1305720/),1991,7.3,田壮壮,剧情/传记/历史/古装,中国大陆/中国香港,103分钟,tt0101641
248,"大红灯笼高高挂 (1991, 张艺谋)",4, ,●, , , ,●, ,50,大红灯笼高高挂,[1293323](https://movie.douban.com/subject/1293323/),1991,8.8,张艺谋,剧情,中国大陆/中国香港/中国台湾,125 分钟,tt0101640
373,"推手 (1991, 李安)",1,●, , , , , , , ,推手,[1306939](https://movie.douban.com/subject/1306939/),1991,8.4,李安,剧情/家庭,中国台湾/美国,105 分钟,tt0105652
253,"棋王 (1991, 严浩/徐克)",2, , , , , ,●, , ,棋王,[1307163](https://movie.douban.com/subject/1307163/),1991,7.8,严浩/徐克,剧情,中国香港,109分钟,tt0095450
251,"牯岭街少年杀人事件 牯嶺街少年殺人事件 (1991, 杨德昌)",9,●,●,12,●,●,●,●,2,牯岭街少年杀人事件 牯嶺街少年殺人事件,[1292329](https://movie.douban.com/subject/1292329/),1991,8.9,杨德昌,剧情/犯罪,中国台湾,237分钟(导演剪辑版),tt0101985
256,"纵横四海 緃横四海 (1991, 吴宇森)",2, , , , , ,●, , ,纵横四海 緃横四海,[1295409](https://movie.douban.com/subject/1295409/),1991,8.8,吴宇森,剧情/喜剧/动作/犯罪,中国香港,108分钟,tt0101020
247,"跛豪 (1991, 潘文杰)",2, , , , , ,●, , ,跛豪,[1296272](https://movie.douban.com/subject/1296272/),1991,8.3,潘文杰,剧情/传记/犯罪,中国香港,143分钟,tt0101490
254,"阮玲玉 (1991, 关锦鹏)",7,●,●,44,●, ,●, ,30,阮玲玉,[1293414](https://movie.douban.com/subject/1293414/),1991,8.6,关锦鹏,剧情/爱情/传记,中国香港,121分钟/154分钟(导演剪辑版),tt0102816
252,"黄飞鸿 黃飛鴻/黄飞鸿之壮志凌云/武状元黄飞鸿 (1991, 徐克)",3, ,●,43, , , , ,91,黄飞鸿 黃飛鴻,[1298443](https://movie.douban.com/subject/1298443/),1991,8.3,徐克,剧情/动作/武侠/古装,中国香港,134分钟/95分钟(德国)/99分钟(美国),tt0103285
257,"92黑玫瑰对黑玫瑰 92黑玫瑰對黑玫瑰 (1992, 刘镇伟)",5, ,●,75, ,●,●, , ,92黑玫瑰对黑玫瑰 92黑玫瑰對黑玫瑰,[1299135](https://movie.douban.com/subject/1299135/),1992,7.4,刘镇伟,喜剧/动作/爱情/歌舞,中国香港,95分钟,tt0103602
266,"周恩来 (1992, 丁荫楠)",1, , , , , , ,●, ,周恩来,[1448751](https://movie.douban.com/subject/1448751/),1992,8.7,丁荫楠,剧情/传记,中国大陆,164 分钟,tt0105895
264,"心香 (1992, 孙周)",1, ,●, , , , , , ,心香,[1440954](https://movie.douban.com/subject/1440954/),1992,8.2,孙周,剧情,中国大陆,97 分钟,tt0108612
262,"无言的山丘 無言的山丘 (1992, 王童)",2, , , ,●, , , ,83,无言的山丘 無言的山丘,[1298944](https://movie.douban.com/subject/1298944/),1992,9.2,王童,剧情/历史,中国台湾,176分钟,tt0108602
261,"秋月 (1992, 罗卓瑶)",1, ,●, , , , , , ,秋月,[1295745](https://movie.douban.com/subject/1295745/),1992,7.7,罗卓瑶,剧情/喜剧,中国香港/日本,108 分钟,tt0105198
260,"秋菊打官司 (1992, 张艺谋)",8,●,●,45,●, ,●,●,35,秋菊打官司,[1300108](https://movie.douban.com/subject/1300108/),1992,8.2,张艺谋,剧情,中国大陆/中国香港,100分钟,tt0105197
263,"笑傲江湖2：东方不败 笑傲江湖II東方不敗/笑傲江湖之东方不败 (1992, 程小东)",3, ,●, , , ,●, , ,笑傲江湖2：东方不败 笑傲江湖II東方不敗,[1294417](https://movie.douban.com/subject/1294417/),1992,8.5,程小东,剧情/爱情/武侠/古装,中国香港,107分钟,tt0103295
265,"血色清晨 (1992, 李少红)",1, ,●, , , , , , ,血色清晨,[1306830](https://movie.douban.com/subject/1306830/),1992,8.0,李少红,剧情/犯罪,中国大陆,94分钟,tt0105863
259,"青少年哪吒 (1992, 蔡明亮)",4, ,●,100, ,●, , ,58,青少年哪吒,[1307561](https://movie.douban.com/subject/1307561/),1992,8.1,蔡明亮,剧情,中国台湾,106分钟,tt0103935
258,"黄飞鸿之二：男儿当自强 黃飛鴻之二男兒當自強/黄飞鸿之男儿当自强 (1992, 徐克)",3, , , , ,●,●, , ,黄飞鸿之二：男儿当自强 黃飛鴻之二男兒當自強,[1293475](https://movie.douban.com/subject/1293475/),1992,8.2,徐克,剧情/动作/爱情/武侠/古装,中国香港,113 分钟,tt0105839
268,"北京杂种 (1993, 张元)",1, , , ,●, , , , ,北京杂种,[1310167](https://movie.douban.com/subject/1310167/),1993,6.5,张元,剧情,中国大陆,88分钟,tt0106378
271,"喜宴 囍宴 (1993, 李安)",6,●,●,62,●,●, , ,23,喜宴 囍宴,[1303037](https://movie.douban.com/subject/1303037/),1993,9.0,李安,剧情/喜剧/爱情/同性/家庭,中国台湾/美国,108分钟,tt0107156
272,"戏梦人生 戲夢人生 (1993, 侯孝贤)",3, ,●,101, , , , ,41,戏梦人生 戲夢人生,[1302941](https://movie.douban.com/subject/1302941/),1993,8.4,侯孝贤,剧情/传记/战争,中国台湾,142分钟,tt0107157
275,"找乐 (1993, 宁瀛)",2,●, , , ,●, , , ,找乐,[1394495](https://movie.douban.com/subject/1394495/),1993,8.2,宁瀛,剧情/喜剧,中国大陆,97 分钟,tt0108652
273,"新不了情/真爱未了情 (1993, 尔冬升)",1, , ,61, , , , , ,新不了情,[1292950](https://movie.douban.com/subject/1292950/),1993,8.3,尔冬升,剧情/爱情,中国香港,98分钟,tt0111770
274,"杂嘴子 (1993, 刘苗苗)",1, , , ,●, , , , ,杂嘴子,[1773366](https://movie.douban.com/subject/1773366/),1993,8.4,刘苗苗,剧情/喜剧/家庭,中国大陆, ,tt0197110
269,"蓝风筝 (1993, 田壮壮)",5, ,●,81, , ,●, ,41,蓝风筝,[1303967](https://movie.douban.com/subject/1303967/),1993,8.9,田壮壮,剧情/历史,中国大陆/香港,138分钟(英国)/140分钟(美国),tt0107358
267,"霸王别姬/再见，我的妾 (1993, 陈凯歌)",8,●,●,55,●,●,●, ,30,霸王别姬,[1291546](https://movie.douban.com/subject/1291546/),1993,9.6,陈凯歌,剧情/爱情/同性,中国大陆/中国香港,171分钟/155分钟(美国剧场版),tt0106332
270,"青蛇 (1993, 徐克)",2, , , , , ,●, , ,青蛇,[1303394](https://movie.douban.com/subject/1303394/),1993,8.6,徐克,剧情/爱情/奇幻/古装,中国香港/中国大陆,99分钟,tt0106559
281,"东邪西毒 東邪西毒 (1994, 王家卫)",6, ,●,35,●, ,●, ,50,东邪西毒 東邪西毒,[1292328](https://movie.douban.com/subject/1292328/),1994,8.6,王家卫,剧情/动作/爱情/武侠/古装,中国香港/中国台湾,95分钟,tt0109688
283,"二嫫 (1994, 周晓文)",2, ,●, , ,●, , , ,二嫫,[1417847](https://movie.douban.com/subject/1417847/),1994,8.2,周晓文,剧情,中国大陆/中国香港,98 分钟,tt0109738
280,"冬春的日子 (1994, 王小帅)",1, , , ,●, , , , ,冬春的日子,[1441017](https://movie.douban.com/subject/1441017/),1994,7.4,王小帅,剧情/爱情,中国大陆,80分钟,tt0106750
282,"多桑 (1994, 吴念真)",2, ,●, , , , , ,73,多桑,[1295285](https://movie.douban.com/subject/1295285/),1994,8.5,吴念真,剧情,中国台湾,167 分钟,tt0109691
288,"头发乱了/脏人 (1994, 管虎)",1, , , ,●, , , , ,头发乱了,[1427439](https://movie.douban.com/subject/1427439/),1994,6.5,管虎,剧情,中国,91分钟,tt0348233
285,"感光时代 (1994, 阿年)",1, , , ,●, , , , ,感光时代,[3401408](https://movie.douban.com/subject/3401408/),1994, ,阿年,爱情,中国大陆,87分钟, 
286,"活着/人生 (1994, 张艺谋)",4, , , ,●, ,●, ,44,活着,[1292365](https://movie.douban.com/subject/1292365/),1994,9.3,张艺谋,剧情/家庭/历史,中国大陆/中国香港,132分钟,tt0110081
276,"爱情万岁 愛情萬歲 (1994, 蔡明亮)",4, , , ,●, ,●, ,13,爱情万岁 愛情萬歲,[1296370](https://movie.douban.com/subject/1296370/),1994,8.0,蔡明亮,剧情/同性,中国台湾,118分钟,tt0109066
287,"精武英雄 (1994, 陈嘉上)",2, , , , , ,●, , ,精武英雄,[1292895](https://movie.douban.com/subject/1292895/),1994,8.6,陈嘉上,剧情/动作,中国香港/中国大陆,107分钟/98分钟(德国),tt0110200
278,"背靠背，脸对脸/背对背，脸对脸/,/秋风醉了 (1994, 黄建新/杨亚洲)",4,●,●, ,●,●, , , ,背靠背，脸对脸,[1307856](https://movie.douban.com/subject/1307856/),1994,9.5,黄建新/杨亚洲,剧情,中国大陆/中国香港,148分钟/205分钟(电视剧加长版),tt0109235
277,"被告山杠爷/没有原告的杀人事件(港) (1994, 范元)",1, , , ,●, , , , ,被告山杠爷,[1466265](https://movie.douban.com/subject/1466265/),1994,8.2,范元,剧情,中国大陆,104分钟,tt0333139
279,"重庆森林 重慶森林 (1994, 王家卫)",7,●,●,22, , ,●,●,21,重庆森林 重慶森林,[1291999](https://movie.douban.com/subject/1291999/),1994,8.8,王家卫,剧情/爱情,中国香港,102分钟/111分钟(台湾版DVD),tt0109424
289,"阳光灿烂的日子 (1994, 姜文)",8,●,●,17,●,●,●, ,19,阳光灿烂的日子,[1291875](https://movie.douban.com/subject/1291875/),1994,8.8,姜文,剧情/爱情,中国大陆/中国香港,134分钟(中国大陆)/138分钟(威尼斯电影节)/128分钟(DVD版)/140分钟(修复版)/225分钟(初剪版),tt0111786
284,"非常侦探 非常偵探 (1994, 方令正)",1, ,●, , , , , , ,非常侦探 非常偵探,[1298384](https://movie.douban.com/subject/1298384/),1994,6.9,方令正,剧情/喜剧/犯罪,中国香港,95 分钟/102 分钟(澳大利亚),tt0109789
290,"饮食男女 飲食男女 (1994, 李安)",4, , , , , ,●,●,66,饮食男女 飲食男女,[1291818](https://movie.douban.com/subject/1291818/),1994,9.2,李安,剧情/家庭,中国台湾/美国,124分钟,tt0111797
292,"刀/断刀客 (1995, 徐克)",2, , , , , ,●, , ,刀,[1401962](https://movie.douban.com/subject/1401962/),1995,8.1,徐克,剧情/动作/武侠,中国香港/中国大陆,105分钟,tt0112800
291,"大话西游（西游记/大话西游之月光宝盒、大圣娶亲/仙履奇缘） (1995, 刘镇伟)",6, ,●,19,●, ,●, ,73,大话西游之月光宝盒 西遊記第壹佰零壹回之月光寶盒,[1299398](https://movie.douban.com/subject/1299398/),1995,9.0,刘镇伟,喜剧/爱情/奇幻/古装,中国香港/中国大陆,88分钟,tt0112778
294,"女人，四十 (1995, 许鞍华)",6, , ,102,●, ,●,●,73,女人，四十,[1308162](https://movie.douban.com/subject/1308162/),1995,8.9,许鞍华,剧情/家庭,中国香港,101分钟,tt0111767
293,"民警故事 (1995, 宁瀛)",2, ,●, ,●, , , , ,民警故事,[1401268](https://movie.douban.com/subject/1401268/),1995,7.9,宁瀛,剧情,中国大陆,102分钟,tt0113825
296,"千言万语 千言萬語 (1996, 许鞍华)",2, , , , , ,●, , ,千言万语 千言萬語,[1305803](https://movie.douban.com/subject/1305803/),1996,8.1,许鞍华,剧情,中国大陆/香港,128 分钟,tt0189954
299,"太阳有耳/天龙之生 (1996, 严浩)",1, , , ,●, , , , ,太阳有耳,[1437315](https://movie.douban.com/subject/1437315/),1996,7.4,严浩,剧情,中国香港,103分钟,tt0117823
301,"巫山云雨 (1996, 章明)",2, , , ,●,●, , , ,巫山云雨,[1303671](https://movie.douban.com/subject/1303671/),1996,7.3,章明,剧情/喜剧,中国,95 分钟(德国)/96 分钟(美国),tt0118199
300,"甜蜜蜜 (1996, 陈可辛)",7,●,●,28, ,●,●, ,16,甜蜜蜜,[1305164](https://movie.douban.com/subject/1305164/),1996,8.9,陈可辛,剧情/爱情,中国香港,118分钟(中国大陆)/116分钟(台湾),tt0117905
295,"离开雷锋的日子 (1996, 雷献禾/康宁)",1, , , , , , ,●, ,离开雷锋的日子,[2148619](https://movie.douban.com/subject/2148619/),1996,7.2,雷献禾/康宁,剧情/传记,中国大陆,100分钟,tt1021085
297,"色情男女 (1996, 尔冬升/罗志良)",2, , , , , ,●, , ,色情男女,[1296463](https://movie.douban.com/subject/1296463/),1996,7.6,尔冬升/罗志良,喜剧/剧情,香港,99 分钟,tt0117575
298,"食神 (1996, 李力持/周星驰)",1, , , ,●, , , , ,食神,[1293351](https://movie.douban.com/subject/1293351/),1996,8.2,李力持/周星驰,喜剧/动作,中国香港,95分钟,tt0116426
308,"一个字头的诞生 一個字頭的誕生/.1 (1997, 韦家辉)",3, ,●, , , ,●, , ,一个字头的诞生 一個字頭的誕生,[1307372](https://movie.douban.com/subject/1307372/),1997,8.3,韦家辉,喜剧/动作/犯罪,中国香港,90 分钟,tt0120541
302,"八廓南街16号/.16, (1997, 段锦川)",1, , , ,●, , , , ,八廓南街16号,[2129914](https://movie.douban.com/subject/2129914/),1997,7.6,段锦川,纪录片,中国大陆,100分钟,tt3569600
306,"南海十三郎 (1997, 高志森)",2, , , , , ,●, , ,南海十三郎,[1303913](https://movie.douban.com/subject/1303913/),1997,9.3,高志森,剧情/爱情/传记,中国香港,110分钟,tt0134836
303,"春光乍泄 春光乍洩/一起快乐 (1997, 王家卫)",4, , ,89, , ,●, ,26,春光乍泄 春光乍洩,[1292679](https://movie.douban.com/subject/1292679/),1997,9.0,王家卫,剧情/爱情/同性,中国香港/日本/韩国,96分钟,tt0118845
304,"河流 (1997, 蔡明亮)",2, ,●, , , , , ,83,河流,[1303456](https://movie.douban.com/subject/1303456/),1997,7.7,蔡明亮,剧情/爱情/同性,中国台湾,115 分钟/116 分钟(德国),tt0119263
305,"美丽在唱歌 美麗在唱歌 (1997, 林正盛)",1, ,●, , , , , , ,美丽在唱歌 美麗在唱歌,[1316559](https://movie.douban.com/subject/1316559/),1997,6.8,林正盛,剧情/同性,中国台湾,106 分钟,tt0119733
309,"长大成人/钢铁是这样炼成的 (1997, 路学长)",1, , , ,●, , , , ,长大成人,[1401282](https://movie.douban.com/subject/1401282/),1997,8.0,路学长,剧情,中国大陆,102分钟,tt0470617
307,"香港制造 香港製造 (1997, 陈果)",7,●,●,36, ,●,●, ,58,香港制造 香港製造,[1292396](https://movie.douban.com/subject/1292396/),1997,8.2,陈果,剧情/爱情/犯罪,中国香港,108 分钟,tt0123328
314,"天浴 (1998, 陈冲)",1, , , ,●, , , , ,天浴,[1302836](https://movie.douban.com/subject/1302836/),1998,8.4,陈冲,剧情,香港/美国/台湾,99 分钟,tt0115005
315,"小武/一瞬の夢 (1998, 贾樟柯)",4, ,●, ,●,●, , ,35,小武,[1291851](https://movie.douban.com/subject/1291851/),1998,8.6,贾樟柯,剧情,中国香港/中国大陆,108分钟/113分钟,tt0144020
310,"暗花/暗花之杀人条件/非战攻略 (1998, 游达志)",2, , , , , ,●, , ,暗花,[1292450](https://movie.douban.com/subject/1292450/),1998,8.4,游达志,剧情/动作/悬疑/犯罪,中国香港,81分钟,tt0168043
311,"洞 (1998, 蔡明亮)",1, , , , , , , ,91,洞,[1307991](https://movie.douban.com/subject/1307991/),1998,8.1,蔡明亮,剧情/歌舞/奇幻,中国台湾/法国,95分钟,tt0156610
312,"海上花 (1998, 侯孝贤)",2, ,●, , , , , ,83,海上花,[1303451](https://movie.douban.com/subject/1303451/),1998,8.2,侯孝贤,剧情,中国台湾/日本,113分钟,tt0156587
313,"荆轲刺秦王/始皇帝暗杀/刺秦 (1998, 陈凯歌)",3, , , ,●, ,●, , ,荆轲刺秦王,[1294693](https://movie.douban.com/subject/1294693/),1998,8.2,陈凯歌,剧情/历史/古装,中国大陆/日本/法国,162分钟/169分钟(日本),tt0162866
316,"野兽刑警 野獸刑警 (1998, 陈嘉上/林超贤)",2, , , , , ,●, , ,野兽刑警 野獸刑警,[1297683](https://movie.douban.com/subject/1297683/),1998,7.5,陈嘉上/林超贤,剧情/动作/悬疑/犯罪,中国香港,110 分钟,tt0157366
327,"一个都不能少/一个也不能少 (1999, 张艺谋)",5, , ,103,●, ,●, ,83,一个都不能少,[1294963](https://movie.douban.com/subject/1294963/),1999,7.7,张艺谋,剧情,中国大陆,106 分钟,tt0209189
318,"儿子 (1999, 张元)",1, ,●, , , , , , ,儿子,[1441020](https://movie.douban.com/subject/1441020/),1999,7.4,张元,剧情,中国大陆,95分钟,tt0116223
325,"喜剧之王 喜劇之王 (1999, 周星驰/李力持)",3, , , , ,●,●, , ,喜剧之王 喜劇之王,[1302425](https://movie.douban.com/subject/1302425/),1999,8.8,周星驰/李力持,剧情/喜剧/爱情,中国香港,89分钟,tt0188766
328,"月蚀 (1999, 王全安)",1, , , ,●, , , , ,月蚀,[1306709](https://movie.douban.com/subject/1306709/),1999,7.0,王全安,剧情,中国大陆,95分钟,tt0190887
324,"枪火 鎗火 (1999, 杜琪峰)",6, ,●,14, ,●,●, ,44,枪火 鎗火,[1300741](https://movie.douban.com/subject/1300741/),1999,8.8,杜琪峰,剧情/动作/犯罪,中国香港,84分钟(香港),tt0220644
321,"横空出世 (1999, 陈国星)",1, , , , , , ,●, ,横空出世,[1464526](https://movie.douban.com/subject/1464526/),1999,9.4,陈国星,剧情/历史,中国大陆,110分钟,tt0459399
317,"爱情麻辣烫 (1999, 张杨)",1, , , ,●, , , , ,爱情麻辣烫,[1306130](https://movie.douban.com/subject/1306130/),1999,7.6,张杨,剧情/爱情,中国大陆,109分钟,tt0239220
323,"男男女女/灿烂公厕 (1999, 刘冰鉴)",1, , , ,●, , , , ,男男女女,[1307622](https://movie.douban.com/subject/1307622/),1999,6.1,刘冰鉴,喜剧/同性,中国大陆,89分钟,tt0217681
326,"细路祥 細路祥 (1999, 陈果)",2, , , , , ,●, , ,细路祥 細路祥,[1304758](https://movie.douban.com/subject/1304758/),1999,8.5,陈果,剧情,中国香港,101分钟/118分钟（加长版）,tt0234116
329,"赵先生 (1999, 吕乐)",1, , , ,●, , , , ,赵先生,[1302384](https://movie.douban.com/subject/1302384/),1999,7.7,吕乐,剧情,中国香港/中国大陆,89 分钟,tt0166890
319,"过年回家 (1999, 张元)",1, , , ,●, , , , ,过年回家,[1303509](https://movie.douban.com/subject/1303509/),1999,7.3,张元,剧情,中国大陆/意大利,90分钟(意大利)/89分钟(日本),tt0213695
322,"那山那人那狗/那山、那人、那狗 (1999, 霍建起)",2, , , ,●, , ,●, ,那山那人那狗,[1307766](https://movie.douban.com/subject/1307766/),1999,8.8,霍建起,剧情/家庭,中国大陆,93分钟,tt0210916
320,"黑暗之光 (1999, 张作骥)",1, , , , , , , ,41,黑暗之光,[1301098](https://movie.douban.com/subject/1301098/),1999,8.0,张作骥,剧情,中国台湾,106分钟,tt0200689
338,"一一 (2000, 杨德昌)",6, ,●,56,●, ,●, ,7,一一,[1292434](https://movie.douban.com/subject/1292434/),2000,9.1,杨德昌,剧情/爱情/家庭,中国台湾/日本,173分钟,tt0244316
337,"一声叹息/过着狼狈不堪的生活 (2000, 冯小刚)",1, , , ,●, , , , ,一声叹息,[1305703](https://movie.douban.com/subject/1305703/),2000,7.6,冯小刚,剧情/爱情/家庭,中国大陆,111分钟,tt0276504
336,"卧虎藏龙 臥虎藏龍 (2000, 李安)",8, ,●,10,●,●,●,●,6,卧虎藏龙 臥虎藏龍,[1301168](https://movie.douban.com/subject/1301168/),2000,8.4,李安,剧情/爱情/武侠,中国台湾/中国香港/美国/中国大陆,120分钟,tt0190332
335,"我是你爸爸/冤家父子 (2000, 王朔)",1, , , ,●, , , , ,我是你爸爸,[1397550](https://movie.douban.com/subject/1397550/),2000,7.8,王朔,剧情/喜剧,中国大陆,94分钟,tt0256630
333,"榴莲飘飘 榴槤飄飄 (2000, 陈果)",4, ,●,69, , ,●, , ,榴莲飘飘 榴槤飄飄,[1307681](https://movie.douban.com/subject/1307681/),2000,7.7,陈果,剧情,中国大陆/中国香港/法国,116分钟,tt0255327
339,"站台 (2000, 贾樟柯)",4, ,●,63,●, , , ,73,站台,[1291850](https://movie.douban.com/subject/1291850/),2000,8.4,贾樟柯,剧情/历史,中国大陆/中国香港/日本/法国,154分钟/193分钟(威尼斯电影节),tt0258885
332,"花样年华 花樣年華 (2000, 王家卫)",5, ,●,90, , ,●, ,9,花样年华 花樣年華,[1291557](https://movie.douban.com/subject/1291557/),2000,8.8,王家卫,剧情/爱情,中国香港,98分钟,tt0118694
334,"苏州河 (2000, 娄烨)",3, ,●, ,●,●, , , ,苏州河,[1299661](https://movie.douban.com/subject/1299661/),2000,8.2,娄烨,剧情/爱情,中国大陆/德国,83 分钟,tt0234837
330,"非常夏日/光天化日 (2000, 路学长)",1, , , ,●, , , , ,非常夏日,[1307423](https://movie.douban.com/subject/1307423/),2000,7.5,路学长,剧情/悬疑,中国大陆,103分钟,tt0257664
331,"鬼子来了 (2000, 姜文)",3, ,●, ,●, , , ,91,鬼子来了,[1291858](https://movie.douban.com/subject/1291858/),2000,9.3,姜文,剧情/喜剧,中国大陆,139分钟/162分钟(戛纳电影节),tt0245929
345,"十七岁的单车 (2001, 王小帅)",1, , , ,●, , , , ,十七岁的单车,[1291847](https://movie.douban.com/subject/1291847/),2001,7.8,王小帅,剧情,中国大陆/中国台湾/法国,113分钟,tt0276501
344,"少林足球 (2001, 周星驰)",3, ,●,76, , , , ,66,少林足球,[1297747](https://movie.douban.com/subject/1297747/),2001,8.1,周星驰,喜剧/动作/运动,中国香港,113分钟/102分钟(香港)/87分钟(美国),tt0286112
347,"我最中意的雪天 (2001, 孟奇)",1, , , ,●, , , , ,我最中意的雪天,[1466270](https://movie.douban.com/subject/1466270/),2001,8.2,孟奇,剧情,中国大陆,91分钟, 
341,"海鲜 (2001, 朱文)",1, , , ,●, , , , ,海鲜,[1308528](https://movie.douban.com/subject/1308528/),2001,7.5,朱文, ,中国/香港,86分钟,tt0297161
340,"爱你爱我 愛你愛我 (2001, 林正盛)",1, , , ,●, , , , ,爱你爱我 愛你愛我,[1297420](https://movie.douban.com/subject/1297420/),2001,6.8,林正盛,剧情/爱情,中国台湾/法国,105 分钟(德国),tt0275902
342,"蓝宇 藍宇 (2001, 关锦鹏)",1, , , ,●, , , , ,蓝宇 藍宇,[1308076](https://movie.douban.com/subject/1308076/),2001,8.4,关锦鹏,剧情/爱情/同性,中国大陆/中国香港,86分钟(香港)/97分钟(DVD版),tt0292066
346,"谁说我不在乎/结婚证 (2001, 黄建新)",1, , , ,●, , , , ,谁说我不在乎,[1305902](https://movie.douban.com/subject/1305902/),2001,7.1,黄建新,剧情/喜剧/家庭,中国大陆,110分钟,tt0308559
343,"麦兜故事 麥兜故事 (2001, 袁建滔)",1, ,●, , , , , , ,麦兜故事 麥兜故事,[1302476](https://movie.douban.com/subject/1302476/),2001,8.6,袁建滔,剧情/喜剧/动画,中国香港,75 分钟(日本)/75 分钟(布宜诺斯艾利斯国际独立电影节),tt0312941
350,"无间道 無間道 (2002, 刘伟强/麦兆辉)",5, ,●,32, ,●, ,●,18,无间道 無間道,[1307914](https://movie.douban.com/subject/1307914/),2002,9.3,刘伟强/麦兆辉,剧情/惊悚/犯罪,中国香港,101分钟/97分钟(导演剪辑版),tt0338564
351,"英雄 (2002, 张艺谋)",1, , , , , , ,●, ,英雄,[1306123](https://movie.douban.com/subject/1306123/),2002,7.6,张艺谋,剧情/动作/武侠/古装,中国大陆/中国香港,93分钟(中国大陆)/99分钟(美版)/110分钟(导演剪辑版),tt0299977
348,"蓝色大门 藍色大門/蓝色夏恋 (2002, 易智言)",1, , , , , , , ,83,蓝色大门 藍色大門,[1308575](https://movie.douban.com/subject/1308575/),2002,8.4,易智言,剧情/爱情/同性,中国台湾/法国,83分钟,tt0333764
349,"那时花开 (2002, 高晓松)",1, , , ,●, , , , ,那时花开,[1308480](https://movie.douban.com/subject/1308480/),2002,7.0,高晓松,爱情,中国大陆,90分钟,tt0385893
352,"惊涛骇浪 (2003, 翟俊杰)",1, , , , , , ,●, ,惊涛骇浪,[2130011](https://movie.douban.com/subject/2130011/),2003,7.8,翟俊杰,剧情/灾难,中国大陆,102分钟,tt10086634
354,"手机 (2003, 冯小刚)",1, , , ,●, , , , ,手机,[1308747](https://movie.douban.com/subject/1308747/),2003,7.4,冯小刚,剧情/喜剧/家庭,中国大陆,107分钟,tt0399650
353,"盲井 (2003, 李杨)",4, ,●, ,●,●, , ,58,盲井,[1307528](https://movie.douban.com/subject/1307528/),2003,8.9,李杨,犯罪/剧情,中国/德国/香港,92 分钟/95 分钟(布宜诺斯艾利斯国际独立电影节),tt0351299
355,"功夫/功夫3 (2004, 周星驰)",1, , , , , , , ,48,功夫,[1291543](https://movie.douban.com/subject/1291543/),2004,8.8,周星驰,喜剧/动作/犯罪/奇幻,中国大陆/中国香港,100分钟(3D重映)/95分钟(中国大陆)/99分钟(美国),tt0373074
356,"可可西里 (2004, 陆川)",3, , , ,●, , ,●,73,可可西里,[1308857](https://movie.douban.com/subject/1308857/),2004,8.9,陆川,剧情/犯罪,中国大陆/中国香港,85分钟(中国大陆)/90分钟(美国)/98分钟(阿根廷),tt0386651
357,"天下无贼 (2004, 冯小刚)",1, , , , , , ,●, ,天下无贼,[1291550](https://movie.douban.com/subject/1291550/),2004,8.1,冯小刚,剧情/动作/犯罪,中国大陆/中国香港,121分钟,tt0439884
358,"张思德 (2004, 尹力)",1, , , , , , ,●, ,张思德,[1938260](https://movie.douban.com/subject/1938260/),2004,6.7,尹力,剧情,中国大陆,116分钟,tt5164854
361,"太行山上 (2005, 韦廉/沈东/陈健)",1, , , , , , ,●, ,太行山上,[2006172](https://movie.douban.com/subject/2006172/),2005,6.9,韦廉/沈东/陈健,历史/战争,中国大陆,118分钟,tt0847899
359,"孔雀 (2005, 顾长卫)",3, ,●, , , ,●, , ,孔雀,[1309004](https://movie.douban.com/subject/1309004/),2005,8.2,顾长卫,剧情/家庭,中国大陆,136分钟/141分钟(日本版DVD)/144分钟(德国),tt0445506
362,"无极 (2005, 陈凯歌)",1, , , , , , ,●, ,无极,[1419969](https://movie.douban.com/subject/1419969/),2005,5.5,陈凯歌,剧情/动作/奇幻,中国大陆/中国香港/日本/韩国,121分钟/103分钟(美国),tt0417976
363,"无米乐 無米樂 (2005, 颜兰权/庄益增)",1, , , , , , , ,50,无米乐 無米樂,[2000675](https://movie.douban.com/subject/2000675/),2005,8.6,颜兰权/庄益增,纪录片,中国台湾,112分钟,tt4692874
364,"最好的时光 最好的時光 (2005, 侯孝贤)",1, ,●, , , , , , ,最好的时光 最好的時光,[1421809](https://movie.douban.com/subject/1421809/),2005,7.6,侯孝贤,剧情/爱情,中国台湾,130分钟,tt0459666
360,"牛皮 牛皮 (2005, 刘伽茵)",1, ,●, , , , , , ,牛皮 牛皮/niu pi,[1762478](https://movie.douban.com/subject/1762478/),2005,7.8,刘伽茵,纪录片,中国大陆,110分钟,tt0453795
366,"三峡好人/长江哀歌 (2006, 贾樟柯)",1, , , , , , , ,44,三峡好人,[1872133](https://movie.douban.com/subject/1872133/),2006,8.4,贾樟柯,剧情/爱情,中国大陆,107分钟,tt0859765
365,"疯狂的石头 (2006, 宁浩)",1, , , , , , , ,83,疯狂的石头,[1862151](https://movie.douban.com/subject/1862151/),2006,8.6,宁浩,喜剧/犯罪,中国大陆/中国香港,106分钟(香港)/98分钟(中国大陆),tt0843270
372,"颐和园 (2006, 娄烨)",1, , , , , , , ,73,颐和园, ,2006, ,娄烨,剧情/爱情,中国,140 分钟,tt0794374
367,"色，戒/色·戒 (2007, 李安)",1, , , , , , , ,30,色，戒,[1828115](https://movie.douban.com/subject/1828115/),2007,8.7,李安,剧情/爱情/情色,中国台湾/中国大陆/美国/中国香港,158分钟/145分钟(中国大陆),tt0808357
369,"天水围的日与夜 天水圍的日與夜 (2008, 许鞍华)",1, , , , , , , ,58,天水围的日与夜 天水圍的日與夜,[3077668](https://movie.douban.com/subject/3077668/),2008,8.7,许鞍华,剧情/家庭,中国香港,90分钟,tt1233499
368,"海角七号 海角七號 (2008, 魏德圣)",1, , , , , , , ,38,海角七号 海角七號,[3158990](https://movie.douban.com/subject/3158990/),2008,7.6,魏德圣,剧情/喜剧/爱情,中国台湾,129 分钟(台湾),tt1267160
370,"不能没有你 (2009, 戴立忍)",1, , , , , , , ,58,不能没有你,[3805953](https://movie.douban.com/subject/3805953/),2009,8.2,戴立忍,剧情/家庭,中国台湾,93分钟,tt1456584
