Title 电影,Director 导演,Rank 排名,Year 年份,豆瓣电影,豆瓣打分,豆瓣信息,IMDb电影,IMDb打分
Citizen Kane,Orson Welles,🎉001,1941,[公民凯恩 Citizen Kane](https://movie.douban.com/subject/1292288/),🌟8.8,"导演: 奥逊·威尔斯, 主演: 奥逊·威尔斯 / 约瑟夫·科顿 / 多萝西·康明戈尔, 类型: 剧情 / 悬疑, 制片国家/地区: 美国, 年份: 1941",[Citizen Kane](https://www.imdb.com/title/tt0033467/),🌟8.3
Casablanca,Michael Curtiz,🎉002,1942,[卡萨布兰卡 Casablanca](https://movie.douban.com/subject/1296753/),🌟8.7,"导演: 迈克尔·柯蒂兹, 主演: 亨弗莱·鲍嘉 / 英格丽·褒曼 / 保罗·亨雷德, 类型: 剧情 / 爱情 / 战争, 制片国家/地区: 美国, 年份: 1942",[Casablanca](https://www.imdb.com/title/tt0034583/),🌟8.5
The Godfather,Francis Ford Coppola,🎉003,1972,[教父 The Godfather](https://movie.douban.com/subject/1291841/),🌟9.3,"导演: 弗朗西斯·福特·科波拉, 主演: 马龙·白兰度 / 阿尔·帕西诺 / 詹姆斯·肯恩, 类型: 剧情 / 犯罪, 制片国家/地区: 美国, 年份: 1972",[The Godfather](https://www.imdb.com/title/tt0068646/),🌟9.2
Gone with the Wind,"Victor Fleming, Sam Wood, George Cukor, Chester Franklin, James Fitzpatrick",🎉004,1939,[乱世佳人 Gone with the Wind](https://movie.douban.com/subject/1300267/),🌟9.3,"导演: 维克多·弗莱明 / 乔治·库克 / 山姆·伍德, 主演: 费雯·丽 / 克拉克·盖博 / 奥利维娅·德哈维兰, 类型: 剧情 / 历史 / 爱情 / 战争, 制片国家/地区: 美国, 年份: 1939",[Gone with the Wind](https://www.imdb.com/title/tt0031381/),🌟8.2
Lawrence of Arabia,David Lean,🎉005,1962,[阿拉伯的劳伦斯 Lawrence of Arabia](https://movie.douban.com/subject/1292349/),🌟8.7,"导演: 大卫·里恩, 主演: 彼得·奥图尔 / 亚历克·吉尼斯 / 安东尼·奎恩, 类型: 剧情 / 传记 / 冒险, 制片国家/地区: 英国, 年份: 1962",[Lawrence of Arabia](https://www.imdb.com/title/tt0056172/),🌟8.3
The Wizard of Oz,"Victor Fleming, King Vidor",🎉006,1939,[绿野仙踪 The Wizard of Oz](https://movie.douban.com/subject/1292625/),🌟8.2,"导演: 维克多·弗莱明, 主演: 朱迪·加兰 / 弗兰克·摩根 / 雷·博尔格, 类型: 歌舞 / 奇幻 / 冒险, 制片国家/地区: 美国, 年份: 1939",[The Wizard of Oz](https://www.imdb.com/title/tt0032138/),🌟8.1
The Graduate,Mike Nichols,🎉007,1967,[毕业生 The Graduate](https://movie.douban.com/subject/1292271/),🌟8.0,"导演: 迈克·尼科尔斯, 主演: 安妮·班克罗夫特 / 达斯汀·霍夫曼 / 凯瑟琳·罗斯, 类型: 剧情 / 喜剧 / 爱情, 制片国家/地区: 美国, 年份: 1967",[The Graduate](https://www.imdb.com/title/tt0061722/),🌟8
On the Waterfront,Elia Kazan,🎉008,1954,[码头风云 On the Waterfront](https://movie.douban.com/subject/1292521/),🌟7.9,"导演: 伊利亚·卡赞, 主演: 马龙·白兰度 / 卡尔·莫尔登 / 李·科布, 类型: 犯罪 / 剧情 / 爱情, 制片国家/地区: 美国, 年份: 1954",[On the Waterfront](https://www.imdb.com/title/tt0047296/),🌟8.1
Schindler's List,Steven Spielberg,🎉009,1993,[辛德勒的名单 Schindler's List](https://movie.douban.com/subject/1295124/),🌟9.6,"导演: 史蒂文·斯皮尔伯格, 主演: 连姆·尼森 / 本·金斯利 / 拉尔夫·费因斯, 类型: 剧情 / 历史 / 战争, 制片国家/地区: 美国, 年份: 1993",[Schindler's List](https://www.imdb.com/title/tt0108052/),🌟9
Singin' in the Rain,"Gene Kelly, Stanley Donen",🎉010,1952,[雨中曲 Singin' in the Rain](https://movie.douban.com/subject/1293460/),🌟9.1,"导演: 斯坦利·多南 / 吉恩·凯利, 主演: 吉恩·凯利 / 唐纳德·奥康纳 / 黛比·雷诺斯, 类型: 喜剧 / 歌舞 / 爱情, 制片国家/地区: 美国, 年份: 1952",[Singin' in the Rain](https://www.imdb.com/title/tt0045152/),🌟8.3
It's a Wonderful Life,Frank Capra,🎉011,1946,[生活多美好 It's a Wonderful Life](https://movie.douban.com/subject/1293749/),🌟9.3,"导演: 弗兰克·卡普拉, 主演: 詹姆斯·斯图尔特 / 唐娜·里德 / 莱昂纳尔·巴里摩尔, 类型: 剧情 / 爱情 / 奇幻, 制片国家/地区: 美国, 年份: 1946",[It's a Wonderful Life](https://www.imdb.com/title/tt0038650/),🌟8.6
Sunset Blvd.,Billy Wilder,🎉012,1950,[日落大道 Sunset Blvd.](https://movie.douban.com/subject/1298733/),🌟8.8,"导演: 比利·怀尔德, 主演: 威廉·霍尔登 / 葛洛丽亚·斯旺森 / 埃里克·冯·施特罗海姆, 类型: 剧情 / 黑色电影, 制片国家/地区: 美国, 年份: 1950",[Sunset Blvd.](https://www.imdb.com/title/tt0043014/),🌟8.4
The Bridge on the River Kwai,David Lean,🎉013,1957,[桂河大桥 The Bridge on the River Kwai](https://movie.douban.com/subject/1294958/),🌟8.4,"导演: 大卫·里恩, 主演: 威廉·霍尔登 / 亚历克·吉尼斯 / 杰克·霍金斯, 类型: 剧情 / 历史 / 战争, 制片国家/地区: 英国/美国, 年份: 1957",[The Bridge on the River Kwai](https://www.imdb.com/title/tt0050212/),🌟8.1
Some Like It Hot,Billy Wilder,🎉014,1959,[热情如火 Some Like It Hot](https://movie.douban.com/subject/1292574/),🌟8.9,"导演: 比利·怀尔德, 主演: 玛丽莲·梦露 / 托尼·柯蒂斯 / 杰克·莱蒙, 类型: 喜剧, 制片国家/地区: 美国, 年份: 1959",[Some Like It Hot](https://www.imdb.com/title/tt0053291/),🌟8.2
Star Wars,George Lucas,🎉015,1977,[星球大战 Star Wars](https://movie.douban.com/subject/1293838/),🌟8.5,"导演: 乔治·卢卡斯, 主演: 哈里森·福特 / 马克·哈米尔 / 凯丽·费雪, 类型: 动作 / 科幻 / 冒险, 制片国家/地区: 美国, 年份: 1977",[Star Wars: Episode IV - A New Hope](https://www.imdb.com/title/tt0076759/),🌟8.6
All About Eve,Joseph L. Mankiewicz,🎉016,1950,[彗星美人 All About Eve](https://movie.douban.com/subject/1401385/),🌟8.7,"导演: 约瑟夫·L·曼凯维奇, 主演: 贝蒂·戴维斯 / 安妮·巴克斯特 / 乔治·桑德斯, 类型: 剧情, 制片国家/地区: 美国, 年份: 1950",[All About Eve](https://www.imdb.com/title/tt0042192/),🌟8.2
The African Queen,John Huston,🎉017,1951,[非洲女王号 The African Queen](https://movie.douban.com/subject/1418997/),🌟7.6,"导演: 约翰·休斯顿, 主演: 亨弗莱·鲍嘉 / 凯瑟琳·赫本 / 罗伯特·莫利, 类型: 冒险 / 剧情 / 爱情 / 战争, 制片国家/地区: 英国/美国, 年份: 1951",[The African Queen](https://www.imdb.com/title/tt0043265/),🌟7.7
Psycho,Alfred Hitchcock,🎉018,1960,[惊魂记 Psycho](https://movie.douban.com/subject/1293181/),🌟9.0,"导演: 阿尔弗雷德·希区柯克, 主演: 安东尼·博金斯 / 维拉·迈尔斯 / 约翰·加文, 类型: 悬疑 / 惊悚 / 恐怖, 制片国家/地区: 美国, 年份: 1960",[Psycho](https://www.imdb.com/title/tt0054215/),🌟8.5
Chinatown,Roman Polanski,🎉019,1974,[唐人街 Chinatown](https://movie.douban.com/subject/1293889/),🌟8.4,"导演: 罗曼·波兰斯基, 主演: 杰克·尼科尔森 / 费·唐纳薇 / 约翰·休斯顿, 类型: 犯罪 / 剧情 / 悬疑 / 惊悚, 制片国家/地区: 美国, 年份: 1974",[Chinatown](https://www.imdb.com/title/tt0071315/),🌟8.2
One Flew Over the Cuckoo's Nest,Milos Forman,🎉020,1975,[飞越疯人院 One Flew Over the Cuckoo's Nest](https://movie.douban.com/subject/1292224/),🌟9.1,"导演: 米洛斯·福尔曼, 主演: 杰克·尼科尔森 / 丹尼·德维托 / 克里斯托弗·洛伊德, 类型: 剧情, 制片国家/地区: 美国, 年份: 1975",[One Flew Over the Cuckoo's Nest](https://www.imdb.com/title/tt0073486/),🌟8.7
The Grapes of Wrath,John Ford,🎉021,1940,[愤怒的葡萄 The Grapes of Wrath](https://movie.douban.com/subject/1292465/),🌟8.5,"导演: 约翰·福特, 主演: 亨利·方达 / 简·达威尔 / 约翰·卡拉丁, 类型: 剧情 / 历史, 制片国家/地区: 美国, 年份: 1940",[The Grapes of Wrath](https://www.imdb.com/title/tt0032551/),🌟8.1
2001: A Space Odyssey,Stanley Kubrick,🎉022,1968,[2001太空漫游 2001: A Space Odyssey](https://movie.douban.com/subject/1292226/),🌟8.9,"导演: 斯坦利·库布里克, 主演: 凯尔·杜拉 / 加里·洛克伍德 / 威廉姆·西尔维斯特, 类型: 科幻 / 惊悚 / 冒险, 制片国家/地区: 英国/美国, 年份: 1968",[2001: A Space Odyssey](https://www.imdb.com/title/tt0062622/),🌟8.3
The Maltese Falcon,John Huston,🎉023,1941,[马耳他之鹰 The Maltese Falcon](https://movie.douban.com/subject/1297874/),🌟7.4,"导演: 约翰·休斯顿, 主演: 亨弗莱·鲍嘉 / 玛丽·阿斯特 / 格拉黛丝·乔治, 类型: 犯罪 / 黑色电影 / 悬疑, 制片国家/地区: 美国, 年份: 1941",[The Maltese Falcon](https://www.imdb.com/title/tt0033870/),🌟8
Raging Bull,Martin Scorsese,🎉024,1980,[愤怒的公牛 Raging Bull](https://movie.douban.com/subject/1293155/),🌟8.4,"导演: 马丁·斯科塞斯, 主演: 罗伯特·德尼罗 / 凯西·莫拉蒂 / 乔·佩西, 类型: 剧情 / 传记 / 运动, 制片国家/地区: 美国, 年份: 1980",[Raging Bull](https://www.imdb.com/title/tt0081398/),🌟8.1
E.T.:  The Extra-Terrestrial,Steven Spielberg,🎉025,1982,[E.T.外星人 E.T. the Extra-Terrestrial](https://movie.douban.com/subject/1294638/),🌟8.6,"导演: 史蒂文·斯皮尔伯格, 主演: 亨利·托马斯 / 迪·沃伦斯 / 罗伯特·麦克纳夫顿, 类型: 剧情 / 科幻, 制片国家/地区: 美国, 年份: 1982",[E.T. the Extra-Terrestrial](https://www.imdb.com/title/tt0083866/),🌟7.9
Dr. Strangelove or: How I Learned to Stop Worrying and Love the Bomb,Stanley Kubrick,🎉026,1964,[奇爱博士 Dr. Strangelove or: How I Learned to Stop Worrying and Love the Bomb](https://movie.douban.com/subject/1322848/),🌟8.9,"导演: 斯坦利·库布里克, 主演: 彼得·塞勒斯 / 乔治·C·斯科特 / 斯特林·海登, 类型: 剧情 / 喜剧 / 战争, 制片国家/地区: 美国/英国, 年份: 1964",[Dr. Strangelove or: How I Learned to Stop Worrying and Love the Bomb](https://www.imdb.com/title/tt0057012/),🌟8.4
Bonnie and Clyde,Arthur Penn,🎉027,1967,[雌雄大盗 Bonnie and Clyde](https://movie.douban.com/subject/1294584/),🌟8.2,"导演: 阿瑟·佩恩, 主演: 沃伦·比蒂 / 费·唐纳薇 / 迈克尔·波拉德, 类型: 动作 / 传记 / 犯罪, 制片国家/地区: 美国, 年份: 1967",[Bonnie and Clyde](https://www.imdb.com/title/tt0061418/),🌟7.7
Apocalypse Now,Francis Coppola,🎉028,1979,[现代启示录 Apocalypse Now](https://movie.douban.com/subject/1292260/),🌟8.5,"导演: 弗朗西斯·福特·科波拉, 主演: 马丁·辛 / 马龙·白兰度 / 罗伯特·杜瓦尔, 类型: 剧情 / 战争, 制片国家/地区: 美国, 年份: 1979",[Apocalypse Now](https://www.imdb.com/title/tt0078788/),🌟8.4
Mr. Smith Goes to Washington,Frank Capra,🎉029,1939,[史密斯先生到华盛顿 Mr. Smith Goes to Washington](https://movie.douban.com/subject/1297127/),🌟8.6,"导演: 弗兰克·卡普拉, 主演: 詹姆斯·斯图尔特 / 琪恩·亚瑟 / 克劳德·雷恩斯, 类型: 剧情, 制片国家/地区: 美国, 年份: 1939",[Mr. Smith Goes to Washington](https://www.imdb.com/title/tt0031679/),🌟8.1
The Treasure of the Sierra Madre,John Huston,🎉030,1948,[碧血金沙 The Treasure of the Sierra Madre](https://movie.douban.com/subject/1292516/),🌟8.6,"导演: 约翰·休斯顿, 主演: 亨弗莱·鲍嘉 / 沃尔特·休斯顿 / 提姆·霍尔特, 类型: 剧情 / 西部 / 冒险, 制片国家/地区: 美国, 年份: 1948",[The Treasure of the Sierra Madre](https://www.imdb.com/title/tt0040897/),🌟8.2
Annie Hall,Woody Allen,🎉031,1977,[安妮·霍尔 Annie Hall](https://movie.douban.com/subject/1296987/),🌟8.6,"导演: 伍迪·艾伦, 主演: 伍迪·艾伦 / 黛安·基顿 / 托尼·罗伯茨, 类型: 喜剧 / 剧情 / 爱情, 制片国家/地区: 美国, 年份: 1977",[Annie Hall](https://www.imdb.com/title/tt0075686/),🌟8
The Godfather Part II,Francis Ford Coppola,🎉032,1974,[教父2 The Godfather: Part II](https://movie.douban.com/subject/1299131/),🌟9.3,"导演: 弗朗西斯·福特·科波拉, 主演: 阿尔·帕西诺 / 罗伯特·杜瓦尔 / 黛安·基顿, 类型: 剧情 / 犯罪, 制片国家/地区: 美国, 年份: 1974",[The Godfather Part II](https://www.imdb.com/title/tt0071562/),🌟9
High Noon,Fred Zinnemann,🎉033,1952,[正午 High Noon](https://movie.douban.com/subject/1298521/),🌟8.4,"导演: 弗雷德·金尼曼, 主演: 加里·库珀 / 格蕾丝·凯利 / 托马斯·米切尔, 类型: 剧情 / 西部, 制片国家/地区: 美国, 年份: 1952",[High Noon](https://www.imdb.com/title/tt0044706/),🌟8
To Kill a Mockingbird,Robert Mulligan,🎉034,1962,[杀死一只知更鸟 To Kill a Mockingbird](https://movie.douban.com/subject/1297991/),🌟8.6,"导演: 罗伯特·马利根, 主演: 格利高里·派克 / 约翰·梅根纳 / 弗兰克·奥弗顿, 类型: 剧情 / 犯罪, 制片国家/地区: 美国, 年份: 1962",[To Kill a Mockingbird](https://www.imdb.com/title/tt0056592/),🌟8.3
It Happened One Night,Frank Capra,🎉035,1934,[一夜风流 It Happened One Night](https://movie.douban.com/subject/1295684/),🌟8.8,"导演: 弗兰克·卡普拉, 主演: 克拉克·盖博 / 克劳黛·考尔白 / 沃尔特·康诺利, 类型: 喜剧 / 爱情, 制片国家/地区: 美国, 年份: 1934",[It Happened One Night](https://www.imdb.com/title/tt0025316/),🌟8.1
Midnight Cowboy,John Schlesinger,🎉036,1969,[午夜牛郎 Midnight Cowboy](https://movie.douban.com/subject/1297628/),🌟8.3,"导演: 约翰·施莱辛格, 主演: 强·沃特 / 达斯汀·霍夫曼 / 西尔维娅·迈尔斯, 类型: 剧情, 制片国家/地区: 美国, 年份: 1969",[Midnight Cowboy](https://www.imdb.com/title/tt0064665/),🌟7.8
The Best Years of Our Lives,William Wyler,🎉037,1946,[黄金时代 The Best Years of Our Lives](https://movie.douban.com/subject/1294100/),🌟8.2,"导演: 威廉·惠勒, 主演: 玛娜·洛伊 / 弗雷德里克·马奇 / 达纳·安德鲁斯, 类型: 剧情 / 爱情 / 战争, 制片国家/地区: 美国, 年份: 1946",[The Best Years of Our Lives](https://www.imdb.com/title/tt0036868/),🌟8.1
Double Indemnity,Billy Wilder,🎉038,1944,[双重赔偿 Double Indemnity](https://movie.douban.com/subject/1293226/),🌟8.5,"导演: 比利·怀尔德, 主演: 弗莱德·麦克莫瑞 / 芭芭拉·斯坦威克 / 爱德华·罗宾逊, 类型: 剧情 / 犯罪 / 悬疑 / 惊悚 / 黑色电影, 制片国家/地区: 美国, 年份: 1944",[Double Indemnity](https://www.imdb.com/title/tt0036775/),🌟8.3
Doctor Zhivago,David Lean,🎉039,1965,[日瓦戈医生 Doctor Zhivago](https://movie.douban.com/subject/1389949/),🌟8.5,"导演: 大卫·里恩, 主演: 奥马尔·沙里夫 / 朱莉·克里斯蒂 / 杰拉丁·卓别林, 类型: 剧情 / 爱情 / 战争, 制片国家/地区: 美国/意大利/英国, 年份: 1965",[Doctor Zhivago](https://www.imdb.com/title/tt0059113/),🌟7.9
North by Northwest,Alfred Hitchcock,🎉040,1959,[西北偏北 North by Northwest](https://movie.douban.com/subject/1295872/),🌟8.3,"导演: 阿尔弗雷德·希区柯克, 主演: 加里·格兰特 / 爱娃·玛丽·森特 / 詹姆斯·梅森, 类型: 悬疑 / 惊悚 / 冒险, 制片国家/地区: 美国, 年份: 1959",[North by Northwest](https://www.imdb.com/title/tt0053125/),🌟8.3
West Side Story,"Robert Wise, Jerome Robbins",🎉041,1961,[西区故事 West Side Story](https://movie.douban.com/subject/1295225/),🌟7.5,"导演: 杰罗姆·罗宾斯 / 罗伯特·怀斯, 主演: 娜塔莉·伍德 / 理查德·贝梅尔 / 拉斯·坦布林, 类型: 犯罪 / 剧情 / 歌舞 / 爱情, 制片国家/地区: 美国, 年份: 1961",[West Side Story](https://www.imdb.com/title/tt0055614/),🌟7.6
Rear Window,Alfred Hitchcock,🎉042,1954,[后窗 Rear Window](https://movie.douban.com/subject/1299080/),🌟8.7,"导演: 阿尔弗雷德·希区柯克, 主演: 詹姆斯·斯图尔特 / 格蕾丝·凯利 / 温戴尔·柯瑞, 类型: 悬疑 / 惊悚, 制片国家/地区: 美国, 年份: 1954",[Rear Window](https://www.imdb.com/title/tt0047396/),🌟8.5
King Kong,"Merian C. Cooper, Ernest B. Schoedsack",🎉043,1933,[金刚 King Kong](https://movie.douban.com/subject/1298593/),🌟7.7,"导演: 梅里安·C·库珀 / 欧内斯特·B·舍德萨克, 主演: 菲伊·雷 / 罗伯特·阿姆斯特朗 / 布鲁斯·卡伯特, 类型: 动作 / 奇幻 / 冒险, 制片国家/地区: 美国, 年份: 1933",[King Kong](https://www.imdb.com/title/tt0024216/),🌟7.9
The Birth of a Nation,,🎉044,1915,[一个国家的诞生 The Birth of a Nation](https://movie.douban.com/subject/1300306/),🌟7.9,"导演: 大卫·格里菲斯, 主演: 丽莲·吉许 / 梅·马什 / 亨利·B·沃斯奥, 类型: 剧情 / 历史 / 爱情 / 战争 / 西部, 制片国家/地区: 美国, 年份: 1915",[The Birth of a Nation](https://www.imdb.com/title/tt0004972/),🌟6.2
A Streetcar Named Desire,Elia Kazan,🎉045,1951,[欲望号街车 A Streetcar Named Desire](https://movie.douban.com/subject/1293590/),🌟8.4,"导演: 伊利亚·卡赞, 主演: 费雯·丽 / 马龙·白兰度 / 金·亨特, 类型: 剧情, 制片国家/地区: 美国, 年份: 1951",[A Streetcar Named Desire](https://www.imdb.com/title/tt0044081/),🌟7.9
A Clockwork Orange,Stanley Kubrick,🎉046,1971,[发条橙 A Clockwork Orange](https://movie.douban.com/subject/1292233/),🌟8.6,"导演: 斯坦利·库布里克, 主演: 马尔科姆·麦克道威尔 / 帕特里克·马基 / 迈克尔·贝茨, 类型: 犯罪 / 剧情 / 科幻, 制片国家/地区: 英国/美国, 年份: 1971",[A Clockwork Orange](https://www.imdb.com/title/tt0066921/),🌟8.3
Taxi Driver,Martin Scorsese,🎉047,1976,[出租车司机 Taxi Driver](https://movie.douban.com/subject/1292222/),🌟8.6,"导演: 马丁·斯科塞斯, 主演: 罗伯特·德尼罗 / 朱迪·福斯特 / 斯碧尔·谢波德, 类型: 剧情 / 犯罪, 制片国家/地区: 美国, 年份: 1976",[Taxi Driver](https://www.imdb.com/title/tt0075314/),🌟8.2
Jaws,Steven Spielberg,🎉048,1975,[大白鲨 Jaws](https://movie.douban.com/subject/1294941/),🌟7.8,"导演: 史蒂文·斯皮尔伯格, 主演: 罗伊·谢德 / 罗伯特·肖 / 理查德·德莱福斯, 类型: 剧情 / 惊悚 / 冒险, 制片国家/地区: 美国, 年份: 1975",[Jaws](https://www.imdb.com/title/tt0073195/),🌟8.1
Snow White and the Seven Dwarfs,,🎉049,1937,[白雪公主和七个小矮人 Snow White and the Seven Dwarfs](https://movie.douban.com/subject/1297756/),🌟8.4,"导演: 威廉·科特雷尔 / 戴维·汉德 / 威尔弗雷德·杰克逊 / 拉里·莫里 / 佩斯·皮尔斯 / 宾·沙普斯坦, 主演: 阿德里亚娜·卡塞洛蒂 / 哈利·斯托克维尔 / 罗伊·阿特威尔, 类型: 爱情 / 动画 / 奇幻 / 歌舞, 制片国家/地区: 美国, 年份: 1937",[Snow White and the Seven Dwarfs](https://www.imdb.com/title/tt0029583/),🌟7.6
Butch Cassidy and the Sundance Kid,George Roy Hill,🎉050,1969,[虎豹小霸王 Butch Cassidy and the Sundance Kid](https://movie.douban.com/subject/1297602/),🌟8.6,"导演: 乔治·罗伊·希尔, 主演: 保罗·纽曼 / 罗伯特·雷德福 / 凯瑟琳·罗斯, 类型: 冒险 / 犯罪 / 剧情 / 西部, 制片国家/地区: 美国, 年份: 1969",[Butch Cassidy and the Sundance Kid](https://www.imdb.com/title/tt0064115/),🌟8
The Philadelphia Story,George Cukor,🎉051,1940,[费城故事 The Philadelphia Story](https://movie.douban.com/subject/1292840/),🌟7.4,"导演: 乔治·库克, 主演: 加里·格兰特 / 凯瑟琳·赫本 / 詹姆斯·斯图尔特, 类型: 喜剧 / 爱情, 制片国家/地区: 美国, 年份: 1940",[The Philadelphia Story](https://www.imdb.com/title/tt0032904/),🌟7.9
From Here to Eternity,Fred Zinnemann,🎉052,1953,[乱世忠魂 From Here to Eternity](https://movie.douban.com/subject/1298656/),🌟7.5,"导演: 弗雷德·金尼曼, 主演: 伯特·兰卡斯特 / 蒙哥马利·克利夫特 / 黛博拉·蔻儿, 类型: 剧情 / 爱情 / 战争, 制片国家/地区: 美国, 年份: 1953",[From Here to Eternity](https://www.imdb.com/title/tt0045793/),🌟7.6
Amadeus,Milos Forman,🎉053,1984,[莫扎特传 Amadeus](https://movie.douban.com/subject/1293399/),🌟8.7,"导演: 米洛斯·福尔曼, 主演: F·默里·亚伯拉罕 / 汤姆·休斯克 / 伊丽莎白·贝里奇, 类型: 剧情 / 传记 / 历史 / 音乐, 制片国家/地区: 美国/法国/捷克斯洛伐克/意大利, 年份: 1984",[Amadeus](https://www.imdb.com/title/tt0086879/),🌟8.4
All Quiet on the Western Front,Lewis Milestone,🎉054,1930,[西线无战事 All Quiet on the Western Front](https://movie.douban.com/subject/1295116/),🌟8.9,"导演: 刘易斯·迈尔斯通, 主演: 路易斯·沃海姆 / 刘·艾尔斯 / 约翰·雷, 类型: 剧情 / 动作 / 历史 / 战争, 制片国家/地区: 美国, 年份: 1930",[All Quiet on the Western Front](https://www.imdb.com/title/tt0020629/),🌟8.1
The Sound of Music,Robert Wise,🎉055,1965,[音乐之声 The Sound of Music](https://movie.douban.com/subject/1294408/),🌟9.1,"导演: 罗伯特·怀斯, 主演: 朱莉·安德鲁斯 / 克里斯托弗·普卢默 / 埃琳诺·帕克, 类型: 剧情 / 传记 / 爱情 / 歌舞, 制片国家/地区: 美国, 年份: 1965",[The Sound of Music](https://www.imdb.com/title/tt0059742/),🌟8.1
M*A*S*H,Robert Altman,🎉056,1970,[陆军野战医院 MASH](https://movie.douban.com/subject/1292766/),🌟7.9,"导演: 罗伯特·奥特曼, 主演: 唐纳德·萨瑟兰 / 埃利奥特·古尔德 / 汤姆·斯凯里特, 类型: 喜剧 / 战争 / 剧情, 制片国家/地区: 美国, 年份: 1970",[M*A*S*H](https://www.imdb.com/title/tt0066026/),🌟7.4
The Third Man,Carol Reed,🎉057,1949,[第三人 The Third Man](https://movie.douban.com/subject/1295451/),🌟8.2,"导演: 卡罗尔·里德, 主演: 约瑟夫·科顿 / 阿莉达·瓦利 / 奥逊·威尔斯, 类型: 黑色电影 / 悬疑 / 惊悚, 制片国家/地区: 英国, 年份: 1949",[The Third Man](https://www.imdb.com/title/tt0041959/),🌟8.1
Fantasia,"Sam Armstrong, James Algar, Bill Roberts, Paul Satterfield, Hamilton Luske, Jim Handley, Ford Beebe, T. Hee, Norm Ferguson , Wilfred Jackson",🎉058,1940,[幻想曲 Fantasia](https://movie.douban.com/subject/1310179/),🌟8.9,"导演: 詹姆斯·阿尔格 / 塞缪尔·阿姆斯特朗 /  / 诺曼·弗格森 / 戴维·汉德 /  / T. Hee / 威尔弗雷德·杰克逊 / 汉密尔顿·卢斯科 / 比尔·罗伯茨 / 保罗·萨特菲尔德 / 宾·沙普斯坦, 主演: Deems Taylor / 列奥波德·斯托科夫斯基 /, 类型: 动画 / 奇幻 / 音乐, 制片国家/地区: 美国, 年份: 1940",[Fantasia](https://www.imdb.com/title/tt0032455/),🌟7.7
Rebel Without a Cause,Nicholas Ray,🎉059,1955,[无因的反叛 Rebel Without a Cause](https://movie.douban.com/subject/1295416/),🌟8.0,"导演: 尼古拉斯·雷, 主演: 詹姆斯·迪恩 / 娜塔莉·伍德 / 萨尔·米涅奥, 类型: 剧情, 制片国家/地区: 美国, 年份: 1955",[Rebel Without a Cause](https://www.imdb.com/title/tt0048545/),🌟7.6
Raiders of the Lost Ark,Steven Spielberg,🎉060,1981,[夺宝奇兵 Raiders of the Lost Ark](https://movie.douban.com/subject/1296717/),🌟7.9,"导演: 史蒂文·斯皮尔伯格, 主演: 哈里森·福特 / 凯伦·阿兰 / 保罗·弗里曼, 类型: 动作 / 冒险, 制片国家/地区: 美国, 年份: 1981",[Raiders of the Lost Ark](https://www.imdb.com/title/tt0082971/),🌟8.4
Vertigo,Alfred Hitchcock,🎉061,1958,[迷魂记 Vertigo](https://movie.douban.com/subject/1297294/),🌟8.7,"导演: 阿尔弗雷德·希区柯克, 主演: 詹姆斯·斯图尔特 / 金·诺瓦克 / 芭芭拉·贝尔·戈迪斯, 类型: 爱情 / 悬疑 / 惊悚, 制片国家/地区: 美国, 年份: 1958",[Vertigo](https://www.imdb.com/title/tt0052357/),🌟8.3
Tootsie,Sydney Pollack,🎉062,1982,[窈窕淑男 Tootsie](https://movie.douban.com/subject/1297737/),🌟8.1,"导演: 西德尼·波拉克, 主演: 达斯汀·霍夫曼 / 杰西卡·兰格 / 特瑞·加尔, 类型: 喜剧 / 爱情, 制片国家/地区: 美国, 年份: 1982",[Tootsie](https://www.imdb.com/title/tt0084805/),🌟7.4
Stagecoach,John Ford,🎉063,1939,[关山飞渡 Stagecoach](https://movie.douban.com/subject/1298134/),🌟8.4,"导演: 约翰·福特, 主演: 约翰·韦恩 / 克莱尔·特雷弗 / 约翰·卡拉丁, 类型: 动作 / 剧情 / 爱情 / 西部, 制片国家/地区: 美国, 年份: 1939",[Stagecoach](https://www.imdb.com/title/tt0031971/),🌟7.8
Close Encounters of the Third Kind,Steven Spielberg,🎉064,1977,[第三类接触 Close Encounters of the Third Kind](https://movie.douban.com/subject/1298405/),🌟7.2,"导演: 史蒂文·斯皮尔伯格, 主演: 理查德·德莱福斯 / 弗朗索瓦·特吕弗 / 特瑞·加尔, 类型: 剧情 / 科幻, 制片国家/地区: 美国, 年份: 1977",[Close Encounters of the Third Kind](https://www.imdb.com/title/tt0075860/),🌟7.6
The Silence of the Lambs,Jonathan Demme,🎉065,1991,[沉默的羔羊 The Silence of the Lambs](https://movie.douban.com/subject/1293544/),🌟8.9,"导演: 乔纳森·戴米, 主演: 朱迪·福斯特 / 安东尼·霍普金斯 / 斯科特·格伦, 类型: 剧情 / 犯罪 / 惊悚, 制片国家/地区: 美国, 年份: 1991",[The Silence of the Lambs](https://www.imdb.com/title/tt0102926/),🌟8.6
Network,Sidney Lumet,🎉066,1976,[电视台风云 Network](https://movie.douban.com/subject/1297531/),🌟8.4,"导演: 西德尼·吕美特, 主演: 费·唐纳薇 / 威廉·霍尔登 / 彼得·芬奇, 类型: 剧情, 制片国家/地区: 美国, 年份: 1976",[Network](https://www.imdb.com/title/tt0074958/),🌟8.1
The Manchurian Candidate,John Frankenheimer,🎉067,1962,[满洲候选人 The Manchurian Candidate](https://movie.douban.com/subject/1293840/),🌟7.3,"导演: 约翰·弗兰克海默, 主演: 弗兰克·辛纳特拉 / 劳伦斯·哈维 / 安吉拉·兰斯伯瑞, 类型: 剧情 / 惊悚, 制片国家/地区: 美国, 年份: 1962",[The Manchurian Candidate](https://www.imdb.com/title/tt0056218/),🌟7.9
An American in Paris,Vincente Minnelli,🎉068,1951,[一个美国人在巴黎 An American in Paris](https://movie.douban.com/subject/1316522/),🌟7.1,"导演: 文森特·明奈利, 主演: 吉恩·凯利 / 莱斯莉·卡伦 / 奥斯卡·黎凡特, 类型: 剧情 / 爱情 / 歌舞, 制片国家/地区: 美国, 年份: 1951",[An American in Paris](https://www.imdb.com/title/tt0043278/),🌟7.2
Shane,George Stevens,🎉069,1953,[原野奇侠 Shane](https://movie.douban.com/subject/1292767/),🌟7.6,"导演: 乔治·史蒂文斯, 主演: 艾伦·拉德 / 琪恩·亚瑟 / 凡·赫夫林, 类型: 剧情 / 西部, 制片国家/地区: 美国, 年份: 1953",[Shane](https://www.imdb.com/title/tt0046303/),🌟7.6
The French Connection,William Friedkin,🎉070,1971,[法国贩毒网 The French Connection](https://movie.douban.com/subject/3013046/),🌟7.8,"导演: 威廉·弗莱德金, 主演: 吉恩·哈克曼 / 费尔南多·雷伊 / 罗伊·谢德, 类型: 动作 / 犯罪 / 惊悚, 制片国家/地区: 美国, 年份: 1971",[The French Connection](https://www.imdb.com/title/tt0067116/),🌟7.7
Forrest Gump,Robert Zemeckis,🎉071,1994,[阿甘正传 Forrest Gump](https://movie.douban.com/subject/1292720/),🌟9.5,"导演: 罗伯特·泽米吉斯, 主演: 汤姆·汉克斯 / 罗宾·怀特 / 加里·西尼斯, 类型: 剧情 / 爱情, 制片国家/地区: 美国, 年份: 1994",[Forrest Gump](https://www.imdb.com/title/tt0109830/),🌟8.8
Ben-Hur,William Wyler,🎉072,1959,[宾虚 Ben-Hur](https://movie.douban.com/subject/1293150/),🌟8.7,"导演: 威廉·惠勒, 主演: 查尔顿·赫斯顿 / 杰克·霍金斯 / 哈雅·哈拉里特, 类型: 剧情 / 动作 / 历史 / 战争 / 冒险, 制片国家/地区: 美国, 年份: 1959",[Ben-Hur](https://www.imdb.com/title/tt0052618/),🌟8.1
Wuthering Heights,William Wyler,🎉073,1939,[呼啸山庄 Wuthering Heights](https://movie.douban.com/subject/1293647/),🌟7.8,"导演: 威廉·惠勒, 主演: 梅尔·奥勃朗 / 劳伦斯·奥利弗 / 大卫·尼文, 类型: 剧情 / 爱情, 制片国家/地区: 美国, 年份: 1939",[Wuthering Heights](https://www.imdb.com/title/tt0032145/),🌟7.5
The Gold Rush,Charlie Chaplin,🎉074,1925,[淘金记 The Gold Rush](https://movie.douban.com/subject/1298817/),🌟9.2,"导演: 查理·卓别林, 主演: 查理·卓别林 / 马克·斯旺 / 汤姆·默里, 类型: 喜剧 / 爱情 / 西部 / 冒险, 制片国家/地区: 美国, 年份: 1925",[The Gold Rush](https://www.imdb.com/title/tt0015864/),🌟8.1
Dances with Wolves,Kevin Costner,🎉075,1990,[与狼共舞 Dances with Wolves](https://movie.douban.com/subject/1293764/),🌟8.9,"导演: 凯文·科斯特纳, 主演: 凯文·科斯特纳 / 玛丽·麦克唐纳 / 格雷厄姆·格林, 类型: 剧情 / 西部 / 冒险, 制片国家/地区: 美国/英国, 年份: 1990",[Dances with Wolves](https://www.imdb.com/title/tt0099348/),🌟8
City Lights,Charles Chaplin,🎉076,1931,[城市之光 City Lights](https://movie.douban.com/subject/1293908/),🌟9.3,"导演: 查理·卓别林, 主演: 查理·卓别林 / 弗吉尼亚·切瑞尔 / 佛罗伦斯·李, 类型: 喜剧 / 剧情 / 爱情, 制片国家/地区: 美国, 年份: 1931",[City Lights](https://www.imdb.com/title/tt0021749/),🌟8.5
American Graffiti,George Lucas,🎉077,1973,[美国风情画 American Graffiti](https://movie.douban.com/subject/1300106/),🌟7.6,"导演: 乔治·卢卡斯, 主演: 理查德·德莱福斯 / 朗·霍华德 / 保罗·勒马特, 类型: 喜剧 / 剧情 / 爱情, 制片国家/地区: 美国, 年份: 1973",[American Graffiti](https://www.imdb.com/title/tt0069704/),🌟7.4
Rocky,John G. Avildsen,🎉078,1976,[洛奇 Rocky](https://movie.douban.com/subject/1295742/),🌟8.8,"导演: 约翰·G·艾维尔森, 主演: 西尔维斯特·史泰龙 / 塔莉娅·夏尔 / 波特·杨, 类型: 剧情 / 爱情 / 运动, 制片国家/地区: 美国, 年份: 1976",[Rocky](https://www.imdb.com/title/tt0075148/),🌟8.1
The Deer Hunter,Michael Cimino,🎉079,1978,[猎鹿人 The Deer Hunter](https://movie.douban.com/subject/1292403/),🌟8.3,"导演: 迈克尔·西米诺, 主演: 罗伯特·德尼罗 / 约翰·凯泽尔 / 约翰·萨维奇, 类型: 剧情 / 战争, 制片国家/地区: 美国, 年份: 1978",[The Deer Hunter](https://www.imdb.com/title/tt0077416/),🌟8.1
The Wild Bunch,Sam Peckinpah,🎉080,1969,[日落黄沙 The Wild Bunch](https://movie.douban.com/subject/1296963/),🌟8.3,"导演: 萨姆·佩金帕, 主演: 威廉·霍尔登 / 欧内斯特·博格宁 / 罗伯特·瑞安, 类型: 动作 / 西部, 制片国家/地区: 美国, 年份: 1969",[The Wild Bunch](https://www.imdb.com/title/tt0065214/),🌟7.9
Modern Times,Charlie Chaplin,🎉081,1936,[摩登时代 Modern Times](https://movie.douban.com/subject/1294371/),🌟9.3,"导演: 查理·卓别林, 主演: 查理·卓别林 / 宝莲·高黛 / 亨利·伯格曼, 类型: 剧情 / 喜剧 / 爱情, 制片国家/地区: 美国, 年份: 1936",[Modern Times](https://www.imdb.com/title/tt0027977/),🌟8.5
Giant,George Stevens,🎉082,1956,[巨人传 Giant](https://movie.douban.com/subject/1298289/),🌟8.0,"导演: 乔治·史蒂文斯, 主演: 罗克·赫德森 / 伊丽莎白·泰勒 / 詹姆斯·迪恩, 类型: 剧情 / 爱情 / 西部, 制片国家/地区: 美国, 年份: 1956",[Giant](https://www.imdb.com/title/tt0049261/),🌟7.6
Platoon,Oliver Stone,🎉083,1986,[野战排 Platoon](https://movie.douban.com/subject/1293396/),🌟8.2,"导演: 奥利佛·斯通, 主演: 威廉·达福 / 查理·辛 / 汤姆·贝伦杰, 类型: 动作 / 剧情 / 战争, 制片国家/地区: 美国/英国, 年份: 1986",[Platoon](https://www.imdb.com/title/tt0091763/),🌟8.1
Fargo,Joel Coen,🎉084,1996,[冰血暴 Fargo](https://movie.douban.com/subject/1292067/),🌟8.0,"导演: 乔尔·科恩, 主演: 威廉姆·H·梅西 / 史蒂夫·布西密 / 彼得·斯特曼, 类型: 犯罪 / 剧情 / 惊悚, 制片国家/地区: 美国/英国, 年份: 1996",[Fargo](https://www.imdb.com/title/tt0116282/),🌟8.1
Duck Soup,Leo McCarey,🎉085,1933,[鸭羹 Duck Soup](https://movie.douban.com/subject/1298113/),🌟7.2,"导演: 莱奥·麦卡雷, 主演: 格劳乔·马克斯 / 哈勃·马克斯 / 奇科·马克斯, 类型: 喜剧 / 歌舞, 制片国家/地区: 美国, 年份: 1933",[Duck Soup](https://www.imdb.com/title/tt0023969/),🌟7.8
Mutiny on the Bounty,Frank Lloyd,🎉086,1935,[叛舰喋血记 Mutiny on the Bounty](https://movie.douban.com/subject/1298059/),🌟7.9,"导演: 弗兰克·洛伊德, 主演: 查尔斯·劳顿 / 克拉克·盖博 / 法兰奇·汤恩, 类型: 冒险 / 剧情 / 历史, 制片国家/地区: 美国, 年份: 1935",[Mutiny on the Bounty](https://www.imdb.com/title/tt0026752/),🌟7.6
Frankenstein,James Whale,🎉087,1931,[科学怪人 Frankenstein](https://movie.douban.com/subject/1296929/),🌟7.5,"导演: 詹姆斯·惠尔, 主演: 科林·克利夫 / 梅·克拉克 / 约翰·博尔斯, 类型: 科幻 / 恐怖, 制片国家/地区: 美国, 年份: 1931",[Frankenstein](https://www.imdb.com/title/tt0021884/),🌟7.8
Easy Rider,Dennis Hopper,🎉088,1969,[逍遥骑士 Easy Rider](https://movie.douban.com/subject/1297646/),🌟8.3,"导演: 丹尼斯·霍珀, 主演: 彼得·方达 / 丹尼斯·霍珀 / 杰克·尼科尔森, 类型: 剧情 / 冒险, 制片国家/地区: 美国, 年份: 1969",[Easy Rider](https://www.imdb.com/title/tt0064276/),🌟7.3
Patton,Franklin J. Schaffner,🎉089,1970,[巴顿将军 Patton](https://movie.douban.com/subject/1298308/),🌟8.2,"导演: 富兰克林·沙夫纳, 主演: 乔治·C·斯科特 / 卡尔·莫尔登 / 斯蒂芬·杨, 类型: 传记 / 剧情 / 战争, 制片国家/地区: 美国, 年份: 1970",[Patton](https://www.imdb.com/title/tt0066206/),🌟7.9
The Jazz Singer,Alan Crosland,🎉090,1927,[爵士歌手 The Jazz Singer](https://movie.douban.com/subject/1303410/),🌟7.5,"导演: 艾伦·克罗斯兰, 主演: 阿尔•乔生 / 梅·麦卡沃伊 / 华纳·欧兰德, 类型: 剧情 / 音乐 / 爱情, 制片国家/地区: 美国, 年份: 1927",[The Jazz Singer](https://www.imdb.com/title/tt0018037/),🌟6.4
My Fair Lady,George Cukor,🎉091,1964,[窈窕淑女 My Fair Lady](https://movie.douban.com/subject/1297965/),🌟8.2,"导演: 乔治·库克, 主演: 奥黛丽·赫本 / 雷克斯·哈里森 / 斯坦利·霍洛威, 类型: 剧情 / 爱情 / 歌舞, 制片国家/地区: 美国, 年份: 1964",[My Fair Lady](https://www.imdb.com/title/tt0058385/),🌟7.8
A Place in the Sun,George Stevens,🎉092,1951,[郎心似铁 A Place in the Sun](https://movie.douban.com/subject/1293047/),🌟7.6,"导演: 乔治·史蒂文斯, 主演: 蒙哥马利·克利夫特 / 伊丽莎白·泰勒 / 谢利·温特斯, 类型: 剧情 / 爱情, 制片国家/地区: 美国, 年份: 1951",[A Place in the Sun](https://www.imdb.com/title/tt0043924/),🌟7.7
The Apartment,Billy Wilder,🎉093,1960,[桃色公寓 The Apartment](https://movie.douban.com/subject/1394218/),🌟8.8,"导演: 比利·怀尔德, 主演: 杰克·莱蒙 / 雪莉·麦克雷恩 / 弗莱德·麦克莫瑞, 类型: 爱情 / 喜剧 / 剧情, 制片国家/地区: 美国, 年份: 1960",[The Apartment](https://www.imdb.com/title/tt0053604/),🌟8.3
Goodfellas,Martin Scorsese,🎉094,1990,[好家伙 GoodFellas](https://movie.douban.com/subject/1292268/),🌟8.5,"导演: 马丁·斯科塞斯, 主演: 罗伯特·德尼罗 / 雷·利奥塔 / 乔·佩西, 类型: 剧情 / 传记 / 犯罪, 制片国家/地区: 美国, 年份: 1990",[Goodfellas](https://www.imdb.com/title/tt0099685/),🌟8.7
Pulp Fiction,Quentin Tarantino,🎉095,1994,[低俗小说 Pulp Fiction](https://movie.douban.com/subject/1291832/),🌟8.9,"导演: 昆汀·塔伦蒂诺, 主演: 约翰·特拉沃尔塔 / 乌玛·瑟曼 / 阿曼达·普拉莫, 类型: 剧情 / 喜剧 / 犯罪, 制片国家/地区: 美国, 年份: 1994",[Pulp Fiction](https://www.imdb.com/title/tt0110912/),🌟8.9
The Searchers,John Ford,🎉096,1956,[搜索者 The Searchers](https://movie.douban.com/subject/1292668/),🌟7.9,"导演: 约翰·福特, 主演: 约翰·韦恩 / 杰弗里·亨特 / 维拉·迈尔斯, 类型: 剧情 / 西部 / 冒险, 制片国家/地区: 美国, 年份: 1956",[The Searchers](https://www.imdb.com/title/tt0049730/),🌟7.8
Bringing Up Baby,Howard Hawks,🎉097,1938,[育婴奇谭 Bringing Up Baby](https://movie.douban.com/subject/1297657/),🌟7.3,"导演: 霍华德·霍克斯, 主演: 凯瑟琳·赫本 / 加里·格兰特 / 查尔斯·拉格尔斯, 类型: 喜剧 / 爱情, 制片国家/地区: 美国, 年份: 1938",[Bringing Up Baby](https://www.imdb.com/title/tt0029947/),🌟7.8
Unforgiven,Clint Eastwood,🎉098,1992,[不可饶恕 Unforgiven](https://movie.douban.com/subject/1293566/),🌟8.5,"导演: 克林特·伊斯特伍德, 主演: 克林特·伊斯特伍德 / 吉恩·哈克曼 / 摩根·弗里曼, 类型: 剧情 / 西部, 制片国家/地区: 美国, 年份: 1992",[Unforgiven](https://www.imdb.com/title/tt0105695/),🌟8.2
Guess Who's Coming to Dinner,Stanley Kramer,🎉099,1967,[猜猜谁来吃晚餐 Guess Who's Coming to Dinner](https://movie.douban.com/subject/1293688/),🌟7.9,"导演: 斯坦利·克雷默, 主演: 斯宾塞·屈塞 / 西德尼·波蒂埃 / 凯瑟琳·赫本, 类型: 剧情 / 爱情, 制片国家/地区: 美国, 年份: 1967",[Guess Who's Coming to Dinner](https://www.imdb.com/title/tt0061735/),🌟7.8
Yankee Doodle Dandy,Michael Curtiz,🎉100,1942,[胜利之歌 Yankee Doodle Dandy](https://movie.douban.com/subject/1295014/),🌟7.8,"导演: 迈克尔·柯蒂兹, 主演: 詹姆斯·卡格尼 / 琼·莱斯利 / 沃尔特·休斯顿, 类型: 传记 / 剧情 / 歌舞 / 爱情, 制片国家/地区: 美国, 年份: 1942",[Yankee Doodle Dandy](https://www.imdb.com/title/tt0035575/),🌟7.6
