Index,年度十佳,排名,豆瓣电影,豆瓣年份,豆瓣打分,导演,主演,类型,制片国家/地区
0,2022年,1,[岛屿上的煎熬 Tourment sur les îles](https://movie.douban.com/subject/35211739/),2022.0,6.7, 阿尔伯特·塞拉, 伯努瓦·马吉梅尔 / 塞尔希·洛佩斯 / 吕伊斯·塞拉, 剧情 / 惊悚, 法国/西班牙/德国/葡萄牙
1,2022年,2,[甘草披萨 Licorice Pizza](https://movie.douban.com/subject/34888057/),2021.0,6.8, 保罗·托马斯·安德森, 阿拉娜·哈伊姆 / 库珀·霍夫曼 / 斯凯勒·吉桑多, 剧情 / 喜剧, 美国/加拿大
2,2022年,3,[不 Nope](https://movie.douban.com/subject/35240235/),2022.0,6.8, 乔丹·皮尔, 丹尼尔·卡卢亚 / 柯柯·帕尔莫 / 布兰登·佩利亚, 科幻 / 悬疑 / 惊悚 / 恐怖, 美国/日本/加拿大
3,2022年,4,[驴叫 EO](https://movie.douban.com/subject/35400649/),2022.0,6.8, 杰兹·斯科利莫夫斯基, 桑德拉·德拉兹马尔斯卡 / 伊莎贝尔·于佩尔 / 洛伦佐·祖佐洛, 剧情, 波兰/意大利
4,2022年,5,[偶然与想象 偶然と想像](https://movie.douban.com/subject/35360296/),2021.0,8.3, 滨口龙介, 古川琴音 / 涩川清彦 / 占部房子, 剧情 / 爱情, 日本
5,2022年,6,[土星保龄球 Bowling Saturne](https://movie.douban.com/subject/35371273/),2022.0,6.4, 帕特里西亚·玛佐, 阿里耶·沃索尔特 / 弗里德里克·范登德里舍 / Achille Reggiani, 剧情 / 惊悚, 法国/比利时
6,2022年,7,[阿波罗10½号：太空时代的童年 Apollo 10 1/2: A Space Age Childhood](https://movie.douban.com/subject/30142421/),2022.0,7.5, 理查德·林克莱特, 米洛·考伊 / 杰克·布莱克 / 李·埃迪, 剧情 / 科幻 / 动画 / 冒险, 美国
7,2022年,8,[引见 인트로덕션](https://movie.douban.com/subject/35360295/),2021.0,6.7, 洪常秀, 申锡镐 / 朴美姬 / 金英浩, 剧情, 韩国
8,2022年,9,[跟我走吧 Viens je t’emmène](https://movie.douban.com/subject/26792805/),2022.0,7.3, 阿兰·吉罗迪, 让-查理·克里切特 / 诺埃米·洛夫斯基 / 伊利斯·卡德里, 剧情 / 喜剧, 法国/比利时
9,2022年,10,[谁能阻挡我们 Quién lo impide](https://movie.douban.com/subject/35432327/),2021.0,7.6, 霍纳斯·特鲁埃瓦, 坎德拉·雷西奥 / Pablo Hoyos / 西尔维娅·阿吉拉, 剧情 / 纪录片, 西班牙
10,2021年,1,[第一头牛 First Cow](https://movie.douban.com/subject/30368608/),2019.0,7.7, 凯莉·莱卡特, 约翰·马加罗 / 奥赖恩·李 / 勒内·奥贝尔若努瓦, 剧情, 美国
11,2021年,2,[安妮特 Annette](https://movie.douban.com/subject/26856202/),2021.0,6.9, 莱奥·卡拉克斯, 亚当·德赖弗 / 玛丽昂·歌迪亚 / 西蒙·赫尔伯格, 剧情 / 爱情 / 歌舞, 法国/墨西哥/美国/瑞士/比利时/日本/德国
12,2021年,3,[记忆 Memoria](https://movie.douban.com/subject/30137576/),2021.0,7.6, 阿彼察邦·韦拉斯哈古, 蒂尔达·斯文顿 / 艾格尼丝·布雷克 / 丹尼尔·希梅内斯·卡乔, 剧情, 哥伦比亚/泰国/法国/德国/墨西哥/卡塔尔/英国/中国大陆/瑞士
13,2021年,4,[驾驶我的车 ドライブ・マイ・カー](https://movie.douban.com/subject/35235502/),2021.0,7.9, 滨口龙介, 西岛秀俊 / 三浦透子 / 雾岛丽香, 剧情, 日本
14,2021年,5,[法兰西 France](https://movie.douban.com/subject/30465538/),2021.0,6.9, 布鲁诺·杜蒙, 蕾雅·赛杜 / 布朗什·加丁 / 班哲明·比欧雷, 剧情 / 喜剧, 法国/德国/意大利/比利时
15,2021年,6,[法兰西特派 The French Dispatch](https://movie.douban.com/subject/30300279/),2021.0,7.7, 韦斯·安德森, 本尼西奥·德尔·托罗 / 阿德里安·布罗迪 / 蒂尔达·斯文顿, 剧情 / 喜剧, 美国/德国
16,2021年,7,[南法撩妹记 À l'abordage](https://movie.douban.com/subject/34955335/),2020.0,7.3, 吉约姆·布哈克, 埃里克·南乔 / 萨利夫·西塞 / 爱德华·苏皮斯, 喜剧, 法国
17,2021年,8,[女孩和蜘蛛 Das Mädchen und die Spinne](https://movie.douban.com/subject/26961214/),2021.0,6.9, 拉蒙·曲尔歇尔 / 西尔万·曲尔歇尔, 亨丽埃特·肯夫里乌斯 / Liliane Amuat / 尤拉西纳·拉尔迪, 剧情, 瑞士
18,2021年,9,[算牌人 The Card Counter](https://movie.douban.com/subject/34873745/),2021.0,6.2, 保罗·施拉德, 奥斯卡·伊萨克 / 蒂凡尼·哈迪斯 / 泰伊·谢里丹, 剧情 / 犯罪 / 惊悚, 美国/英国/中国大陆/瑞典
19,2021年,10,[圣母 Benedetta](https://movie.douban.com/subject/26933588/),2021.0,7.8, 保罗·范霍文, 维尔日妮·埃菲拉 / 夏洛特·兰普林 / 达芙妮·帕塔基亚, 剧情 / 历史 / 同性, 法国/荷兰
20,2020年,1,[波士顿市政厅 City Hall](https://movie.douban.com/subject/35027717/),2020.0,7.9, 弗雷德里克·怀斯曼, Marty Walsh, 纪录片, 美国
21,2020年,2,[逃走的女人 도망친 여자](https://movie.douban.com/subject/34958725/),2020.0,7.2, 洪常秀, 金敏喜 / 徐永嬅 / 宋宣美, 剧情, 韩国
22,2020年,3,[原钻 Uncut Gems](https://movie.douban.com/subject/27045860/),2019.0,7.2, 本·萨弗迪 / 约书亚·萨弗迪, 亚当·桑德勒 / 茱莉娅·福克斯 / 凯文·加内特, 剧情 / 犯罪, 美国
23,2020年,4,[马尔姆克罗格庄园 Malmkrog](https://movie.douban.com/subject/26708258/),2020.0,6.7, 克利斯提·普优, Agathe Bosch / Ugo Broussot / Frédéric Schulz-Richard, 历史, 罗马尼亚/塞尔维亚/瑞典/瑞士/北马其顿/英国/法国
24,2020年,5,"[所言所行 Les Choses qu'on dit, les choses qu'on fait](https://movie.douban.com/subject/34964138/)",2020.0,7.7, 埃马纽埃尔·穆雷, 卡梅丽雅·乔丹娜 / 尼尔斯·施内德 / 樊尚·马凯涅, 爱情, 法国
25,2020年,6,[江边旅馆 강변호텔](https://movie.douban.com/subject/30189817/),2018.0,7.3, 洪常秀, 奇周峯 / 金敏喜 / 宋宣美, 剧情, 韩国
26,2020年,7,[春江水暖](https://movie.douban.com/subject/30419744/),2019.0,7.3, 顾晓刚, 杜红军 / 钱有法 / 汪凤娟, 剧情 / 家庭, 中国大陆
27,2020年,8,[眼泪之盐 Le sel des larmes](https://movie.douban.com/subject/26979204/),2020.0,6.7, 菲利普·加瑞尔, 洛根·安托弗莫 / 欧莱雅·阿玛拉 / 路易丝·舍维约特, 剧情 / 爱情, 法国/瑞士
28,2020年,9,[太棒了 Énorme](https://movie.douban.com/subject/30465742/),2019.0,6.3, 索菲·勒图讷尔, 玛琳娜·佛伊丝 / 乔纳森·科恩 /, 喜剧, 法国
29,2020年,10,[八月处子 La Virgen de Agosto](https://movie.douban.com/subject/33464312/),2019.0,7.5, 霍纳斯·特鲁埃瓦, 伊萨索·阿拉纳 / Vito Sanz / 伊莎贝尔·施托费尔, 剧情, 西班牙
30,2019年,1,[影像之书 Le livre d'image](https://movie.douban.com/subject/26830774/),2018.0,7.8, 让-吕克·戈达尔, 让-吕克·戈达尔, 剧情 / 纪录片, 瑞士/法国
31,2019年,2,[寄生虫 기생충](https://movie.douban.com/subject/27010768/),2019.0,8.8, 奉俊昊, 宋康昊 / 李善均 / 曹汝贞, 剧情, 韩国
32,2019年,3,[同义词 מילים נרדפות](https://movie.douban.com/subject/27047918/),2019.0,6.9, 那达夫·拉皮德, 汤姆·梅西耶 / 康坦·多尔迈尔 / 路易丝·舍维约特, 剧情 / 喜剧, 法国/以色列/德国
33,2019年,4,[巴克劳 Bacurau](https://movie.douban.com/subject/24389792/),2019.0,6.8, 儒利亚诺·多赫内利斯 / 小克莱伯·门多萨, 芭芭拉·科伦 / 托马斯·阿基诺 / 西弗罗·佩雷拉, 剧情, 巴西/法国
34,2019年,5,[贞德 Jeanne](https://movie.douban.com/subject/27663802/),2019.0,6.8, 布鲁诺·杜蒙, 莉莎·勒普拉·普鲁多姆 / Annick Lavieville / Justine Herbez, 剧情 / 历史 / 战争, 法国
35,2019年,6,[痛苦与荣耀 Dolor y gloria](https://movie.douban.com/subject/30198539/),2019.0,8.5, 佩德罗·阿莫多瓦, 安东尼奥·班德拉斯 / 阿谢尔·埃特塞安迪亚 / 莱昂纳多·斯巴拉格利亚, 剧情 / 同性, 西班牙/法国
36,2019年,7,[悲惨世界 Les Misérables](https://movie.douban.com/subject/33417030/),2019.0,8.1, 拉吉·利, 达米安·勃纳尔 / 亚历克西斯·曼蒂 / 贾布里勒·宗加, 剧情 / 犯罪, 法国
37,2019年,8,[骡子 The Mule](https://movie.douban.com/subject/30135113/),2018.0,7.9, 克林特·伊斯特伍德, 克林特·伊斯特伍德 / 布莱德利·库珀 / 劳伦斯·菲什伯恩, 剧情 / 犯罪, 美国
38,2019年,9,[小丑 Joker](https://movie.douban.com/subject/27119724/),2019.0,8.7, 托德·菲利普斯, 华金·菲尼克斯 / 罗伯特·德尼罗 / 马克·马龙, 剧情 / 犯罪 / 惊悚, 美国/加拿大
39,2019年,10,[爱尔兰人 The Irishman](https://movie.douban.com/subject/6981153/),2019.0,8.8, 马丁·斯科塞斯, 罗伯特·德尼罗 / 阿尔·帕西诺 / 乔·佩西, 剧情 / 传记 / 犯罪, 美国
40,2018年,1,[野小子们 Les Garçons sauvages](https://movie.douban.com/subject/26740543/),2017.0,7.3, 贝特朗·芒蒂格, 保利娜·洛里拉德 / 维玛拉·庞斯 / 戴安·罗赛尔, 剧情 / 悬疑 / 奇幻 / 冒险, 法国
41,2018年,2,[宽宽和非人类 Coincoin et les z'inhumains](https://movie.douban.com/subject/26969727/),2018.0,8.2, 布鲁诺·杜蒙, Alane Delhaye / Bernard Pruvost / Philippe Jore, 剧情, 法国
42,2018年,3,[魅影缝匠 Phantom Thread](https://movie.douban.com/subject/26809592/),2017.0,7.5, 保罗·托马斯·安德森, 丹尼尔·戴-刘易斯 / 薇姬·克里普斯 / 莱丝利·曼维尔, 剧情 / 爱情, 美国/英国
43,2018年,4,[燃烧 버닝](https://movie.douban.com/subject/26842702/),2018.0,8.1, 李沧东, 刘亚仁 / 史蒂文·元 / 全钟瑞, 剧情 / 犯罪 / 悬疑, 韩国
44,2018年,5,[保罗·桑切斯回来了！ Paul Sanchez est revenu!](https://movie.douban.com/subject/27093087/),2018.0,6.7, 帕特里西亚·玛佐, 罗兰·拉斐特 / 琪塔·昂罗 / Idir Chender, 剧情 / 惊悚, 法国
45,2018年,6,[华盛顿邮报 The Post](https://movie.douban.com/subject/26990609/),2017.0,8.3, 史蒂文·斯皮尔伯格, 梅丽尔·斯特里普 / 汤姆·汉克斯 / 莎拉·保罗森, 剧情 / 传记 / 历史, 美国/英国
46,2018年,7,[独自在夜晚的海边 밤의 해변에서 혼자](https://movie.douban.com/subject/26718282/),2017.0,7.6, 洪常秀, 金敏喜 / 徐永嬅 / 郑在泳, 剧情 / 爱情, 韩国
47,2018年,8,[此房是我造 The House That Jack Built](https://movie.douban.com/subject/26369884/),2018.0,7.4, 拉斯·冯·提尔, 马特·狄龙 / 布鲁诺·冈茨 / 乌玛·瑟曼, 犯罪 / 惊悚 / 恐怖, 丹麦/法国/瑞典/德国/比利时/突尼斯
48,2018年,9,[盛夏 Лето](https://movie.douban.com/subject/30162520/),2018.0,7.9, 基里尔·谢列布连尼科夫, 刘台午 / 伊琳娜·斯达申鲍姆 / 罗曼·比利克, 传记 / 音乐, 俄罗斯/法国
49,2018年,10,[金银岛 L'Île au trésor](https://movie.douban.com/subject/27089208/),2018.0,7.8, 吉约姆·布哈克, , 纪录片, 法国
50,2017年,1,[双峰 第三季 Twin Peaks Season 3](https://movie.douban.com/subject/26088510/),2017.0,8.9, 大卫·林奇, 凯尔·麦克拉克伦 / 雪莉·李 / 金米·罗伯特森, 剧情 / 犯罪 / 悬疑, 美国
51,2017年,2,"[童女贞德 Jeannette, l'enfance de Jeanne d'Arc](https://movie.douban.com/subject/26732298/)",2017.0,6.4, 布鲁诺·杜蒙, 莉莎·勒普拉·普鲁多姆 / 珍妮·沃伊辛 / 露西尔·高蒂尔, 儿童 / 历史 / 歌舞, 法国
52,2017年,3,[某种女人 Certain Women](https://movie.douban.com/subject/26341593/),2016.0,7.5, 凯莉·莱卡特, 劳拉·邓恩 / 米歇尔·威廉姆斯 / 莉莉·格莱斯顿, 剧情, 美国
53,2017年,4,[逃出绝命镇 Get Out](https://movie.douban.com/subject/26688480/),2017.0,7.8, 乔丹·皮尔, 丹尼尔·卡卢亚 / 艾莉森·威廉姆斯 / 凯瑟琳·基纳, 悬疑 / 惊悚 / 恐怖, 美国
54,2017年,5,[之后 그 후](https://movie.douban.com/subject/27018296/),2017.0,7.6, 洪常秀, 赵允熙 / 金玺碧 / 权海骁, 剧情 / 爱情, 韩国
55,2017年,6,[一日情人 L'Amant d'un jour](https://movie.douban.com/subject/26759825/),2017.0,7.3, 菲利普·加瑞尔, 埃里克·卡拉瓦卡 / 艾斯特·加瑞尔 / 路易丝·舍维约特, 剧情 / 爱情, 法国
56,2017年,7,[好时光 Good Time](https://movie.douban.com/subject/26528871/),2017.0,7.3, 本·萨弗迪 / 约书亚·萨弗迪, 罗伯特·帕丁森 / 本·萨弗迪 / 泰丽尔·韦伯斯特, 剧情 / 犯罪, 美国
57,2017年,8,[分裂 Split](https://movie.douban.com/subject/26600660/),2016.0,7.4, M·奈特·沙马兰, 詹姆斯·麦卡沃伊 / 安雅·泰勒-乔伊 / 贝蒂·巴克利, 犯罪 / 悬疑 / 惊悚, 美国
58,2017年,9,[第一夫人 Jackie](https://movie.douban.com/subject/4849728/),2016.0,6.6, 帕布罗·拉雷恩, 娜塔莉·波特曼 / 彼得·萨斯加德 / 格蕾塔·葛韦格, 剧情 / 传记 / 历史, 美国/法国/智利
59,2017年,10,[比利·林恩的中场战事 Billy Lynn's Long Halftime Walk](https://movie.douban.com/subject/25983044/),2016.0,8.3, 李安, 乔·阿尔文 / 加内特·赫德兰 / 克里斯汀·斯图尔特, 剧情 / 战争, 美国/英国/中国大陆
60,2016年,1,[托尼·厄德曼 Toni Erdmann](https://movie.douban.com/subject/24872189/),2016.0,7.6, 玛伦·阿德, 彼得·西蒙尼舍克 / 桑德拉·惠勒 / 米夏埃尔·维滕博恩, 剧情 / 喜剧, 德国/奥地利
61,2016年,2,[她 Elle](https://movie.douban.com/subject/26022182/),2016.0,7.7, 保罗·范霍文, 伊莎贝尔·于佩尔 / 罗兰·拉斐特 / 安妮·康斯金尼, 剧情 / 惊悚, 法国/德国/比利时
62,2016年,3,[霓虹恶魔 The Neon Demon](https://movie.douban.com/subject/6860147/),2016.0,6.3, 尼古拉斯·温丁·雷弗恩, 艾丽·范宁 / 阿比·丽 / 贝拉·希思科特, 剧情 / 惊悚, 法国/丹麦/美国
63,2016年,4,[水瓶座 Aquarius](https://movie.douban.com/subject/26678599/),2016.0,7.0, 小克莱伯·门多萨, 索尼娅·布拉加 / 伊兰迪尔·桑托斯 / 卡拉·里巴斯, 剧情, 巴西/法国
64,2016年,5,[玛·鲁特 Ma Loute](https://movie.douban.com/subject/26279128/),2016.0,6.6, 布鲁诺·杜蒙, 法布莱斯·鲁奇尼 / 朱丽叶·比诺什 / 瓦莱丽亚·布鲁尼·泰德斯基, 喜剧, 法国/德国/比利时
65,2016年,6,[胡丽叶塔 Julieta](https://movie.douban.com/subject/26296258/),2016.0,7.5, 佩德罗·阿莫多瓦, 埃玛·苏亚雷斯 / 阿德里亚娜·乌加特 / 丹尼尔·格劳, 剧情 / 爱情 / 悬疑, 西班牙
66,2016年,7,[保持站立 Rester vertical](https://movie.douban.com/subject/26678594/),2016.0,6.1, 阿兰·吉罗迪, 达米安·勃纳尔 / 克里斯蒂安·布耶特 / 劳尔·卡拉米, 剧情 / 情色 / 同性, 法国
67,2016年,8,[丛林法则 La loi de la jungle](https://movie.douban.com/subject/26649224/),2016.0,7.1, 安托南·佩里提亚可, 樊尚·马凯涅 / 维玛拉·庞斯 / 帕斯卡·雷吉蒂米, 喜剧, 法国
68,2016年,9,[卡罗尔 Carol](https://movie.douban.com/subject/10757577/),2015.0,8.4, 托德·海因斯, 凯特·布兰切特 / 鲁妮·玛拉 / 凯尔·钱德勒, 剧情 / 爱情 / 同性, 英国/美国
69,2016年,10,[我们在这片森林里制造梦想 Le bois dont les rêves sont faits](https://movie.douban.com/subject/26580156/),2015.0,7.7, 克莱尔·西蒙, , 纪录片, 法国
70,2015年,1,[我的母亲 Mia madre](https://movie.douban.com/subject/24868251/),2015.0,7.2, 南尼·莫莱蒂, 玛格丽塔·布伊 / 南尼·莫莱蒂 / 约翰·特托罗, 剧情, 意大利/法国
71,2015年,2,[幻梦墓园 รักที่ขอนแก่น](https://movie.douban.com/subject/21323277/),2015.0,7.6, 阿彼察邦·韦拉斯哈古, 金吉拉·潘帕斯 / 班罗普·洛罗伊, 剧情, 泰国/英国/法国/德国/马来西亚/韩国/墨西哥/美国/挪威
72,2015年,3,[女人的阴影 L'Ombre des femmes](https://movie.douban.com/subject/25851625/),2015.0,7.3, 菲利普·加瑞尔, 克洛蒂尔·蔻洛 / 斯坦尼斯拉斯·莫哈 / 让·波米埃, 剧情, 法国/瑞士
73,2015年,4,[气味相投 The Smell of Us](https://movie.douban.com/subject/11541298/),2014.0,5.9, 拉里·克拉克, Diane Rouxel / Lukas Ionesco, 剧情, 法国/美国
74,2015年,5,[疯狂的麦克斯4：狂暴之路 Mad Max: Fury Road](https://movie.douban.com/subject/3592854/),2015.0,8.7, 乔治·米勒, 汤姆·哈迪 / 查理兹·塞隆 / 尼古拉斯·霍尔特, 动作 / 科幻 / 冒险, 澳大利亚/美国
75,2015年,6,[安乐乡 Jauja](https://movie.douban.com/subject/20393686/),2014.0,7.4, 利桑德罗·阿隆索, 维果·莫腾森 / 迭戈·罗曼 / 格茜塔·诺比, 剧情 / 西部, 阿根廷/丹麦/法国/墨西哥/美国/德国/巴西/荷兰
76,2015年,7,[性本恶 Inherent Vice](https://movie.douban.com/subject/5432221/),2014.0,7.1, 保罗·托马斯·安德森, 华金·菲尼克斯 / 乔什·布洛林 / 欧文·威尔逊, 剧情 / 喜剧 / 犯罪, 美国
77,2015年,8,"[一千零一夜第1部：不安之人 As Mil e Uma Noites: Volume 1, O Inquieto](https://movie.douban.com/subject/24754783/)",2015.0,7.0, 米格尔·戈麦斯, 克里斯塔·法亚特 / 米格尔·戈麦斯 / 罗基里奥·萨莫拉, 剧情, 葡萄牙/法国/德国/瑞士
78,2015年,9,[桑格莉之夏 Sangailės vasara](https://movie.douban.com/subject/26276387/),2015.0,7.4, 阿兰蒂·卡瓦特, 尤利娅·斯特波娜妮特 / 艾斯特·蒂奇 / 朱拉特·索蒂特, 剧情 / 爱情 / 同性, 立陶宛/法国/荷兰
79,2015年,10,[岸边之旅 岸辺の旅](https://movie.douban.com/subject/25851628/),2015.0,6.8, 黑泽清, 深津绘里 / 浅野忠信 / 小松政夫, 剧情 / 爱情 / 奇幻, 日本/法国
80,2014年,1,[小宽宽 P'tit Quinquin](https://movie.douban.com/subject/25166744/),2014.0,7.6, 布鲁诺·杜蒙, Alane Delhaye / Lucy Caron / Bernard Pruvost, 剧情 / 犯罪 / 悬疑, 法国
81,2014年,2,[再见语言 Adieu au langage](https://movie.douban.com/subject/10465148/),2014.0,7.3, 让-吕克·戈达尔, 海洛依丝·戈多 / 卡迈勒·阿德里 / 理查德·舍瓦利尔, 剧情, 瑞士/法国
82,2014年,3,[皮囊之下 Under the Skin](https://movie.douban.com/subject/3749974/),2013.0,6.3, 乔纳森·格雷泽, 斯嘉丽·约翰逊 / 杰里米·麦克威廉姆斯 / 琳西·泰勒·麦凯, 科幻 / 恐怖, 英国/美国/瑞士
83,2014年,4,[星图 Maps to the Stars](https://movie.douban.com/subject/11502912/),2014.0,6.4, 大卫·柯南伯格, 朱丽安·摩尔 / 米娅·华希科沃斯卡 / 罗伯特·帕丁森, 剧情, 加拿大/美国/德国/法国
84,2014年,5,[起风了 風立ちぬ](https://movie.douban.com/subject/6791750/),2013.0,8.2, 宫崎骏, 庵野秀明 / 泷本美织 / 西岛秀俊, 剧情 / 爱情 / 动画, 日本
85,2014年,6,女性瘾者：第一部 Nymphomaniac: Volume I,2014, ,拉斯·冯·提尔, , ,丹麦
86,2014年,6,女性瘾者：第二部 Nymphomaniac: Volume II,2014, ,拉斯·冯·提尔, , ,丹麦
87,2014年,7,[妈咪 Mommy](https://movie.douban.com/subject/25745651/),2014.0,8.2, 泽维尔·多兰, 安娜·多尔瓦尔 / 安托万-奥利弗·波尼安 / 苏珊娜·克莱蒙, 剧情 / 家庭, 加拿大
88,2014年,8,[爱很怪 Love Is Strange](https://movie.douban.com/subject/24706561/),2014.0,7.8, 艾拉·萨克斯, 阿尔弗雷德·莫里纳 / 约翰·利思戈 / 玛丽莎·托梅, 剧情 / 爱情 / 同性, 美国/法国/巴西/希腊
89,2014年,9,[天堂 Le Paradis](https://movie.douban.com/subject/25992272/),2014.0,6.9, 阿兰·卡瓦利埃, Nine d'Urso / Thibault Duteil / Maia Fontaine, , 法国
90,2014年,10,[我们善熙 우리 선희](https://movie.douban.com/subject/21371664/),2013.0,7.2, 洪常秀, 郑有美 / 李善均 / 郑在泳, 剧情 / 喜剧 / 爱情, 韩国
91,2013年,1,[湖畔的陌生人 L'Inconnu du lac](https://movie.douban.com/subject/21339377/),2013.0,7.4, 阿兰·吉罗迪, 皮埃尔·德隆尚 / 克里斯多夫·帕欧 / 帕特里克·德阿萨姆曹, 剧情 / 情色 / 同性, 法国
92,2013年,2,[春假 Spring Breakers](https://movie.douban.com/subject/7052437/),2012.0,5.6, 哈莫尼·科林, 詹姆斯·弗兰科 / 赛琳娜·戈麦斯 / 凡妮莎·哈金斯, 剧情 / 犯罪, 美国
93,2013年,3,[阿黛尔的生活 La Vie d'Adèle](https://movie.douban.com/subject/10535568/),2013.0,8.4, 阿布戴·柯西胥, 阿黛尔·艾克萨勒霍布洛斯 / 蕾雅·赛杜 / 萨利姆·克希乌什, 剧情 / 爱情 / 同性, 法国/比利时/西班牙
94,2013年,4,[地心引力 Gravity](https://movie.douban.com/subject/3793783/),2013.0,7.9, 阿方索·卡隆, 桑德拉·布洛克 / 乔治·克鲁尼 / 艾德·哈里斯, 科幻 / 惊悚 / 灾难, 英国/美国/墨西哥
95,2013年,5,天注定 A Touch of Sin,2013, ,贾樟柯, , ,中国
96,2013年,6,[林肯 Lincoln](https://movie.douban.com/subject/1889242/),2012.0,7.8, 史蒂文·斯皮尔伯格, 丹尼尔·戴-刘易斯 / 莎莉·菲尔德 / 大卫·斯特雷泽恩, 剧情 / 传记 / 历史, 美国/印度
97,2013年,7,[嫉妒 La jalousie](https://movie.douban.com/subject/20468389/),2013.0,6.9, 菲利普·加瑞尔, 路易·加瑞尔 / 安娜·穆格拉利斯 / 丽贝卡·孔弗南, 剧情, 法国
98,2013年,8,[不是任何人女儿的海媛 누구의 딸도 아닌 해원](https://movie.douban.com/subject/10535447/),2013.0,7.1, 洪常秀, 李善均 / 郑恩彩 / 简·伯金, 剧情 / 爱情, 韩国
99,2013年,9,[午夜狂欢 Les rencontres d'après minuit](https://movie.douban.com/subject/24299050/),2013.0,6.7, 扬·冈扎乐兹, Kate Moran / 尼尔斯·施内德 / 尼古拉·莫里, 剧情 / 喜剧, 法国
100,2013年,10,[索尔菲雷诺之战 La Bataille de Solférino](https://movie.douban.com/subject/24525678/),2013.0,6.9, 茹斯汀·特里耶, 利蒂希亚·多施 / 樊尚·马凯涅 / 阿图·阿拉里, 剧情 / 喜剧, 法国
101,2012年,1,[神圣车行 Holy Motors](https://movie.douban.com/subject/6875451/),2012.0,8.0, 莱奥·卡拉克斯, 德尼·拉旺 / 爱迪丝·斯考博 / 凯莉·米洛, 剧情 / 奇幻, 法国/德国/比利时
102,2012年,2,[大都会 Cosmopolis](https://movie.douban.com/subject/3893814/),2012.0,5.5, 大卫·柯南伯格, 罗伯特·帕丁森 / 杰伊·巴鲁切尔 / 保罗·吉亚玛提, 剧情, 加拿大/法国/葡萄牙/意大利
103,2012年,3,[从此刻到日出 Twixt](https://movie.douban.com/subject/5343622/),2011.0,6.0, 弗朗西斯·福特·科波拉, 方·基默 / 艾丽·范宁 / 布鲁斯·邓恩, 惊悚 / 恐怖, 美国
104,2012年,4A,[地球最末日 4:44 Last Day on Earth](https://movie.douban.com/subject/5323980/),2011.0,5.5, 阿贝尔·费拉拉, 威廉·达福 / 娜塔莎·雷昂 / Paul Hipp, 剧情 / 科幻 / 奇幻, 美国
105,2012年,4B,[在异国 다른나라에서](https://movie.douban.com/subject/6717601/),2012.0,6.9, 洪常秀, 伊莎贝尔·于佩尔 / 刘俊相 / 郑有美, 剧情 / 爱情, 韩国
106,2012年,4C,[存身 Take Shelter](https://movie.douban.com/subject/5150245/),2011.0,7.0, 杰夫·尼克尔斯, 迈克尔·珊农 / 杰西卡·查斯坦 / 谢伊·惠格姆, 剧情 / 悬疑 / 惊悚, 美国
107,2012年,7,[戈戈舞的故事 Go Go Tales](https://movie.douban.com/subject/2056667/),2007.0,6.6, 阿贝尔·费拉拉, 威廉·达福 / 鲍勃·霍斯金斯 / 马修·莫迪恩, 喜剧 / 剧情, 美国/意大利
108,2012年,8A,[禁忌 Tabu](https://movie.douban.com/subject/10438585/),2012.0,7.5, 米格尔·戈麦斯, Laura Soveral / Ana Moreira / Teresa Madruga, 剧情 / 爱情, 葡萄牙/德国/巴西/法国
109,2012年,8B,[浮士德 Фауст](https://movie.douban.com/subject/3731625/),2011.0,6.8, 亚历山大·索科洛夫, 斯蒂凡·温博尔 / Wolfgang Bauer / Anita Groissmayer, 剧情, 俄罗斯
110,2012年,10,[点亮灯光 Keep the Lights On](https://movie.douban.com/subject/6896277/),2012.0,6.9, 艾拉·萨克斯, 托尔·林德哈特 / 扎克瑞·布斯 / Marilyn Neimark, 剧情 / 爱情 / 同性, 美国
111,2011年,1,[教皇诞生 Habemus Papam](https://movie.douban.com/subject/3804683/),2011.0,7.6, 南尼·莫莱蒂, 南尼·莫莱蒂 / 米歇尔·皮科利 / 玛格丽塔·布伊, 剧情, 意大利/法国
112,2011年,2A,[安吉里卡奇遇 O Estranho Caso de Angélica](https://movie.douban.com/subject/3287715/),2010.0,7.5, 曼努埃尔·德·奥利维拉, 皮拉尔·洛佩斯·德·阿亚拉 / 里诺尔·森微娜 / Isabel Ruth, 剧情, 葡萄牙/西班牙/法国/巴西
113,2011年,2B,[生命之树 The Tree of Life](https://movie.douban.com/subject/2336735/),2011.0,7.1, 泰伦斯·马力克, 布拉德·皮特 / 西恩·潘 / 杰西卡·查斯坦, 剧情 / 奇幻 / 家庭, 美国
114,2011年,4A,[撒旦之外 Hors Satan](https://movie.douban.com/subject/5151093/),2011.0,7.2, 布鲁诺·杜蒙, 奥罗拉·布鲁坦 / David Dewaele / Alexandra Lematre, 剧情, 法国
115,2011年,4B,[必要的杀戮 Essential Killing](https://movie.douban.com/subject/4304356/),2010.0,6.6, 杰兹·斯科利莫夫斯基, 文森特·加洛 / 艾玛纽尔·塞尼耶 / Zach Cohen, 动作 / 战争 / 惊悚, 波兰/挪威/爱尔兰/匈牙利/英国
116,2011年,6A,[忧郁症 Melancholia](https://movie.douban.com/subject/4086853/),2011.0,7.1, 拉斯·冯·提尔, 克斯汀·邓斯特 / 夏洛特·甘斯布 / 基弗·萨瑟兰, 剧情 / 科幻 / 惊悚, 丹麦/瑞典/法国/德国
117,2011年,6B,[炎炎夏日 Un Été Brûlant](https://movie.douban.com/subject/5372989/),2011.0,6.2, 菲利普·加瑞尔, 路易·加瑞尔 / 莫妮卡·贝鲁奇 / Jérôme Robart, 剧情 / 爱情, 法国/意大利/瑞士
118,2011年,8A,[超级八 Super 8](https://movie.douban.com/subject/5503303/),2011.0,6.5, J·J·艾布拉姆斯, 乔尔·考特尼 / 杰西卡·塔克 / 乔尔·麦金农·米勒, 科幻 / 悬疑 / 惊悚 / 儿童, 美国
119,2011年,8B,妓院里的回忆 L'apollonide (Souvenirs de la maison close),2011, ,贝特朗·波尼洛, , ,法国
120,2011年,8C,[米克的近路 Meek's Cutoff](https://movie.douban.com/subject/4067195/),2010.0,7.2, 凯莉·莱卡特, 米歇尔·威廉姆斯 / 保罗·达诺 / 布鲁斯·格林伍德, 西部, 美国
121,2010年,1,[能召回前世的布米叔叔 ลุงบุญมีระลึกชาติ](https://movie.douban.com/subject/4280102/),2010.0,7.4, 阿彼察邦·韦拉斯哈古, 萨那帕卡·塞塞玛 / 金吉拉·潘帕斯 / 萨卡达·卡温巴迪, 剧情 / 奇幻, 泰国/英国/法国/德国/西班牙/荷兰
122,2010年,2,[坏中尉 The Bad Lieutenant: Port of Call - New Orleans](https://movie.douban.com/subject/3073648/),2009.0,7.0, 沃纳·赫尔佐格, 尼古拉斯·凯奇 / 伊娃·门德斯 / 方·基默, 犯罪 / 惊悚, 美国
123,2010年,3,[电影社会主义 Film Socialisme](https://movie.douban.com/subject/3743039/),2010.0,7.1, 让-吕克·戈达尔, Catherine Tanvier / Christian Sinniger / 帕蒂·史密斯, 剧情, 瑞士/法国
124,2010年,4,[玩具总动员3 Toy Story 3](https://movie.douban.com/subject/1858711/),2010.0,8.9, 李·昂克里奇, 汤姆·汉克斯 / 蒂姆·艾伦 / 琼·库萨克, 喜剧 / 动画 / 奇幻 / 冒险, 美国
125,2010年,5,[了不起的狐狸爸爸 Fantastic Mr. Fox](https://movie.douban.com/subject/1759386/),2009.0,8.6, 韦斯·安德森, 乔治·克鲁尼 / 梅丽尔·斯特里普 / 詹森·舒瓦兹曼, 喜剧 / 动画 / 冒险, 美国
126,2010年,6,[严肃的男人 A Serious Man](https://movie.douban.com/subject/3135483/),2009.0,7.4, 伊桑·科恩 / 乔尔·科恩, 迈克尔·斯图巴 / 理查德·坎德 / 弗雷德·迈拉麦德, 剧情 / 喜剧, 英国/法国/美国
127,2010年,7,[像男人一样死去 Morrer como um Homem](https://movie.douban.com/subject/3706858/),2009.0,6.9, 若昂·佩德罗·罗德里格斯, Fernando Gomes / Jenni La Rue / Miguel Loureiro, 传记, 法国/葡萄牙
128,2010年,8,[社交网络 The Social Network](https://movie.douban.com/subject/3205624/),2010.0,8.2, 大卫·芬奇, 杰西·艾森伯格 / 安德鲁·加菲尔德 / 贾斯汀·汀布莱克, 剧情 / 传记, 美国
129,2010年,9,[舒迦 Shuga](https://movie.douban.com/subject/4126602/),2007.0,6.6, 达赫让·奥米尔巴耶夫, Aidos Sagatov / Alnur Turgambayeva, 剧情, 法国/哈萨克斯坦
130,2010年,10,[母亲 마더](https://movie.douban.com/subject/3036460/),2009.0,8.3, 奉俊昊, 金惠子 / 元斌 / 晋久, 剧情 / 犯罪 / 悬疑 / 惊悚, 韩国
131,2009年,1,[疯草 Les Herbes folles](https://movie.douban.com/subject/2568211/),2009.0,7.2, 阿伦·雷乃, 安德烈·杜索里埃 / 萨宾·阿泽玛 / 艾曼纽·德芙, 剧情 / 爱情, 法国/意大利
132,2009年,2,[征服 Vincere](https://movie.douban.com/subject/3190766/),2009.0,7.4, 马可·贝洛基奥, 焦万娜·梅佐焦尔诺 / 菲利波·蒂米 / 福斯托·鲁索·阿莱西, 剧情 / 历史, 意大利/法国
133,2009年,3,[无耻混蛋 Inglourious Basterds](https://movie.douban.com/subject/1438652/),2009.0,8.7, 昆汀·塔伦蒂诺, 布拉德·皮特 / 梅拉尼·罗兰 / 克里斯托弗·瓦尔兹, 剧情 / 犯罪, 德国/美国
134,2009年,4,[老爷车 Gran Torino](https://movie.douban.com/subject/3026357/),2008.0,8.6, 克林特·伊斯特伍德, 克林特·伊斯特伍德 / 克里斯托弗·卡利 / 比·王, 剧情, 美国/德国
135,2009年,5,[金发奇女 Singularidades de uma Rapariga Loura](https://movie.douban.com/subject/2075412/),2009.0,7.2, 曼努埃尔·德·奥利维拉, 里卡多·特雷普卡 / 卡塔丽娜·瓦朗丝坦 / Diogo Dória, 剧情 / 爱情, 葡萄牙/西班牙/法国
136,2009年,6,[泰特罗 Tetro](https://movie.douban.com/subject/2131650/),2009.0,7.6, 弗朗西斯·福特·科波拉, 文森特·加洛 / 阿尔登·埃伦瑞奇 / 玛丽维尔·贝尔杜, 剧情 / 悬疑, 美国/意大利/西班牙/阿根廷
137,2009年,7,[拆弹部队 The Hurt Locker](https://movie.douban.com/subject/2028645/),2008.0,7.8, 凯瑟琳·毕格罗, 杰瑞米·雷纳 / 安东尼·麦凯 / 布莱恩·格拉格提, 剧情 / 惊悚 / 战争, 美国
138,2009年,8,[逃亡大王 Le Roi de l'évasion](https://movie.douban.com/subject/3444372/),2009.0,6.7, 阿兰·吉罗迪, Hafsia Herzi / Ludovic Berthillot / Luc Palun, 冒险 / 喜剧, 法国
139,2009年,9,[东京奏鸣曲 トウキョウソナタ](https://movie.douban.com/subject/2032143/),2008.0,8.1, 黑泽清, 香川照之 / 小泉今日子 / 井之胁海, 剧情, 日本/荷兰/中国香港
140,2009年,10,[哈德维希 Hadewijch](https://movie.douban.com/subject/3148716/),2009.0,6.8, 布鲁诺·杜蒙, Yassine Salihine / Julie Sokolowski / 大卫德瓦厄, 剧情, 法国
141,2008年,1,[节选修订 Redacted](https://movie.douban.com/subject/2155142/),2007.0,7.4, 布莱恩·德·帕尔玛, Kel O'Neill / Ty Jones / Izzy Diaz, 犯罪 / 剧情 / 战争, 美国/加拿大
142,2008年,2,[前进青春 Juventude em Marcha](https://movie.douban.com/subject/1937459/),2006.0,7.4, 佩德罗·科斯塔, Ventura / Vanda Duarte / Beatriz Duarte, 剧情, 葡萄牙/法国/瑞士
143,2008年,3,[科洛弗档案 Cloverfield](https://movie.douban.com/subject/2144242/),2008.0,7.3, 马特·里夫斯, 丽兹·卡潘 / 杰西卡·卢卡斯 / T·J·米勒, 科幻 / 惊悚 / 灾难, 美国
144,2008年,4,[老无所依 No Country for Old Men](https://movie.douban.com/subject/1857099/),2007.0,8.3, 伊桑·科恩 / 乔尔·科恩, 汤米·李·琼斯 / 哈维尔·巴登 / 乔什·布洛林, 犯罪 / 剧情 / 惊悚, 美国
145,2008年,5,[两个情人 Two Lovers](https://movie.douban.com/subject/2255476/),2008.0,7.0, 詹姆斯·格雷, 华金·菲尼克斯 / 格温妮斯·帕特洛 / 凡妮莎·肖, 剧情 / 爱情, 美国/法国
146,2008年,6,[和巴什尔跳华尔兹 ואלס עם באשיר](https://movie.douban.com/subject/3047617/),2008.0,8.7, 阿里·福尔曼, Ron Ben-Yishai / Ronny Dayag / Ari Folman, 动画 / 纪录片 / 传记, 以色列/德国/法国/美国/芬兰/瑞士/比利时/澳大利亚
147,2008年,7,[最后的抵抗分子 Dernier maquis](https://movie.douban.com/subject/3060592/),2008.0, , 拉巴赫·阿莫尔-兹梅什, SalimAmeur-Zaïmeche / Abel Jafri / Sylvain Roume, 剧情, 法国/阿尔及利亚
148,2008年,8,[饥饿 Hunger](https://movie.douban.com/subject/3070921/),2008.0,8.0, 史蒂夫·麦奎因, 迈克尔·法斯宾德 / 斯图尔特·格雷厄姆 / 莱恩·梅加, 剧情 / 传记, 爱尔兰/英国
149,2008年,9,[国民的诞生 Maicling pelicula nañg ysañg Indio Nacional](https://movie.douban.com/subject/1885141/),2006.0,6.3, 拉亚·马丁, , 剧情 / 历史, 菲律宾
150,2008年,10,[情迷恋战 De la guerre](https://movie.douban.com/subject/2170498/),2008.0, , 贝特朗·波尼洛, 马修·阿马立克 / 艾莎·阿基多 / 吉约姆·德帕迪约, 喜剧 / 剧情 / 战争, 法国
151,2007年,1,[迷幻公园 Paranoid Park](https://movie.douban.com/subject/2002683/),2007.0,7.3, 格斯·范·桑特, 盖博·纳文斯 / 劳伦·麦克金妮 / 泰勒·摩森, 犯罪 / 剧情 / 悬疑, 法国/美国
152,2007年,2A,[金刚不坏 Death Proof](https://movie.douban.com/subject/2080007/),2007.0,7.6, 昆汀·塔伦蒂诺, 库尔特·拉塞尔 / 佐伊·贝尔 / 罗莎里奥·道森, 动作 / 犯罪 / 惊悚, 美国
153,2007年,2B,[内陆帝国 Inland Empire](https://movie.douban.com/subject/1438734/),2006.0,7.7, 大卫·林奇, 劳拉·邓恩 / 杰瑞米·艾恩斯 / 贾斯汀·塞洛克斯, 剧情 / 悬疑 / 惊悚, 法国/波兰/美国
154,2007年,2C,[三峡好人](https://movie.douban.com/subject/1872133/),2006.0,8.4, 贾樟柯, 赵涛 / 韩三明 / 王宏伟, 剧情 / 爱情, 中国大陆
155,2007年,5A,[法兰西 La France](https://movie.douban.com/subject/2143924/),2007.0,7.9, 赛尔日·波宗, 西尔维·泰斯蒂 / 帕斯卡尔·格雷戈里 / 吉约姆·德帕迪约, 剧情 / 歌舞 / 爱情 / 战争, 法国
156,2007年,5B,[十二宫 Zodiac](https://movie.douban.com/subject/1781126/),2007.0,7.5, 大卫·芬奇, 杰克·吉伦哈尔 / 马克·鲁弗洛 / 安东尼·爱德华兹, 剧情 / 传记 / 犯罪 / 悬疑 / 惊悚, 美国
157,2007年,7A,[男神与女神的罗曼史 Les amours d'Astrée et de Céladon](https://movie.douban.com/subject/2005841/),2007.0,7.1, 埃里克·侯麦, 安迪·吉雷 / 斯蒂芬妮·克雷恩考尔 / 塞西尔·卡塞尔, 剧情 / 爱情, 法国/意大利/西班牙
158,2007年,7B,[唐吉诃德 Honor de cavalleria](https://movie.douban.com/subject/2028001/),2006.0,8.0, 阿尔伯特·塞拉, Lluís Carbó / Lluís Serrat, 剧情, 西班牙
159,2007年,7C,[在我遗忘之前 Avant que j'oublie](https://movie.douban.com/subject/2264132/),2007.0,6.8, 雅各·诺勒, 雅各·诺勒 / Jean-Paul Dubois / Marc Rioufol, 剧情 / 爱情 / 同性, 法国
160,2007年,10A,[黑眼圈](https://movie.douban.com/subject/1871738/),2006.0,7.4, 蔡明亮, 李康生 / 陈湘琪 / 诺曼·阿顿, 喜剧 / 剧情, 中国台湾/法国/奥地利/马来西亚
161,2007年,10B,[别碰斧子 Ne touchez pas la hache](https://movie.douban.com/subject/1962974/),2007.0,7.2, 雅克·里维特, 让娜·巴利巴尔 / 吉约姆·德帕迪约 / 布鲁·欧吉尔, 剧情 / 音乐 / 爱情, 法国/意大利
162,2007年,10C,[恋爱症候群 แสงศตวรรษ](https://movie.douban.com/subject/1857095/),2006.0,7.9, 阿彼察邦·韦拉斯哈古, Nantarat Sawaddikul / Jaruchai Iamaram / Sophon Pukanok, 剧情, 泰国/法国/奥地利
163,2006年,1,[心之归属 Cœurs](https://movie.douban.com/subject/1842721/),2006.0,7.5, 阿伦·雷乃, 萨宾·阿泽玛 / 伊莎贝尔·卡雷 / 劳拉·莫兰特, 剧情 / 爱情, 法国/意大利
164,2006年,2,[太阳 Солнце](https://movie.douban.com/subject/1440379/),2005.0,7.8, 亚历山大·索科洛夫, 尾形一成 / Robert Dawson / 桃井薰, 剧情 / 历史, 俄罗斯/意大利/瑞士/法国
165,2006年,3,[汉江怪物 괴물](https://movie.douban.com/subject/1763134/),2006.0,7.6, 奉俊昊, 宋康昊 / 边希峰 / 朴海日, 剧情 / 动作 / 科幻 / 恐怖, 韩国
166,2006年,4,[查泰莱夫人的情人 Lady Chatterley](https://movie.douban.com/subject/1917080/),2006.0,6.5, 帕斯卡尔·费兰, Marina Hands / Jean-Louis Coullo'ch / 埃莱娜·菲利埃, 剧情 / 爱情, 比利时/法国/英国
167,2006年,5,[现代离婚故事 Un couple parfait](https://movie.douban.com/subject/1951148/),2005.0,7.8, 诹访敦彦, 瓦莱丽亚·布鲁尼·泰德斯基 / 布鲁诺·托德契尼 / 娜塔莉·布伏, 剧情, 日本/法国
168,2006年,6,[他们的约会 Quei loro incontri](https://movie.douban.com/subject/1868870/),2006.0,7.3, 达尼埃尔·于伊耶 / 让-马里·斯特劳布, Angela Nugara / Vittorio Vigneri / Grazia Orsi, 剧情, 意大利/法国
169,2006年,7,[水中女妖 Lady in the Water](https://movie.douban.com/subject/1441473/),2006.0,5.7, M·奈特·沙马兰, 保罗·吉亚玛提 / 布莱丝·达拉斯·霍华德 / 杰弗里·怀特, 悬疑 / 奇幻 / 惊悚, 美国
170,2006年,8,[卡波特 Capote](https://movie.douban.com/subject/1422957/),2005.0,7.9, 贝尼特·米勒, 菲利普·塞默·霍夫曼 / 凯瑟琳·基纳 / 小克利夫顿·克林斯, 剧情 / 传记 / 犯罪 / 同性, 加拿大/美国
171,2006年,9,[无间道风云 The Departed](https://movie.douban.com/subject/1315316/),2006.0,7.3, 马丁·斯科塞斯, 莱昂纳多·迪卡普里奥 / 马特·达蒙 / 杰克·尼科尔森, 剧情 / 犯罪 / 惊悚, 美国/中国香港
172,2006年,10A,[父辈的旗帜 Flags of Our Fathers](https://movie.douban.com/subject/1478066/),2006.0,7.8, 克林特·伊斯特伍德, 瑞恩·菲利普 / 杰西·布拉德福特 / 亚当·比奇, 剧情 / 历史 / 战争, 美国
173,2006年,10B,[新世界 The New World](https://movie.douban.com/subject/1419942/),2005.0,7.1, 泰伦斯·马力克, 科林·法瑞尔 / 考莉安卡·基尔彻 / 克里斯蒂安·贝尔, 剧情 / 爱情 / 传记 / 历史, 美国/英国
174,2005年,1,[最后的日子 Last Days](https://movie.douban.com/subject/1309218/),2005.0,7.0, 格斯·范·桑特, 迈克尔·皮特 / 卢卡斯·哈斯 / 艾莎·阿基多, 传记 / 剧情 / 音乐, 美国
175,2005年,2,[暴力史 A History of Violence](https://movie.douban.com/subject/1422917/),2005.0,7.5, 大卫·柯南伯格, 维果·莫腾森 / 玛丽亚·贝罗 / 艾德·哈里斯, 动作 / 犯罪 / 剧情 / 惊悚, 加拿大/美国
176,2005年,3,[平凡情人 Les amants réguliers](https://movie.douban.com/subject/1423038/),2005.0,7.6, 菲利普·加瑞尔, 路易·加瑞尔 / 克洛蒂尔德·埃斯姆 / 朱利安·卢卡, 剧情, 法国
177,2005年,4,[世界](https://movie.douban.com/subject/1309087/),2004.0,7.5, 贾樟柯, 赵涛 / 成泰燊 / 黄依群, 剧情, 中国大陆/日本/法国
178,2005年,5,[小上尉 Le Petit Lieutenant](https://movie.douban.com/subject/1806348/),2005.0,7.2, 泽维尔·布瓦, 纳塔莉·贝伊 / 加里·勒斯培 / 罗什迪·泽姆, 犯罪 / 剧情, 法国
179,2005年,6,[最好的时光 最好的時光](https://movie.douban.com/subject/1421809/),2005.0,7.6, 侯孝贤, 舒淇 / 张震 / 梅芳, 剧情 / 爱情, 中国台湾
180,2005年,7,[三分之一的眼睛 1/3 des yeux](https://movie.douban.com/subject/1958656/),2005.0, , Olivier Zabat, , 纪录片, 法国
181,2005年,8,[和我在一起 Be with Me](https://movie.douban.com/subject/1757375/),2005.0,7.9, 邱金海, Theresa Poh Lin Chan / Seet Keng Yew / Ezann Lee, 剧情 / 爱情, 新加坡
182,2005年,9,[剧场前 극장전](https://movie.douban.com/subject/1417309/),2005.0,7.4, 洪常秀, 李己雨 / 金相庆 / 严志媛, 剧情 / 爱情, 韩国
183,2005年,10A,[灰熊人 Grizzly Man](https://movie.douban.com/subject/1422951/),2005.0,8.4, 沃纳·赫尔佐格, Timothy Treadwell / Amie Huguenard / Werner Herzog, 纪录片 / 传记, 美国
184,2005年,10B,[罪恶之城 Sin City](https://movie.douban.com/subject/1309027/),2005.0,8.4, 弗兰克·米勒 / 罗伯特·罗德里格兹 / 昆汀·塔伦蒂诺, 杰西卡·阿尔芭 / 布鲁斯·威利斯 / 克里夫·欧文, 动作 / 犯罪 / 惊悚, 美国
185,2004年,1,[热带疾病 สัตว์ประหลาด](https://movie.douban.com/subject/1414808/),2004.0,8.0, 阿彼察邦·韦拉斯哈古, 班罗普·洛罗伊 / 萨卡达·卡温巴迪 / Huai Dessom, 剧情 / 爱情 / 奇幻, 泰国/法国/德国/意大利
186,2004年,2,[铁西区第一部分：工厂](https://movie.douban.com/subject/1309215/),2003.0,8.6, 王兵, , 纪录片, 中国大陆
187,2004年,2,[铁西区第二部分：艳粉街](https://movie.douban.com/subject/1309221/),2003.0,8.8,王兵, ,纪录片,中国大陆
188,2004年,2,[铁西区第三部分：铁路](https://movie.douban.com/subject/1309219/),2003.0,8.8,王兵, ,纪录片,中国大陆
189,2004年,3,[神秘村 The Village](https://movie.douban.com/subject/1309153/),2004.0,7.0, M·奈特·沙马兰, 布莱丝·达拉斯·霍华德 / 华金·菲尼克斯 / 阿德里安·布罗迪, 悬疑 / 惊悚, 美国
190,2004年,4,[沙罗双树 沙羅双樹](https://movie.douban.com/subject/1302015/),2003.0,7.7, 河濑直美, 福永幸平 / 兵头佑香 / 河濑直美, 剧情, 日本
191,2004年,5,[国王与王后 Rois et Reine](https://movie.douban.com/subject/1437165/),2004.0,8.0, 阿诺·戴普勒尚, 艾曼纽·德芙 / 杰弗里·凯里 / 奥利维尔·雷堡汀, 剧情 / 喜剧 / 爱情, 法国
192,2004年,6,[棕兔 The Brown Bunny](https://movie.douban.com/subject/1302091/),2003.0,6.5, 文森特·加洛, 文森特·加洛 / 科洛·塞维尼 / 谢丽尔·提格丝, 剧情, 美国/日本
193,2004年,7,"S21红色高棉杀人机器 S-21, la machine de mort Khmère rouge",2004, ,潘礼德, , ,柬埔寨
194,2004年,8,[咖啡时光 珈琲時光](https://movie.douban.com/subject/1310166/),2003.0,7.4, 侯孝贤, 一青窈 / 浅野忠信 / 萩原圣人, 剧情, 日本/中国台湾
195,2004年,9,[杀死比尔2 Kill Bill: Vol. 2](https://movie.douban.com/subject/1291584/),2004.0,8.1, 昆汀·塔伦蒂诺, 乌玛·瑟曼 / 大卫·卡拉丁 / 刘家辉, 动作 / 犯罪 / 惊悚, 美国
196,2004年,10,[萨拉邦德 Saraband](https://movie.douban.com/subject/1353734/),2003.0,8.2, 英格玛·伯格曼, 丽芙·乌曼 / 厄兰·约瑟夫森 / 伯杰·阿斯特, 剧情, 瑞典/丹麦/挪威/意大利/芬兰/德国/奥地利
197,2002年,1A,[都会性男女 Choses secrètes](https://movie.douban.com/subject/1307246/),2002.0,6.9, 让-克洛德·布里索, 布朗迪娜·比里 / Fabrice Deville / Sabrina Seyvecou, 喜剧 / 剧情 / 奇幻 / 爱情, 法国
198,2002年,1B,[十段生命的律动 ده](https://movie.douban.com/subject/1300911/),2002.0,7.6, 阿巴斯·基亚罗斯塔米, 玛尼亚·艾巴利 / Amin Maher / Kamran Adl, 剧情, 伊朗/法国
199,2002年,3,[祝福 สุดเสน่หา](https://movie.douban.com/subject/1307997/),2002.0,7.8, 阿彼察邦·韦拉斯哈古, Kanokporn Tongaram / Min Oo / 金吉拉·潘帕斯, 剧情 / 爱情, 泰国/法国
200,2002年,4,[另一边 De l'autre côté](https://movie.douban.com/subject/1307538/),2002.0,7.1, 香特尔·阿克曼, , 纪录片, 澳大利亚/比利时/芬兰/法国
201,2002年,5,[测不准原理 O Princípio da Incerteza](https://movie.douban.com/subject/1302855/),2002.0,7.5, 曼努埃尔·德·奥利维拉, Leonor Baldaque / Leonor Silveira / Isabel Ruth, 剧情, 法国/葡萄牙
202,2002年,6,[信仰时分 L'ora di religione (Il sorriso di mia madre)](https://movie.douban.com/subject/1300597/),2002.0,7.1, 马可·贝洛基奥, 赛尔乔·卡斯特利托 / Jacqueline Lustig / 琪娅拉·康蒂, 剧情, 意大利
203,2002年,7,[对她说 Hable con ella](https://movie.douban.com/subject/1292211/),2002.0,8.5, 佩德罗·阿莫多瓦, 哈维尔·卡马拉 / 达里奥·格兰迪内蒂 / 蕾欧诺·瓦特林, 剧情 / 爱情, 西班牙
204,2002年,8A,[千与千寻 千と千尋の神隠し](https://movie.douban.com/subject/1291561/),2001.0,9.4, 宫崎骏, 柊瑠美 / 入野自由 / 夏木真理, 剧情 / 动画 / 奇幻, 日本
205,2002年,8B,[蜘蛛梦魇 Spider](https://movie.douban.com/subject/1305408/),2002.0,7.2, 大卫·柯南伯格, 拉尔夫·费因斯 / 米兰达·理查森 / 加布里埃尔·伯恩, 剧情 / 悬疑, 加拿大/英国
206,2002年,10A,[盖瑞 Gerry](https://movie.douban.com/subject/1297665/),2002.0,7.3, 格斯·范·桑特, 马特·达蒙 / 卡西·阿弗莱克, 剧情 / 冒险, 美国
207,2002年,10B,[24小时  第一季 24 Season 1](https://movie.douban.com/subject/1298854/),2001.0,8.7, Jon Cassar / Brad Turner, 基弗·萨瑟兰 / 卡洛斯·博纳德 / 伊丽莎·库斯伯特, 动作 / 犯罪 / 剧情 / 悬疑 / 惊悚, 美国
208,2001年,1,[穆赫兰道 Mulholland Dr.](https://movie.douban.com/subject/1292217/),2001.0,8.4, 大卫·林奇, 娜奥米·沃茨 / 劳拉·哈灵 / 安·米勒, 剧情 / 悬疑 / 惊悚, 法国/美国
209,2001年,2,[英国贵妇与法国公爵 L'Anglaise et le duc](https://movie.douban.com/subject/1300888/),2001.0,7.5, 埃里克·侯麦, 让-克洛德·德雷菲斯 / 露西·拉塞尔 / 阿兰·利博, 剧情 / 历史 / 战争, 法国
210,2001年,3,[千禧曼波](https://movie.douban.com/subject/1873535/),2001.0,7.2, 侯孝贤, 舒淇 / 高捷 / 段钧豪, 剧情 / 爱情, 中国台湾/法国
211,2001年,4,[顺流逆流 順流逆流](https://movie.douban.com/subject/1308035/),2000.0,7.5, 徐克, 谢霆锋 / 伍佰 / 卢巧音, 动作 / 犯罪 / 剧情 / 惊悚, 中国香港/中国大陆
212,2001年,5,[我要回家 Je rentre à la maison](https://movie.douban.com/subject/1297155/),2001.0,7.0, 曼努埃尔·德·奥利维拉, 米歇尔·皮科利 / 凯瑟琳·德纳芙 / 约翰·马尔科维奇, 喜剧 / 剧情, 法国/葡萄牙
213,2001年,6A,[站台](https://movie.douban.com/subject/1291850/),2000.0,8.4, 贾樟柯, 王宏伟 / 赵涛 / 梁景东, 剧情 / 历史, 中国大陆/中国香港/日本/法国
214,2001年,6B,"[浩劫之后其二：索比堡 Sobibór, 14 octobre 1943, 16 heures](https://movie.douban.com/subject/1307515/)",2001.0,7.3, 克洛德·朗兹曼, Yehuda Lerner, 纪录片 / 历史, 法国
215,2001年,8,[狂野天真 Sauvage innocence](https://movie.douban.com/subject/1304340/),2001.0,7.4, 菲利普·加瑞尔, Mehdi Belhaj Kacem / Julia Faure / 米歇尔·索博, 剧情, 法国/荷兰
216,2001年,9,[儿子的房间 La stanza del figlio](https://movie.douban.com/subject/1306524/),2001.0,7.9, 南尼·莫莱蒂, 南尼·莫莱蒂 / 劳拉·莫兰特 / 杰丝敏·特丽卡, 剧情 / 悬疑 / 家庭, 法国/意大利
217,2001年,10,[惊惧圣诞 'R Xmas](https://movie.douban.com/subject/1297215/),2001.0,6.8, 阿贝尔·费拉拉, 德瑞·德·玛泰 / 李洛·布兰卡托 / Lisa Valens, 犯罪 / 剧情, 美国/法国
218,2000年,1,[伊斯特·康 Esther Kahn](https://movie.douban.com/subject/1303448/),2000.0,7.9, 阿诺·戴普勒尚, 莎莫·菲尼克斯 / 伊安·霍姆 / 法布里斯·德斯普里钦, 剧情 / 爱情, 法国/英国
219,2000年,2,[迷惑 La Captive](https://movie.douban.com/subject/1303443/),2000.0,7.3, 香特尔·阿克曼, 斯坦尼斯拉斯·莫哈 / 西尔维·泰斯蒂 / 奥利维亚·波纳梅, 剧情 / 爱情 / 音乐, 法国/比利时
220,2000年,3,[月亮上的男人 Man on the Moon](https://movie.douban.com/subject/1300185/),1999.0,7.8, 米洛斯·福尔曼, 金·凯瑞 / 格里·贝克尔 / 格雷森·埃里克·彭德拉, 传记 / 喜剧 / 剧情, 英国/德国/日本/美国
221,2000年,4,[火星任务 Mission to Mars](https://movie.douban.com/subject/1303447/),2000.0,7.6, 布莱恩·德·帕尔玛, 加里·西尼斯 / 蒂姆·罗宾斯 / 唐·钱德尔, 冒险 / 剧情 / 科幻 / 惊悚, 美国
222,2000年,5,[花样年华 花樣年華](https://movie.douban.com/subject/1291557/),2000.0,8.7, 王家卫, 梁朝伟 / 张曼玉 / 潘迪华, 剧情 / 爱情, 中国香港
223,2000年,6,[家庭私小说 M/OTHER](https://movie.douban.com/subject/1303445/),1999.0,7.8, 诹访敦彦, 渡边真起子 / 三浦友和 / 高橋隆大, 剧情, 日本
224,2000年,7A,[处女之死 The Virgin Suicides](https://movie.douban.com/subject/1297894/),1999.0,7.5, 索菲亚·科波拉, 克斯汀·邓斯特 / 凯瑟琳·特纳 / 乔什·哈奈特, 剧情 / 爱情 / 悬疑, 美国
225,2000年,7B,[一一](https://movie.douban.com/subject/1292434/),2000.0,9.1, 杨德昌, 吴念真 / 李凯莉 / 金燕玲, 剧情 / 爱情 / 家庭, 中国台湾/日本
226,2000年,9,[太空牛仔 Space Cowboys](https://movie.douban.com/subject/1301444/),2000.0,7.5, 克林特·伊斯特伍德, 克林特·伊斯特伍德 / 汤米·李·琼斯 / 唐纳德·萨瑟兰, 冒险 / 惊悚, 美国/澳大利亚
227,2000年,10,[上帝啊，真笨！ Les savates du bon Dieu](https://movie.douban.com/subject/1958642/),2000.0,7.6, 让-克洛德·布里索, Coralie Revel / Michèle Ernou / Emile Abossolo M'bo, 喜剧 / 剧情 / 爱情, 法国
228,1999年,1,[大开眼戒 Eyes Wide Shut](https://movie.douban.com/subject/1300275/),1999.0,8.1, 斯坦利·库布里克, 汤姆·克鲁斯 / 妮可·基德曼 / 麦迪逊·埃金顿, 剧情 / 悬疑 / 惊悚 / 情色, 英国/美国
229,1999年,2,[随风而逝 باد ما را خواهد برد](https://movie.douban.com/subject/1303444/),1999.0,8.1, 阿巴斯·基亚罗斯塔米, 纳格·阿萨迪 / 贝赫扎德·杜兰 / 罗沙·卡拉姆埃尔米, 剧情, 伊朗/法国
230,1999年,3,[西西里岛 Sicilia!](https://movie.douban.com/subject/1303446/),1999.0,7.8, 达尼埃尔·于伊耶 / 让-马里·斯特劳布, Gianni Buscarino / Angela Nugara / Vittorio Vigneri, 剧情, 意大利/法国/德国
231,1999年,4,[感官游戏 eXistenZ](https://movie.douban.com/subject/1299213/),1999.0,7.2, 大卫·柯南伯格, 詹妮弗·杰森·李 / 裘德·洛 / 伊安·霍姆, 冒险 / 科幻 / 惊悚, 英国/法国/加拿大
232,1999年,5,[夜风 Le vent de la nuit](https://movie.douban.com/subject/1447035/),1999.0,7.4, 菲利普·加瑞尔, 凯瑟琳·德纳芙 / 丹尼尔·杜瓦尔 / 泽维尔·布瓦, 剧情, 法国/意大利/瑞士
233,1999年,6,[迫切的任务 True Crime](https://movie.douban.com/subject/1296415/),1999.0,7.2, 克林特·伊斯特伍德, 克林特·伊斯特伍德 / 艾赛亚·华盛顿 / 丽莎盖伊·汉密尔顿, 犯罪 / 剧情 / 悬疑 / 惊悚, 美国
234,1999年,7,[情归何处 La Lettre](https://movie.douban.com/subject/1303450/),1999.0,7.1, 曼努埃尔·德·奥利维拉, 齐雅拉·马斯楚安尼 / 佩德罗·安布郎霍萨 / Antoine Chappey, 剧情, 法国/葡萄牙/西班牙
235,1999年,8,[史崔特先生的故事 The Straight Story](https://movie.douban.com/subject/1298506/),1999.0,8.6, 大卫·林奇, 茜茜·斯派塞克 / Jane Galloway Heitz / Joseph A. Carpenter, 剧情 / 传记, 法国/英国/美国
236,1999年,9,[鬼狗杀手 Ghost Dog: The Way of the Samurai](https://movie.douban.com/subject/1303449/),1999.0,7.7, 吉姆·贾木许, 福里斯特·惠特克 / 约翰·托尔梅 / 克里夫·戈曼, 犯罪 / 剧情 / 惊悚, 法国/德国/美国/日本
237,1999年,10,[上帝的婚礼 As Bodas de Deus](https://movie.douban.com/subject/1303455/),1999.0,7.7, 约阿·凯撒·蒙泰罗, 约阿·凯撒·蒙泰罗 / Rita Durão / Joana Azevedo, 喜剧, 法国/葡萄牙
238,1998年,1,[海上花](https://movie.douban.com/subject/1303451/),1998.0,8.2, 侯孝贤, 梁朝伟 / 羽田美智子 / 刘嘉玲, 剧情, 中国台湾/日本
239,1998年,2,[肝脏大夫 カンゾー先生](https://movie.douban.com/subject/1303452/),1998.0,8.0, 今村昌平, 柄本明 / 麻生久美子 / 雅克·冈布兰, 喜剧 / 剧情 / 历史 / 战争, 日本/法国
240,1998年,3A,[午夜善恶花园 Midnight in the Garden of Good and Evil](https://movie.douban.com/subject/1297513/),1997.0,7.0, 克林特·伊斯特伍德, 约翰·库萨克 / 凯文·史派西 / 杰克·汤普森, 剧情 / 犯罪 / 悬疑 / 惊悚 / 同性, 美国
241,1998年,3B,[秋天的故事 Conte d'automne](https://movie.douban.com/subject/1294140/),1998.0,8.5, 埃里克·侯麦, 玛丽·里维埃 / 碧翠丝·罗曼德 / 艾莉西亚·波特尔, 剧情 / 爱情, 法国
242,1998年,5A,[不安 Inquietude](https://movie.douban.com/subject/1780558/),1998.0,7.0, 曼努埃尔·德·奥利维拉, Afonso Araújo / Leonor Araújo / Leonor Baldaque, 剧情, 葡萄牙/法国/西班牙/瑞士
243,1998年,5B,[苏 Sue](https://movie.douban.com/subject/1437755/),1997.0,8.0, 阿莫斯·科莱克, 安娜·莱文 / Matthew Powers / 塔妮·韦尔奇, 剧情, 美国
244,1998年,7A,《马丁的恋情》L' Ennui,1998, ,塞德瑞克·卡恩, , ,法国
245,1998年,7B,[天鹅绒金矿 Velvet Goldmine](https://movie.douban.com/subject/1294136/),1998.0,8.4, 托德·海因斯, 伊万·麦克格雷格 / 乔纳森·莱斯·梅耶斯 / 克里斯蒂安·贝尔, 剧情 / 同性 / 音乐, 英国/美国
246,1998年,9,[蛇眼 Snake Eyes](https://movie.douban.com/subject/1298354/),1998.0,6.9, 布莱恩·德·帕尔玛, 尼古拉斯·凯奇 / 加里·西尼斯 / 约翰·赫德, 犯罪 / 悬疑 / 惊悚, 美国
247,1998年,10A,[骨未成灰 Ossos](https://movie.douban.com/subject/1768144/),1997.0,7.2, 佩德罗·科斯塔, Vanda Duarte / Nuno Vaz / Mariya Lipkina, 剧情, 葡萄牙/法国/丹麦
248,1998年,10B,[泰坦尼克号 Titanic](https://movie.douban.com/subject/1292722/),1997.0,9.5, 詹姆斯·卡梅隆, 莱昂纳多·迪卡普里奥 / 凯特·温丝莱特 / 比利·赞恩, 剧情 / 爱情 / 灾难, 美国/墨西哥
249,1998年,10C,[危险关系 Jackie Brown](https://movie.douban.com/subject/1292335/),1997.0,7.5, 昆汀·塔伦蒂诺, 帕姆·格里尔 / 塞缪尔·杰克逊 / 罗伯特·福斯特, 犯罪 / 剧情 / 惊悚, 美国
250,1997年,1,[花火 HANA-BI](https://movie.douban.com/subject/1302642/),1997.0,8.7, 北野武, 北野武 / 岸本加世子 / 大杉涟, 剧情 / 爱情 / 犯罪 / 惊悚, 日本
251,1997年,2,[南国再见，南国 南國再見，南國](https://movie.douban.com/subject/1303458/),1996.0,8.1, 侯孝贤, 高捷 / 林强 / 伊能静, 犯罪 / 剧情, 中国台湾
252,1997年,3,[妖夜慌踪 Lost Highway](https://movie.douban.com/subject/1303459/),1997.0,8.1, 大卫·林奇, 比尔·普尔曼 / 帕特丽夏·阿奎特 / 巴萨扎·盖提, 悬疑 / 惊悚, 法国/美国
253,1997年,4A,[鳗鱼 うなぎ](https://movie.douban.com/subject/1303453/),1997.0,7.9, 今村昌平, 役所广司 / 清水美沙 / 常田富士男, 剧情 / 犯罪, 日本
254,1997年,4B,[河流](https://movie.douban.com/subject/1303456/),1997.0,7.7, 蔡明亮, 李康生 / 苗天 / 陆弈静, 剧情 / 爱情 / 同性, 中国台湾
255,1997年,6A,[樱桃的滋味 طعم گیلاس](https://movie.douban.com/subject/1296177/),1997.0,8.1, 阿巴斯·基亚罗斯塔米, 赫玛永·厄沙迪 / 阿卜杜拉曼·巴赫里 / 阿夫欣·呼罗希德·巴赫蒂亚里, 剧情, 法国/伊朗
256,1997年,6B,[法国香颂 On connaît la chanson](https://movie.douban.com/subject/1303454/),1997.0,7.2, 阿伦·雷乃, 皮埃尔·阿迪提 / 萨宾·阿泽玛 / 让-皮埃尔·巴克里, 喜剧 / 剧情 / 歌舞 / 爱情, 法国/瑞士/英国
257,1997年,6C,[第七天堂 Le septième ciel](https://movie.douban.com/subject/1444591/),1997.0,6.6, 伯努瓦·雅克, 桑德琳娜·基贝兰 / 文森特·林顿 / 弗朗索瓦·贝莱昂, 剧情, 法国
258,1997年,9A,[变脸 Face/Off](https://movie.douban.com/subject/1292659/),1997.0,8.5, 吴宇森, 约翰·特拉沃尔塔 / 尼古拉斯·凯奇 / 琼·艾伦, 动作 / 科幻 / 犯罪 / 惊悚, 美国
259,1997年,9B,[惊声尖叫 Scream](https://movie.douban.com/subject/1301630/),1996.0,7.2, 韦斯·克雷文, 德鲁·巴里摩尔 / 罗格·杰克逊 / 内芙·坎贝尔, 惊悚 / 恐怖, 美国
260,1997年,9C,[春光乍泄 春光乍洩](https://movie.douban.com/subject/1292679/),1997.0,9.0, 王家卫, 张国荣 / 梁朝伟 / 张震, 剧情 / 爱情 / 同性, 中国香港/日本/韩国
261,1996年,1,[欲望号快车 Crash](https://movie.douban.com/subject/1292682/),1996.0,7.0, 大卫·柯南伯格, 詹姆斯·斯派德 / 霍利·亨特 / 伊莱亚斯·科泰斯, 剧情, 加拿大/美国/英国
262,1996年,2,[永远的莫扎特 For Ever Mozart](https://movie.douban.com/subject/1419341/),1996.0,7.6, 让-吕克·戈达尔, Madeleine Assas / Ghalia Lacroix / Bérangère Allaux, 喜剧 / 剧情 / 战争, 法国/瑞士
263,1996年,3,[赌城风云 Casino](https://movie.douban.com/subject/1299799/),1995.0,8.3, 马丁·斯科塞斯, 罗伯特·德尼罗 / 莎朗·斯通 / 乔·佩西, 传记 / 犯罪 / 剧情, 美国/法国
264,1996年,4,[我的性生活 Comment je me suis disputé... (ma vie sexuelle)](https://movie.douban.com/subject/1421891/),1996.0,7.7, 阿诺·戴普勒尚, 马修·阿马立克 / 艾曼纽·德芙 / 埃马努埃尔·萨兰热, 剧情 / 喜剧 / 爱情, 法国
265,1996年,5,[上帝的喜剧 A Comédia de Deus](https://movie.douban.com/subject/1303464/),1995.0,7.3, 约阿·凯撒·蒙泰罗, 约阿·凯撒·蒙泰罗 / Mario Barroso / Cláudia Teixeira, 喜剧 / 剧情, 丹麦/法国/意大利/葡萄牙
266,1996年,6,[离魂异客 Dead Man](https://movie.douban.com/subject/1303462/),1995.0,8.0, 吉姆·贾木许, 约翰尼·德普 / 加利·法梅尔 / 克里斯平·格洛弗, 剧情 / 西部 / 奇幻 / 冒险, 美国/德国/日本
267,1996年,7,[夜夜夜贼 Les voleurs](https://movie.douban.com/subject/1301668/),1996.0,6.9, 安德烈·泰希内, 凯瑟琳·德纳芙 / 丹尼尔·奥特伊 / 洛朗斯·科特, 犯罪 / 剧情 / 爱情, 法国
268,1996年,8,[碟中谍 Mission: Impossible](https://movie.douban.com/subject/1292484/),1996.0,8.2, 布莱恩·德·帕尔玛, 汤姆·克鲁斯 / 强·沃特 / 艾曼纽·贝阿, 动作 / 冒险 / 惊悚, 美国
269,1996年,9A,[更多 Encore](https://movie.douban.com/subject/1958514/),1996.0, , 帕斯卡尔·博尼策尔, 杰基·贝约尔 / 瓦莱丽亚·布鲁尼·泰德斯基 / 娜塔莎·雷尼埃, 喜剧 / 爱情 / 剧情, 法国
270,1996年,9B,[非对称情爱 Parfait amour!](https://movie.douban.com/subject/1303457/),1996.0,6.6, 凯瑟琳·布雷亚, 伊莎贝拉·雷纳德 / 法朗西斯·瑞纳德 /, 剧情 / 爱情 / 情色, 法国
271,1996年,10,[别忘记你将死 N'oublie pas que tu vas mourir](https://movie.douban.com/subject/1948455/),1995.0,6.8, 泽维尔·布瓦, 泽维尔·布瓦 / 齐雅拉·马斯楚安尼 / 罗什迪·泽姆, 剧情, 法国
272,1995年,1,[冷酷祭典 La cérémonie](https://movie.douban.com/subject/1303463/),1995.0,8.0, 克洛德·夏布洛尔, 伊莎贝尔·于佩尔 / 桑德里娜·博内尔 / 让-皮埃尔·卡塞尔, 犯罪 / 剧情 / 惊悚, 法国/德国
273,1995年,2,[难为了爸爸 Le garçu](https://movie.douban.com/subject/1303461/),1995.0,7.1, 莫里斯·皮亚拉, 热拉尔·德帕迪约 / 热拉尔丁娜·帕亚 / Antoine Pialat, 剧情, 法国
274,1995年,3,[时间 Waati](https://movie.douban.com/subject/1869696/),1995.0, , 苏莱曼·西塞, 苏莱曼·西塞 / Mariame Amerou Mohamed Dicko / Balla Moussa Keita, 剧情, 法国/马里/布基纳法索
275,1995年,4,[廊桥遗梦 The Bridges of Madison County](https://movie.douban.com/subject/1293929/),1995.0,8.7, 克林特·伊斯特伍德, 克林特·伊斯特伍德 / 梅丽尔·斯特里普 / 安妮·科利, 剧情 / 爱情, 美国
276,1995年,5,[请忘记我 Oublie-moi](https://movie.douban.com/subject/1958509/),1994.0, , 诺埃米·洛夫斯基, 瓦莱丽亚·布鲁尼·泰德斯基 / 艾曼纽·德芙 / 洛朗·格雷维尔, 剧情, 法国
277,1995年,6,[我的秘密之花 La flor de mi secreto](https://movie.douban.com/subject/1300954/),1995.0,7.8, 佩德罗·阿莫多瓦, 玛丽萨·帕雷德斯 / 胡安·埃查诺维 / 卡梅·埃利亚斯, 剧情, 西班牙/法国
278,1995年,7,[奏鸣曲 ソナチネ](https://movie.douban.com/subject/1298351/),1993.0,8.4, 北野武, 北野武 / 国舞亚矢 / 渡边哲, 剧情 / 犯罪, 日本
279,1995年,8,[艾德·伍德 Ed Wood](https://movie.douban.com/subject/1293683/),1994.0,8.2, 蒂姆·波顿, 约翰尼·德普 / 莎拉·杰茜卡·帕克 / 比尔·默瑞, 传记 / 喜剧 / 剧情, 美国
280,1995年,9,[橄榄树下的情人 زير درختان زيتون](https://movie.douban.com/subject/1303465/),1994.0,8.4, 阿巴斯·基亚罗斯塔米, 默罕默德·阿里·科沙瓦兹 / 法德哈·基德曼 / Zarifeh Shiva, 剧情, 伊朗/法国
281,1995年,10,[战栗黑洞 In the Mouth of Madness](https://movie.douban.com/subject/1303460/),1994.0,7.8, 约翰·卡朋特, 山姆·尼尔 / 朱莉·卡门 / 尤尔根·普洛斯诺, 悬疑 / 奇幻 / 恐怖, 美国
282,1994年,1,[亲爱的日记 Caro diario](https://movie.douban.com/subject/1303466/),1993.0,7.7, 南尼·莫莱蒂, 南尼·莫莱蒂 / 朱利叶斯·贝斯 / 卡洛·马扎库拉蒂, 传记 / 喜剧 / 剧情, 法国/意大利
283,1994年,2,[难以入眠 J'ai pas sommeil](https://movie.douban.com/subject/1429124/),1994.0,7.5, 克莱尔·德尼, 叶卡捷琳娜·戈卢别娃 / Richard Courcet / Vincent Dupont, 剧情 / 悬疑 / 惊悚, 法国/瑞士
284,1994年,3,[情枭的黎明 Carlito's Way](https://movie.douban.com/subject/1292646/),1993.0,8.7, 布莱恩·德·帕尔玛, 阿尔·帕西诺 / 西恩·潘 / 佩内洛普·安·米勒, 犯罪 / 剧情 / 惊悚, 美国
285,1994年,4,[野芦苇 Les roseaux sauvages](https://movie.douban.com/subject/1296049/),1994.0,7.8, 安德烈·泰希内, 埃洛迪·布歇 / 加埃尔·莫雷尔 / 斯特凡·里多, 剧情 / 同性, 法国
286,1994年,5,[圣诞夜惊魂 The Nightmare Before Christmas](https://movie.douban.com/subject/1297131/),1993.0,8.2, 亨利·塞利克, 丹尼·艾夫曼 / 克里斯·萨兰登 / 凯瑟琳·欧哈拉, 动画 / 奇幻 / 音乐, 美国
287,1994年,6,[特沃塔和我 Travolta et moi](https://movie.douban.com/subject/1958501/),1994.0,8.2, 帕特里西亚·玛佐, Leslie Azzoulai / Hélène Eichers / Julien Gerin, 剧情, 法国
288,1994年,7,[美丽的折磨 L'enfer](https://movie.douban.com/subject/1297011/),1994.0,6.8, 克洛德·夏布洛尔, 艾曼纽·贝阿 / 弗朗索瓦·克鲁塞 / 纳塔莉·卡多内, 犯罪 / 剧情, 法国
289,1994年,8,[圣女贞德：监狱篇 Jeanne la Pucelle II - Les prisons](https://movie.douban.com/subject/1765328/),1994.0,8.1,雅克·里维特,桑德里娜·博内尔,剧情 / 传记 / 历史,法国
290,1994年,9,[美国回老家 U.S. Go Home](https://movie.douban.com/subject/1764357/),1994.0,7.9, 克莱尔·德尼, 格莱戈尔·科林 / 文森特·加洛 / Alice Houri, 剧情, 法国
291,1994年,10A,[同死者谈判 Petits arrangements avec les morts](https://movie.douban.com/subject/1901705/),1994.0,7.4, 帕斯卡尔·费兰, 迪迪埃·桑德尔 / Alexandre Zloto / Catherine Ferran, 剧情, 法国
292,1994年,10B,[蝴蝶君 M. Butterfly](https://movie.douban.com/subject/1293643/),1993.0,8.5, 大卫·柯南伯格, 杰瑞米·艾恩斯 / 尊龙 / 芭芭拉·苏科瓦, 剧情 / 爱情 / 同性, 美国/加拿大
293,1993年,1,[完美的世界 A Perfect World](https://movie.douban.com/subject/1300992/),1993.0,9.1, 克林特·伊斯特伍德, 凯文·科斯特纳 / 劳拉·邓恩 / 克林特·伊斯特伍德, 剧情 / 犯罪, 美国
294,1993年,2,[亚伯拉罕山谷 Vale Abraão](https://movie.douban.com/subject/1303467/),1993.0,8.1, 曼努埃尔·德·奥利维拉, 里诺尔·森微娜 / 路易斯·米格尔·辛特拉 / 鲁伊·德·卡瓦略, 剧情, 法国/葡萄牙/瑞士
295,1993年,3,"[大树、市长和文化馆 L'arbre, le maire et la médiathèque](https://movie.douban.com/subject/1303470/)",1993.0,7.3, 埃里克·侯麦, 帕斯卡尔·格雷戈里 / 阿丽尔·朵巴丝勒 / 法布莱斯·鲁奇尼, 剧情 / 喜剧, 法国
296,1993年,4,[吸烟/不吸烟 Smoking/No Smoking](https://movie.douban.com/subject/1303468/),1993.0,7.8, 阿伦·雷乃, 萨宾·阿泽玛 / 皮埃尔·阿迪提 / Peter Hudson, 喜剧, 法国/意大利/瑞士
297,1993年,5,[无声国度 Le pays des sourds](https://movie.douban.com/subject/1428371/),1992.0,8.7, 尼古拉·菲利伯特, Jean-Claude Poulain / Abou Bakar / Anh Tuan, 纪录片, 意大利/法国/英国/瑞士
298,1993年,6,[森林中的日与夜 Aranyer Din Ratri](https://movie.douban.com/subject/1303541/),1970.0,7.4, 萨蒂亚吉特·雷伊, 莎米拉·泰戈尔 / Kaberi Bose / Simi Garewal, 剧情, 印度
299,1993年,7,[疯狗与格拉瑞小姐 Mad Dog and Glory](https://movie.douban.com/subject/1293933/),1993.0,6.5, 约翰·麦克诺顿, 罗伯特·德尼罗 / 乌玛·瑟曼 / 比尔·默瑞, 剧情 / 喜剧 / 爱情 / 犯罪, 美国
300,1993年,8,[午夜猎物 Innocent Blood](https://movie.douban.com/subject/1297175/),1992.0,6.2, 约翰·兰迪斯, 安娜·帕里约 / 大卫·普罗瓦尔 / 罗科·西斯托, 喜剧 / 恐怖 / 爱情, 美国
301,1993年,9,[坏中尉 Bad Lieutenant](https://movie.douban.com/subject/1293494/),1992.0,7.3, 阿贝尔·费拉拉, 哈威·凯特尔 / 佩吉·戈尔姆利 / 维克多·阿尔果, 犯罪 / 剧情, 美国
302,1993年,10,[悲哀于我 Hélas pour moi](https://movie.douban.com/subject/1303469/),1993.0,7.4, 让-吕克·戈达尔, 热拉尔·德帕迪约 / Laurence Masliah / 贝尔纳·维尔莱, 喜剧 / 剧情, 法国/瑞士
303,1992年,1,[不可饶恕 Unforgiven](https://movie.douban.com/subject/1293566/),1992.0,8.5, 克林特·伊斯特伍德, 克林特·伊斯特伍德 / 吉恩·哈克曼 / 摩根·弗里曼, 剧情 / 西部, 美国
304,1992年,2,[不速之客 Agantuk](https://movie.douban.com/subject/1303582/),1991.0, , 萨蒂亚吉特·雷伊, 乌特帕尔·道特 / 迪潘卡尔·戴伊 / 玛玛塔·尚卡尔, 剧情, 法国/印度
305,1992年,3,[生生长流 زندگی و دیگر هیچ](https://movie.douban.com/subject/1303471/),1992.0,8.8, 阿巴斯·基亚罗斯塔米, 法德哈·基德曼 / 布巴·巴尤尔· / 奥西纳·法赫, 剧情 / 灾难, 伊朗
306,1992年,4,[丈夫、太太与情人 Husbands and Wives](https://movie.douban.com/subject/1301616/),1992.0,8.3, 伍迪·艾伦, 伍迪·艾伦 / 布莱思·丹纳 / 朱迪·戴维斯, 剧情 / 爱情, 美国
307,1992年,5A,[野兽之夜 Les nuits fauves](https://movie.douban.com/subject/1303473/),1992.0,7.3, 西里尔·科拉尔, 罗曼娜·波琳热 / 让-克里斯托夫·布维 / Régine Arniaud, 剧情 / 同性 / 传记, 法国/意大利/英国
308,1992年,5B,[国境线 Border Line](https://movie.douban.com/subject/1303517/),1992.0, , 丹尼尔·达布洛克斯, 丹尼尔·达布洛克斯 / David Léotard / 安德烈·杜索里埃, 剧情, 法国/瑞士
309,1992年,5C,[哨兵 La sentinelle](https://movie.douban.com/subject/1293479/),1992.0,7.7, 阿诺·戴普勒尚, 埃马努埃尔·萨兰热 / 蒂博·德·蒙塔朗贝尔 / 让-路易·里夏尔, 惊悚, 法国
310,1992年,8A,[冬天的故事 Conte d'hiver](https://movie.douban.com/subject/1293388/),1992.0,8.5, 埃里克·侯麦, 夏洛特·韦里 / 弗里德里克·范登德里舍 / 米歇尔·瓦莱蒂, 剧情 / 爱情, 法国
311,1992年,8B,[追逐蝴蝶 La chasse aux papillons](https://movie.douban.com/subject/1303516/),1992.0,7.9, 奥塔·埃索里亚尼, Narda Blanchet / Pierette Pompom Bailhache / Aleksandr Cherkasov, 剧情, 法国/德国/意大利
312,1992年,10A,[牯岭街少年杀人事件 牯嶺街少年殺人事件](https://movie.douban.com/subject/1292329/),1991.0,8.9, 杨德昌, 张震 / 杨静怡 / 张国柱, 剧情 / 犯罪, 中国台湾
313,1992年,10B,[橡树 Balanţa](https://movie.douban.com/subject/1303475/),1992.0,7.6, 卢奇安·平蒂列, 玛雅·摩根斯特恩 / 勒兹万·瓦西莱斯库 / 维克托·雷本久克, 喜剧 / 剧情, 法国/罗马尼亚
314,1992年,10C,[妄想 Le mirage](https://movie.douban.com/subject/1303474/),1992.0, , 让-克劳德·吉盖, 露易丝·玛鲁 / 法比恩·巴布 / 马科·霍夫斯奇奈德, 剧情, 加拿大/法国/德国/瑞士
315,1992年,10D,[微笑之屋 La casa del sorriso](https://movie.douban.com/subject/1303527/),1991.0,6.7, 马可·费雷里, 英格丽·图林 / 达多·鲁斯波利 / 恩佐·卡拉瓦勒, 剧情, 意大利
316,1991年,1,[梵高 Van Gogh](https://movie.douban.com/subject/1418998/),1991.0,7.7, 莫里斯·皮亚拉, 雅克·迪特隆 / 亚历山德拉·伦敦 / 贝尔纳·勒科克, 剧情 / 传记 / 爱情 / 冒险, 法国
317,1991年,2,[米勒的十字路口 Miller's Crossing](https://movie.douban.com/subject/1292060/),1990.0,7.8, 乔尔·科恩 / 伊桑·科恩, 加布里埃尔·伯恩 / 马西娅·盖伊·哈登 / 约翰·特托罗, 犯罪 / 剧情 / 惊悚, 美国
318,1991年,3,[巴顿·芬克 Barton Fink](https://movie.douban.com/subject/1298043/),1991.0,8.1, 乔尔·科恩 / 伊桑·科恩, 约翰·特托罗 / 约翰·古德曼 / 朱迪·戴维斯, 剧情 / 喜剧 / 惊悚, 美国/英国
319,1991年,4,[教父3 The Godfather: Part III](https://movie.douban.com/subject/1294240/),1990.0,9.0, 弗朗西斯·福特·科波拉, 阿尔·帕西诺 / 黛安·基顿 / 塔莉娅·夏尔, 剧情 / 犯罪, 美国
320,1991年,5,[特写 کلوزآپ](https://movie.douban.com/subject/1303521/),1990.0,8.8, 阿巴斯·基亚罗斯塔米, Hossain Sabzian / 莫森·玛克玛尔巴夫 / Abolfazl Ahankhah, 犯罪 / 剧情, 伊朗
321,1991年,6,[我再也听不见吉他声 J'entends plus la guitare](https://movie.douban.com/subject/1825599/),1991.0,7.4, 菲利普·加瑞尔, 贝努特·里格恩特 / 约翰娜·特尔·斯蒂格 / 亚纳·柯勒特, 剧情, 法国
322,1991年,7,[剪刀手爱德华 Edward Scissorhands](https://movie.douban.com/subject/1292370/),1990.0,8.7, 蒂姆·波顿, 约翰尼·德普 / 薇诺娜·瑞德 / 黛安·韦斯特, 剧情 / 奇幻 / 爱情, 美国
323,1991年,8,[八月狂想曲 八月の狂詩曲](https://movie.douban.com/subject/1302619/),1991.0,7.5, 黑泽明, 村濑幸子 / 井川比佐志 / 茅岛成美, 剧情, 日本
324,1991年,9,[新桥恋人 Les amants du Pont-Neuf](https://movie.douban.com/subject/1291559/),1991.0,8.2, 莱奥·卡拉克斯, 朱丽叶·比诺什 / 德尼·拉旺, 剧情 / 爱情, 法国
325,1991年,10,[巴黎苏醒 Paris s'éveille](https://movie.douban.com/subject/1958496/),1991.0, , 奥利维耶·阿萨亚斯, 朱迪丝·戈德雷什 / 让-皮埃尔·利奥德 / 托马斯·朗曼, 剧情, 法国/意大利
326,1990年,1A,[小罪犯 Le petit criminel](https://movie.douban.com/subject/1303519/),1990.0,7.1, 雅克·杜瓦隆, 里夏尔·安科尼纳 / 热拉尔德·托马森 / 克洛蒂尔·蔻洛, 剧情, 法国
327,1990年,1B,[死亡与复活 Замри-Умри-Воскресни!](https://movie.douban.com/subject/1303518/),1990.0,8.2, 瓦拉里·康涅夫斯基, 蒂娜拉·卓卡洛娃 / Pavel Nazarov / Yelena Popova, 剧情, 苏联
328,1990年,3A,[新浪潮 Nouvelle vague](https://movie.douban.com/subject/1303520/),1990.0,7.7, 让-吕克·戈达尔, 阿兰·德龙 / 多米齐亚娜·焦尔达诺 / 雅克·达克米纳, 剧情, 法国/瑞士
329,1990年,3B,[好家伙 GoodFellas](https://movie.douban.com/subject/1292268/),1990.0,8.5, 马丁·斯科塞斯, 罗伯特·德尼罗 / 雷·利奥塔 / 乔·佩西, 剧情 / 传记 / 犯罪, 美国
330,1990年,5A,"[亚历山大再次和永远 Iskanderija, kaman oue kaman](https://movie.douban.com/subject/1303522/)",1990.0, , 尤瑟夫·夏因, 尤斯拉 / 尤瑟夫·夏因 / Hussein Fahmy, 剧情, 埃及/法国
331,1990年,5B,"[战士的荣誉 'Non', ou A Vã Glória de Mandar](https://movie.douban.com/subject/1460601/)",1990.0,7.7, 曼努埃尔·德·奥利维拉, Diogo Dória / 路易斯·米格尔·辛特拉 / 米格尔·古伊尔赫梅, 剧情 / 历史 / 战争, 法国/西班牙/葡萄牙
332,1990年,5C,[云遮星 মেঘে ঢাকা তারা](https://movie.douban.com/subject/1460605/),1960.0,7.7, 李维克·伽塔克, Supriya Choudhury / 阿尼尔·查特吉 / 贾内什·慕克吉, 剧情, 印度
333,1990年,8A,[梦 夢](https://movie.douban.com/subject/1299112/),1990.0,8.7, 黑泽明, 寺尾聪 / 倍赏美津子 / 根岸季衣, 剧情 / 奇幻, 日本/美国
334,1990年,8B,[不再着迷 La désenchantée](https://movie.douban.com/subject/1303523/),1990.0,7.5, 伯努瓦·雅克, 朱迪丝·戈德雷什 / Marcel Bozonnet / 伊凡·德斯尼, 剧情 / 爱情, 法国
335,1990年,8C,[罪与错 Crimes and Misdemeanors](https://movie.douban.com/subject/1292536/),1989.0,8.0, 伍迪·艾伦, 比尔·伯恩斯坦 / 马丁·兰道 / 克莱尔·布鲁姆, 喜剧 / 剧情, 美国
336,1989年,1A,[为所应为 Do the Right Thing](https://movie.douban.com/subject/1293958/),1989.0,8.2, 斯派克·李, 丹尼·爱罗 / 奥西·戴维斯 / 露比·迪, 剧情 / 喜剧, 美国
337,1989年,1B,[红色木鸽 Palombella rossa](https://movie.douban.com/subject/1303524/),1989.0,7.0, 南尼·莫莱蒂, 南尼·莫莱蒂 / 西尔维奥·奥兰多 / Mariella Valentini, 喜剧 / 运动, 法国/意大利
338,1989年,3A,[四个女人的故事 La Bande des quatre](https://movie.douban.com/subject/1419862/),1989.0,7.8, 雅克·里维特, 布鲁·欧吉尔 / 贝努特·里格恩特 / Fejria Deliba, 剧情 / 冒险 / 悬疑, 法国/瑞士
339,1989年,3B,[孽扣 Dead Ringers](https://movie.douban.com/subject/1293297/),1988.0,7.8, 大卫·柯南伯格, 杰瑞米·艾恩斯 / 詹妮薇芙·布卓 / Heidi von Palleske, 剧情 / 爱情 / 惊悚, 加拿大
340,1989年,5A,[食人族 Os Canibais](https://movie.douban.com/subject/1958490/),1988.0,6.5, 曼努埃尔·德·奥利维拉, 路易斯·米格尔·辛特拉 / 里诺尔·森微娜 / Diogo Dória, 歌舞 / 剧情 / 奇幻 / 悬疑, 葡萄牙/法国/西德/意大利/瑞士
341,1989年,5B,[雅巴 Yaaba](https://movie.douban.com/subject/1958491/),1989.0,6.6, 伊德沙·渥德拉戈, Fatimata Sanga / 伊德沙·渥德拉戈 / Roukietou Barry, 剧情 / 家庭, 布基纳法索/瑞士/法国
342,1989年,7A,[黑雨 黒い雨](https://movie.douban.com/subject/1294867/),1989.0,8.1, 今村昌平, 田中好子 / 北村和夫 / 市原悦子, 剧情, 日本
343,1989年,7B,[厚牛皮 Peaux de vaches](https://movie.douban.com/subject/1958492/),1989.0,7.9, 帕特里西亚·玛佐, 桑德里娜·博内尔 / 让-弗朗索瓦·斯泰弗南 / 雅克·斯皮埃塞, 剧情, 法国
344,1989年,7C,[小薇拉 Маленькая Вера](https://movie.douban.com/subject/1788109/),1988.0,7.1, 瓦西里·皮楚尔, Natalya Negoda / 安德烈·索可洛夫 / 尤里·纳扎罗夫, 剧情 / 爱情, 苏联
345,1989年,10A,[我要回家 Je veux rentrer à la maison](https://movie.douban.com/subject/1417485/),1989.0,6.3, 阿伦·雷乃, 阿多夫·格林 / Laura Benson / 琳达·拉文, 喜剧, 法国
346,1989年,10B,[流浪者之歌 Дом за вешање](https://movie.douban.com/subject/1303525/),1988.0,9.1, 埃米尔·库斯图里卡, 达沃尔·杜伊莫维奇 / 博拉·托德洛维奇 / Ljubica Adzovic, 喜剧 / 犯罪 / 剧情 / 奇幻, 意大利/英国/南斯拉夫
347,1989年,10C,[意外的旅客 The Accidental Tourist](https://movie.douban.com/subject/1293736/),1988.0,7.4, 劳伦斯·卡斯丹, 威廉·赫特 / 凯瑟琳·特纳 / 吉娜·戴维斯, 剧情 / 爱情, 美国
348,1988年,1,[十诫 Dekalog](https://movie.douban.com/subject/1301252/),1989.0,9.2,克日什托夫·基耶斯洛夫斯基,阿图尔·巴奇斯 / 昂里克·巴兰诺斯基 / 胡契克·卡勒塔 / 马娅·科莫罗夫斯卡 / 克里斯提娜·杨达 / 亚历山大·巴尔迪尼 / 奥尔基尔德·鲁卡斯瑟维克茨 / 斯塔尼斯拉娃·加瓦里克 / 克日什托夫·库摩尔 / 达尼尔·奥勒布里斯基 / 玛利亚·帕库尔尼斯 / 乔安娜·斯泽普科斯卡 / 阿德里安娜·别德耶斯卡 / 扬努斯·加约斯 / 亚当·哈努斯科维奇 / 安杰伊·布卢门菲尔德 / 米罗斯洛·巴卡 / 克日什托夫·格洛比什 / 扬·特萨利兹 / 比涅尤·扎塔西奇斯 / 格拉日娜·沙波沃夫斯卡 / 奥拉夫·卢巴申科 / 斯特凡尼亚·伊文斯卡 / 安娜·波洛尼 / 玛雅·芭蕾科沃斯卡 / 瓦迪斯瓦夫·科瓦尔斯基 / 博古斯瓦夫·林达 / 卡塔兹亚娜·皮沃瓦兹克 / 玛丽亚·克斯采科斯卡 / 特蕾莎·玛索丝嘉 / 塔德乌什·罗姆尼斯基 / 伊娃·布拉什奇克 / 比奥迪·玛查里卡 / 扬·扬科夫斯基 / 约兰塔·皮特卡-格雷奇卡 / 杰吉·特雷拉 / 耶日·斯图尔 / 泽比纽·扎马洲斯基 / 亨里克·比斯塔 / 马赛杰·斯图尔,剧情,波兰 / 西德
349,1988年,2,[布拉格之恋 The Unbearable Lightness of Being](https://movie.douban.com/subject/1291859/),1988.0,8.2, 菲利普·考夫曼, 丹尼尔·戴-刘易斯 / 朱丽叶·比诺什 / 莉娜·奥琳, 剧情 / 爱情, 美国
350,1988年,3,[死者 The Dead](https://movie.douban.com/subject/1303529/),1987.0,7.5, 约翰·休斯顿, 安杰丽卡·休斯顿 / 多纳尔·麦卡恩 / 丹·奥赫里奇, 剧情, 英国/爱尔兰
351,1988年,4,[急救 Urgences](https://movie.douban.com/subject/1468822/),1988.0, , 雷蒙·德帕东, , 纪录片, 法国
352,1988年,5,[爵士乐手 Bird](https://movie.douban.com/subject/1294214/),1988.0,7.2, 克林特·伊斯特伍德, 福里斯特·惠特克 / 戴安·维诺拉 / Michael Zelniker, 传记 / 剧情 / 音乐, 美国
353,1988年,6,[雾中风景 Τοπίο στην ομίχλη](https://movie.douban.com/subject/1294252/),1988.0,9.0, 西奥·安哲罗普洛斯, 米哈利斯·齐克 / 塔尼娅·帕拉依奥罗葛 / 斯特拉托斯·楚措格卢, 剧情, 希腊/法国/意大利
354,1988年,7,[声音与愤怒 De bruit et de fureur](https://movie.douban.com/subject/1909689/),1988.0,7.6, 让-克洛德·布里索, 布律诺·克雷梅 / 弗朗索瓦·尼格雷特 / Vincent Gasperitsch, 剧情, 法国
355,1988年,8,[基督最后的诱惑 The Last Temptation of Christ](https://movie.douban.com/subject/1292889/),1988.0,7.8, 马丁·斯科塞斯, 威廉·达福 / 哈威·凯特尔 / Paul Greco, 剧情, 加拿大/美国
356,1988年,9,[无辜者 Les innocents](https://movie.douban.com/subject/1958489/),1987.0,6.8, 安德烈·泰希内, 桑德里娜·博内尔 / 让-克洛德·布里亚利 / 西蒙德拉卜若思, 剧情, 法国
357,1988年,10,[女人韵事 Une affaire de femmes](https://movie.douban.com/subject/1303526/),1988.0,8.2, 克洛德·夏布洛尔, 伊莎贝尔·于佩尔 / 弗朗索瓦·克鲁塞 / 玛丽·特兰蒂尼昂, 剧情, 法国
358,1987年,1,[在撒旦的阳光下 Sous le soleil de Satan](https://movie.douban.com/subject/1410735/),1987.0,7.3, 莫里斯·皮亚拉, 热拉尔·德帕迪约 / 桑德里娜·博内尔 / 莫里斯·皮亚拉, 剧情 / 奇幻, 法国
359,1987年,2A,[柏林苍穹下 Der Himmel über Berlin](https://movie.douban.com/subject/1292504/),1987.0,8.6, 维姆·文德斯, 布鲁诺·冈茨 / 索尔维格·多马尔坦 / 奥托·山德尔, 奇幻 / 剧情 / 爱情, 西德/法国
360,1987年,2B,[访谈录 Intervista](https://movie.douban.com/subject/1303528/),1987.0,7.9, 费德里科·费里尼, 赛尔乔·鲁比尼 / 安东内拉·蓬西亚尼 / Maurizio Mein, 剧情 / 喜剧 / 奇幻, 意大利
361,1987年,2C,[恩培多克勒之死 Der Tod des Empedokles oder: Wenn dann der Erde Grün von neuem Euch erglänzt](https://movie.douban.com/subject/1958480/),1987.0,8.0, 达尼埃尔·于伊耶 / 让-马里·斯特劳布, 威廉姆·伯格 / Georg Brintrup / 霍华德·沃侬, 剧情, 法国/西德
362,1987年,5,[末代皇帝 The Last Emperor](https://movie.douban.com/subject/1293172/),1987.0,9.3, 贝纳尔多·贝托鲁奇, 尊龙 / 陈冲 / 邬君梅, 剧情 / 传记 / 历史, 英国/意大利/中国大陆/法国
363,1987年,6A,[光之翼 Yeelen](https://movie.douban.com/subject/1429098/),1987.0,7.7, 苏莱曼·西塞, Issiaka Kane / Aoua Sangare / Niamanto Sanogo, 剧情, 马里/布基纳法索/法国/西德
364,1987年,6B,[双姝奇缘 4 aventures de Reinette et Mirabelle](https://movie.douban.com/subject/1421309/),1987.0,8.7, 埃里克·侯麦, 若埃勒·米凯尔 / 杰西卡·福德 / 菲利普·劳登巴赫, 剧情 / 喜剧, 法国
365,1987年,6C,[全金属外壳 Full Metal Jacket](https://movie.douban.com/subject/1300055/),1987.0,8.6, 斯坦利·库布里克, 马修·莫迪恩 / 亚当·鲍德温 / 文森特·多诺费奥, 剧情 / 战争, 英国/美国
366,1987年,9,[弥撒终了 La messa è finita](https://movie.douban.com/subject/1303530/),1985.0,7.2, 南尼·莫莱蒂, 南尼·莫莱蒂 / 费鲁乔·德切雷萨 / 马可·梅塞里, 喜剧 / 剧情, 意大利
367,1987年,10A,[加里里的婚礼 Urs al-jalil](https://movie.douban.com/subject/1763549/),1987.0,7.2, Michel Khleifi, Juliano Mer / Yussuf Abu-Warda / Mohamad Ali El Akili, 剧情, 比利时/法国/以色列
368,1987年,10B,[葡萄牙式再见 Um Adeus Português](https://movie.douban.com/subject/1958482/),1986.0, , 若昂·伯特洛, Isabel de Castro / Ruy Furtado / Maria Cabral, 剧情, 葡萄牙
369,1987年,10C,[金钱本色 The Color of Money](https://movie.douban.com/subject/1297692/),1986.0,7.3, 马丁·斯科塞斯, 保罗·纽曼 / 汤姆·克鲁斯 / 玛丽·伊丽莎白·马斯特兰托尼奥, 剧情 / 运动, 美国
370,1987年,10D,蓝丝绒 Blue Velvet,1987, ,大卫·林奇, , ,美国
371,1987年,10E,[李尔王 King Lear](https://movie.douban.com/subject/1790786/),1987.0,7.5, 让-吕克·戈达尔, 伍迪·艾伦 / 弗雷迪·布歇 / 莱奥·卡拉克斯, 喜剧 / 剧情 / 科幻, 美国
372,1986年,1,[绿光 Le rayon vert](https://movie.douban.com/subject/1294039/),1986.0,8.1, 埃里克·侯麦, 艾琳.申科布莱恩 / 玛丽·里维埃 / 碧翠丝·罗曼德, 剧情 / 爱情, 法国
373,1986年,2A,[苏拉姆城堡的传说 ამბავი სურამის ციხისა](https://movie.douban.com/subject/1417918/),1985.0,8.2, 谢尔盖·帕拉杰诺夫 / 多多·阿巴希泽, 韦丽科·安贾帕里泽 / Tamari Tsitsishvili / Dudukhana Tserodze, 剧情, 苏联
374,1986年,2B,[牺牲 Offret](https://movie.douban.com/subject/1294531/),1986.0,8.8, 安德烈·塔可夫斯基, 厄兰·约瑟夫森 / 苏珊·弗利特伍德 / 艾伦·埃德渥, 剧情, 瑞典/法国/英国
375,1986年,4,[双重绅士 Double messieurs](https://movie.douban.com/subject/1958477/),1996.0, , 让-弗朗索瓦·斯泰弗南, 卡洛尔·布盖 / 让-弗朗索瓦·斯泰弗南 / 卡洛尔·布盖, 剧情 / 喜剧, 法国
376,1986年,5A,[坏血 Mauvais sang](https://movie.douban.com/subject/1301678/),1986.0,8.2, 莱奥·卡拉克斯, 米歇尔·皮科利 / 朱丽叶·比诺什 / 德尼·拉旺, 剧情 / 爱情 / 犯罪, 法国
377,1986年,5B,[缅因海 Maine-Océan](https://movie.douban.com/subject/1958478/),1986.0,7.0, 雅克·罗齐耶, 贝尔纳·梅内斯 / 伊夫·阿封索 / Lydia Feld, 喜剧, 法国
378,1986年,7,[圣女泰蕾丝 Thérèse](https://movie.douban.com/subject/1470740/),1986.0,7.8, 阿兰·卡瓦利埃, 凯瑟琳·蒙切特 / Hélène Alexandridis / Aurore Prieto, 剧情, 法国
379,1986年,8,[犯罪现场 Le lieu du crime](https://movie.douban.com/subject/1301666/),1986.0,6.8, 安德烈·泰希内, 凯瑟琳·德纳芙 / 达尼埃尔·达里约 / 沃达克·斯坦克才克, 剧情, 法国
380,1986年,9A,[迷乱 Désordre](https://movie.douban.com/subject/1796640/),1986.0,7.3, 奥利维耶·阿萨亚斯, Wadeck Stanczak / 安-吉赛尔·格拉斯 / 卢卡斯·贝尔沃克斯, 剧情 / 音乐, 法国
381,1986年,9B,[夜之守护者 Gardien de la nuit](https://movie.douban.com/subject/1421793/),1986.0, , Jean-Pierre Limosin, 让-菲利普·艾科菲 / 奥蕾勒·多阿藏 / Nicolas Silberg, 剧情, 法国
382,1986年,9C,[阿尔卑斯的激情 Höhenfeuer](https://movie.douban.com/subject/1958479/),1985.0,7.3, 弗兰迪-M.米偌, Thomas Nock / Johanna Lier / Dorothea Moritz, 剧情, 瑞士
383,1986年,9D,[下班后 After Hours](https://movie.douban.com/subject/1303531/),1985.0,8.2, 马丁·斯科塞斯, 格里芬·邓恩 / 罗姗娜·阿奎特 / 弗娜·布鲁姆, 剧情 / 喜剧 / 惊悚, 美国
384,1986年,9E,[小电影盛衰记 Grandeur et décadence d'un petit commerce de cinéma](https://movie.douban.com/subject/2141784/),1986.0,6.9, 让-吕克·戈达尔, 让-皮埃尔·莫基 / Marie Valera / 让-皮埃尔·利奥德, 犯罪 / 惊悚, 法国/瑞士
385,1985年,1,"[向玛丽致敬 'Je vous salue, Marie'](https://movie.douban.com/subject/1301677/)",1985.0,7.5, 让-吕克·戈达尔, 朱丽叶·比诺什 / 米里昂·鲁塞尔 / Thierry Rode, 剧情, 法国/瑞士/英国
386,1985年,2,[侦探 Détective](https://movie.douban.com/subject/1294124/),1985.0,6.7, 让-吕克·戈达尔, 洛朗·特兹弗 / 奥蕾勒·多阿藏 / 让-皮埃尔·利奥德, 喜剧 / 犯罪 / 剧情, 法国/瑞士
387,1985年,3,[龙年 Year of the Dragon](https://movie.douban.com/subject/1294212/),1985.0,6.6, 迈克尔·西米诺, 米基·洛克 / 尊龙 / 安丽妮·科祖米, 动作 / 犯罪 / 剧情, 美国
388,1985年,4,[排演之后 Efter repetitionen](https://movie.douban.com/subject/1437025/),1984.0,7.4, 英格玛·伯格曼, 厄兰·约瑟夫森 / 英格丽·图林 / 莉娜·奥琳, 剧情, 瑞典/西德
389,1985年,5,[爱的激流 Love Streams](https://movie.douban.com/subject/1303532/),1984.0,8.1, 约翰·卡萨维蒂, 约翰·卡萨维蒂 / 吉娜·罗兰兹 / 西摩·卡塞尔, 喜剧 / 剧情, 美国
390,1985年,6,[家与世界 Ghare-Baire](https://movie.douban.com/subject/1466138/),1984.0,7.5, 萨蒂亚吉特·雷伊, 松米特拉·查特吉 / 维克多·班纳杰 / Swatilekha Chatterjee, 剧情, 印度
391,1985年,7,[可怕的情人 Les amants terribles](https://movie.douban.com/subject/1958475/),1984.0, , 丹尼尔·达布洛克斯 / Stavros Kaplanidis, Stanko Molnar / Jean-Noël Picq / 丹尼尔·达布洛克斯, 剧情, 法国
392,1985年,8,[孩子们 Les Enfants](https://movie.douban.com/subject/1958476/),1985.0,7.6, 玛格丽特·杜拉斯, Axel Bogousslavsky / 丹尼尔·盖林 / Tatiana Moukhine, 剧情, 法国
393,1985年,9,[乱](https://movie.douban.com/subject/1296196/),1985.0,8.9, 黑泽明, 仲代达矢 / 寺尾聪 / 根津甚八, 剧情 / 动作, 日本/法国
394,1985年,10A,[情陷夜巴黎 Rendez-vous](https://movie.douban.com/subject/1301675/),1985.0,6.7, 安德烈·泰希内, 朱丽叶·比诺什 / 朗贝尔·维尔森 / 沃达克·斯坦克才克, 剧情 / 爱情 / 情色, 法国
395,1985年,10B,[月神的宠儿 Les favoris de la lune](https://movie.douban.com/subject/1757934/),1985.0,7.9, 奥塔·埃索里亚尼, 卡特娅·卢佩 / Alix de Montaigu / François Michel, 犯罪 / 剧情, 意大利/苏联/法国
396,1984年,1,[圆月映花都 Les nuits de la pleine lune](https://movie.douban.com/subject/1292619/),1984.0,7.9, 埃里克·侯麦, 帕斯卡·欧吉尔 / 切基·卡尤 / 法布莱斯·鲁奇尼, 剧情 / 爱情, 法国
397,1984年,2,[阶级关系 Klassenverhältnisse](https://movie.douban.com/subject/1419900/),1984.0,7.8, 达尼埃尔·于伊耶 / 让-马里·斯特劳布, Christian Heinisch / Nazzareno Bianconi / 马里奥·阿多夫, 剧情, 西德/法国
398,1984年,3A,"[自由，夜 Liberté, la nuit](https://movie.douban.com/subject/1958472/)",1984.0,7.3, 菲利普·加瑞尔, 埃玛妞·丽娃 / 莫里斯·加瑞尔 / 克里斯蒂娜·布瓦松, 剧情, 法国
399,1984年,3B,[芳名卡门 Prénom Carmen](https://movie.douban.com/subject/1294341/),1983.0,7.8, 让-吕克·戈达尔, 玛鲁施卡·迪特马斯 / 贾克·鲍那非 / 米里昂·鲁塞尔, 喜剧 / 犯罪 / 剧情 / 音乐 / 爱情, 法国
400,1984年,3C,[35年之后 Biquefarre](https://movie.douban.com/subject/1958473/),1983.0, , 乔治·鲁基耶, Henri Rouquier / Maria Rouquier / Roger Malet, 剧情 / 纪录片, 法国
401,1984年,6,[斗鱼 Rumble Fish](https://movie.douban.com/subject/1297347/),1983.0,8.1, 弗朗西斯·福特·科波拉, 马特·狄龙 / 米基·洛克 / 戴安·琳恩, 剧情, 美国
402,1984年,7A,[船续前行 E la nave va](https://movie.douban.com/subject/1303533/),1983.0,8.3, 费德里科·费里尼, 弗雷迪·琼斯 / 芭芭拉·杰夫德 / Victor Poletti, 剧情 / 历史 / 音乐, 意大利/法国
403,1984年,7B,[太空先锋 The Right Stuff](https://movie.douban.com/subject/1293371/),1983.0,7.9, 菲利普·考夫曼, 丹尼斯·奎德 / 山姆·夏普德 / 斯科特·格伦, 冒险 / 剧情 / 历史, 美国
404,1984年,7C,"[德州巴黎 Paris, Texas](https://movie.douban.com/subject/1302061/)",1984.0,8.5, 维姆·文德斯, 哈利·戴恩·斯坦通 / 萨姆·贝瑞 / 伯恩哈德·维基, 剧情, 西德/法国/英国/美国
405,1984年,10,[美国往事 Once Upon a Time in America](https://movie.douban.com/subject/1292262/),1984.0,9.2, 赛尔乔·莱昂内, 罗伯特·德尼罗 / 詹姆斯·伍兹 / 伊丽莎白·麦戈文, 犯罪 / 剧情, 美国/意大利
406,1983年,1A,[钱 L'argent](https://movie.douban.com/subject/1303536/),1983.0,8.3, 罗伯特·布列松, 克里斯蒂安·佩蒂 / Vincent Risterucci / Caroline Lang, 剧情 / 犯罪, 法国/瑞士
407,1983年,1B,关于我们的爱情 À nos amours,1983, ,莫里斯·皮亚拉, , ,法
408,1983年,3A,[战场上的快乐圣诞 Merry Christmas Mr. Lawrence](https://movie.douban.com/subject/1303535/),1983.0,8.8, 大岛渚, 大卫·鲍伊 / 汤姆·康蒂 / 坂本龙一, 剧情 / 战争 / 同性, 英国/新西兰/日本
409,1983年,3B,[残酷的游戏 Un jeu brutal](https://movie.douban.com/subject/1909714/),1983.0,7.5, 让-克洛德·布里索, 布律诺·克雷梅 / Emmanuelle Debever / María Luisa García, 剧情, 法国
410,1983年,5A,[沙滩上的宝莲 Pauline à la plage](https://movie.douban.com/subject/1303534/),1983.0,8.1, 埃里克·侯麦, 阿曼达·朗格勒 / 阿丽尔·朵巴丝勒 / 帕斯卡尔·格雷戈里, 喜剧 / 剧情 / 爱情, 法国
411,1983年,5B,[喜剧之王 The King of Comedy](https://movie.douban.com/subject/1292772/),1982.0,8.5, 马丁·斯科塞斯, 罗伯特·德尼罗 / 杰瑞·刘易斯 / 戴安娜·阿伯特, 喜剧 / 剧情 / 犯罪, 美国
412,1983年,7A,[水手的三枚硬币 Les trois couronnes du matelot](https://movie.douban.com/subject/1303537/),1983.0,7.5, 劳尔·鲁伊斯, Jean-Bernard Guillard / Philippe Deplanche / Jean Badin, 剧情 / 奇幻, 法国
413,1983年,7B,[逃亡之路 Faux fuyants](https://movie.douban.com/subject/1815674/),1983.0, , Alain Bergala / Jean-Pierre Limosin, 奥利维尔·佩里耶 / Rachel Rachel / Serge De Closets, , 法国
414,1983年,7C,[秘密的孩子 L'enfant secret](https://movie.douban.com/subject/1447040/),1982.0,7.4, 菲利普·加瑞尔, 安妮·维亚泽姆斯基 / 亨利·德莫布朗 / 春·林登迈尔, 剧情, 法国
415,1983年,10A,[芬妮与亚历山大 Fanny och Alexander](https://movie.douban.com/subject/1292784/),1982.0,8.7, 英格玛·伯格曼, 克里斯蒂娜·阿道夫森 / 伯杰·阿斯特 / 佩妮娜·奥威, 剧情, 法国/瑞典/西德
416,1983年,10B,[自助餐 Cracking Up](https://movie.douban.com/subject/1958471/),1983.0, , 杰瑞·刘易斯, 杰瑞·刘易斯 / 米尔顿·伯利 / 小萨米·戴维斯, 喜剧, 美国
417,1982年,1,[城里的房间 Une chambre en ville](https://movie.douban.com/subject/2969886/),1982.0,6.6, 雅克·德米, 多米妮克·桑达 / 达尼埃尔·达里约 / 米歇尔·皮科利, 剧情 / 歌舞, 法国
418,1982年,2A,[月光 Moonlighting](https://movie.douban.com/subject/1471667/),1982.0,8.0, 杰兹·斯科利莫夫斯基, 杰瑞米·艾恩斯 / 尤金·里皮斯基 / 大卫·卡尔德, 剧情, 英国
419,1982年,2B,[受难记 Passion](https://movie.douban.com/subject/1293027/),1982.0,7.3, 让-吕克·戈达尔, 伊莎贝尔·于佩尔 / 汉娜·许古拉 / 米歇尔·皮科利, 喜剧 / 剧情, 法国/瑞士
420,1982年,4,[白狗 White Dog](https://movie.douban.com/subject/2241829/),1982.0,7.8, 塞缪尔·富勒, 克里斯蒂·麦克尼科尔 / 詹姆森·帕克 / 卡尔·刘易斯·米勒, 剧情 / 恐怖 / 惊悚, 美国
421,1982年,5A,[一个女人的身份证明 Identificazione di una donna](https://movie.douban.com/subject/1358418/),1982.0,7.1, 米开朗基罗·安东尼奥尼, 托马斯·米连 / 达妮埃拉·西尔韦里奥 / 克里斯蒂娜·布瓦松, 剧情 / 爱情, 意大利/法国
422,1982年,5B,[北方的桥 Le Pont du nord](https://movie.douban.com/subject/2214336/),1981.0,7.5, 雅克·里维特, 布鲁·欧吉尔 / 帕斯卡·欧吉尔 / 皮埃尔·克里蒙地, 喜剧 / 奇幻 / 悬疑, 法国
423,1982年,5C,[石榴的颜色 Նռան գույնը](https://movie.douban.com/subject/1303542/),1969.0,8.7, 谢尔盖·帕拉杰诺夫, 索菲柯·齐阿乌列里 / 米尔克·阿尔克桑亚 / 维勒·加尔斯特亚, 剧情 / 传记 / 历史, 苏联
424,1982年,8A,[帕西法尔 Parsifal](https://movie.douban.com/subject/1303539/),1982.0,8.1, 汉斯-于尔根·西贝尔伯格, Armin Jordan / Robert Lloyd / Michael Kutter, 剧情 / 音乐, 西德/法国
425,1982年,8B,[水手的三枚硬币 Les trois couronnes du matelot](https://movie.douban.com/subject/1303537/),1983.0,7.5, 劳尔·鲁伊斯, Jean-Bernard Guillard / Philippe Deplanche / Jean Badin, 剧情 / 奇幻, 法国
426,1982年,10,[好姻缘 Le beau mariage](https://movie.douban.com/subject/1296813/),1982.0,7.4, 埃里克·侯麦, 碧翠丝·罗曼德 / 安德烈·杜索里埃 / 费奥多尔·阿特金, 喜剧 / 剧情 / 爱情, 法国
427,1981年,1A,[弗兰西斯卡 Francisca](https://movie.douban.com/subject/1827342/),1981.0,7.4, 曼努埃尔·德·奥利维拉, Teresa Menezes / Diogo Dória / 马里奥·巴罗索, 剧情 / 传记, 葡萄牙
428,1981年,1B,[飞行员的妻子 La Femme de l'aviateur](https://movie.douban.com/subject/1296976/),1981.0,8.2, 埃里克·侯麦, 菲利普·玛劳德 / 玛丽·里维埃 / 安妮-劳蕾 默里, 喜剧 / 剧情 / 爱情, 法国
429,1981年,3A,[一个可笑人物的悲剧 La tragedia di un uomo ridicolo](https://movie.douban.com/subject/1303538/),1981.0,6.5, 贝纳尔多·贝托鲁奇, 乌戈·托尼亚齐 / 阿努克·艾梅 / 劳拉·莫兰特, 剧情 / 犯罪 / 悬疑, 意大利
430,1981年,3B,[美国旅馆 Hôtel des Amériques](https://movie.douban.com/subject/1301663/),1981.0,6.7, 安德烈·泰希内, 凯瑟琳·德纳芙 / 帕特里克·迪瓦尔 / 伊什尼·齐科特, 剧情 / 爱情, 法国
431,1981年,5A,[德国，苍白的母亲 Deutschland bleiche Mutter](https://movie.douban.com/subject/1903081/),1980.0,7.9, 贺玛·桑德斯-勃拉姆斯, 恩斯特·雅各比 / 埃娃·马特斯 / Elisabeth Stepanek, 剧情, 西德
432,1981年,5B,[隔墙花 La femme d'à côté](https://movie.douban.com/subject/1296563/),1981.0,7.1, 弗朗索瓦·特吕弗, 热拉尔·德帕迪约 / 芬妮·阿尔丹 / 亨利·加尔辛, 剧情 / 爱情, 法国
433,1981年,7,[潜行者 Сталкер](https://movie.douban.com/subject/1295656/),1979.0,8.8, 安德烈·塔可夫斯基, 亚历山大·凯伊达诺夫斯基 / 阿丽萨·弗雷因德利赫 / 安纳托利·索洛尼岑, 剧情 / 科幻 / 悬疑, 苏联
434,1981年,8A,[中间人 Jana Aranya](https://movie.douban.com/subject/1958469/),1976.0, ,萨蒂亚吉特·雷伊,Pradip Mukherjee / Rafiq Ahmed / S. Bagchi / 阿吉特·班纳吉 / Krishna Banerjee / Sachin Banerjee / Samaresh Banerjee / Sudip Banerjee / Satya Bannerjee / Gita Basu / Arati Bhattacharya / Sachin Bhattacharya / Umanath Bhattacharya / Jatish Bhora / Rajen Brijnath / 莉莉·查克拉博蒂 / 迪潘卡尔·戴伊 / 乌特帕尔·道特 / 桑托什·杜塔 / 罗比·高希 / 阿帕纳·珊,剧情,印度
435,1981年,8B,[愤怒的公牛 Raging Bull](https://movie.douban.com/subject/1293155/),1980.0,8.4, 马丁·斯科塞斯, 罗伯特·德尼罗 / 凯西·莫拉蒂 / 乔·佩西, 剧情 / 传记 / 运动, 美国
436,1981年,10A,[巴勒摩或沃夫斯堡 Palermo oder Wolfsburg](https://movie.douban.com/subject/1303540/),1980.0,7.6, 沃纳·施罗德, Nicola Zarbo / 奥托·山德尔 / 伊妲·迪·贝尼代托, 剧情, 瑞士/西德
437,1981年,10B,[我们一起游荡在夜的黑暗中，然后被烈火吞噬 In girum imus nocte et consumimur igni](https://movie.douban.com/subject/1758475/),1978.0,7.7, 居伊·德波, , 纪录片, 法国
438,1981年,10C,[女煞葛洛莉 Gloria](https://movie.douban.com/subject/1293439/),1980.0,7.6, 约翰·卡萨维蒂, 吉娜·罗兰兹 / 巴克·亨利 / 朱莉·卡门, 犯罪 / 剧情 / 惊悚, 美国
439,1981年,10D,[鸽之翼 Les ailes de la colombe](https://movie.douban.com/subject/1958470/),1981.0, , 伯努瓦·雅克, 伊莎贝尔·于佩尔 / 多米妮克·桑达 / 米凯莱·普拉奇多, 剧情 / 爱情, 法国
440,1968年,1,[安娜·玛格达丽娜·巴赫的编年史 Chronik der Anna Magdalena Bach](https://movie.douban.com/subject/1418714/),1968.0,7.8, 达尼埃尔·于伊耶 / 让-马里·斯特劳布, Eckart Bruntjen / Rainer Kirchner / 古斯塔夫·莱昂哈, 传记 / 剧情 / 历史 / 音乐, 西德/意大利
441,1968年,2,[革命前夕 Prima della rivoluzione](https://movie.douban.com/subject/1462409/),1964.0,7.6, 贝纳尔多·贝托鲁奇, Evelina Alpi / 詹尼·阿米科 / 阿德里娅娜·阿斯蒂, 剧情 / 爱情, 意大利
442,1968年,3,[边缘 The Edge](https://movie.douban.com/subject/1958461/),1968.0, , 罗伯特·克拉莫, Tom Griffin / Howard Loeb Babeuf / Jeff Weiss, 剧情, 美国
443,1968年,4,[勾魂慑魄 Histoires extraordinaires](https://movie.douban.com/subject/1293858/),1968.0,7.3, 费德里科·费里尼 / 路易·马勒 / 罗杰·瓦迪姆, 碧姬·芭铎 / 阿兰·德龙 / 简·方达, 剧情 / 悬疑 / 恐怖, 法国/意大利
444,1968年,5,[不能像这样死 Il ne faut pas mourir pour ça](https://movie.douban.com/subject/1958463/),1967.0, , 吉恩·皮埃尔·勒菲弗, Lucille Bélanger / Monique Champagne / Suzanne Grossman, 剧情 / 喜剧, 加拿大
445,1968年,6,[白天的统治 Le règne du jour](https://movie.douban.com/subject/1958464/),1967.0, , 皮埃尔·佩罗, Alexis Tremblay / Marie Tremblay / Léopold Tremblay, 纪录片, 加拿大
446,1968年,7,[障碍 Bariera](https://movie.douban.com/subject/1958465/),1966.0,7.5, 杰兹·斯科利莫夫斯基, 乔安娜·什切尔比茨 / 扬·诺维茨基 / 塔德乌什·罗姆尼斯基, 剧情 / 喜剧, 波兰
447,1968年,8,[偷吻 Baisers volés](https://movie.douban.com/subject/1298197/),1968.0,7.9, 弗朗索瓦·特吕弗, 让-皮埃尔·利奥德 / 德菲因·塞里格 / 克洛德·雅德, 剧情 / 爱情 / 喜剧, 法国
448,1968年,9,[旋风骑士 Ride In The Whirlwind](https://movie.douban.com/subject/1958466/),1966.0,7.1, 蒙特·赫尔曼, 卡梅隆·米切尔 / 米莉·佩金斯 / 杰克·尼科尔森, 西部, 美国
449,1968年,10,[黑衣新娘 La mariée était en noir](https://movie.douban.com/subject/1303544/),1968.0,7.1, 弗朗索瓦·特吕弗, 让娜·莫罗 / 米歇尔·布凯 / 让-克洛德·布里亚利, 犯罪 / 剧情 / 悬疑, 法国/意大利
450,1968年,10,[走私犯 Les contrebandières](https://movie.douban.com/subject/1958467/),1968.0, , 吕克·慕莱, Françoise Vatel / Monique Thiriet / Johnny Monteilhet, 喜剧, 法国
451,1967年,1,[假面 Persona](https://movie.douban.com/subject/1294438/),1966.0,8.8, 英格玛·伯格曼, 毕比·安德松 / 丽芙·乌曼 / 玛格丽塔·克罗克, 剧情 / 惊悚, 瑞典
452,1967年,2,[白日美人 Belle de jour](https://movie.douban.com/subject/1301649/),1967.0,7.6, 路易斯·布努埃尔, 凯瑟琳·德纳芙 / 让·索雷尔 / 米歇尔·皮科利, 剧情 / 情色, 法国/意大利
453,1967年,3,[周末 Week End](https://movie.douban.com/subject/1296338/),1967.0,8.0, 让-吕克·戈达尔, 米蕾叶·达尔克 / 让·雅南 / 琼-皮尔里·卡尔弗恩, 喜剧 / 剧情, 法国/意大利
454,1967年,4,[以弓猎狮 La Chasse au lion à l'arc](https://movie.douban.com/subject/1437401/),1965.0,8.5, 让·鲁什, Tahirou Koro / Issiaka Moussa / Belébia Moussa, 纪录片, 法国
455,1967年,5,[玩乐时间 Play Time](https://movie.douban.com/subject/1303543/),1967.0,8.8, 雅克·塔蒂, 雅克·塔蒂 / Barbara Dennek / France Rumilly, 喜剧, 法国/意大利
456,1967年,6,[大嘴巴 The Big Mouth](https://movie.douban.com/subject/1958460/),1967.0, , 杰瑞·刘易斯, 杰瑞·刘易斯 / 哈罗德·J.斯通 / Susan Bay, 喜剧 / 动作 / 犯罪, 美国
457,1967年,7,[女教徒 La Religieuse](https://movie.douban.com/subject/1421931/),1966.0,7.9, 雅克·里维特, 安娜·卡里娜 / 莉泽洛特·普尔韦尔 / 米切林内·普雷斯利, 剧情, 法国
458,1967年,7A,[雏菊 Sedmikrásky](https://movie.douban.com/subject/1296500/),1966.0,8.5, 维拉·希蒂洛娃, 雅罗斯拉夫·库切拉 / 伊万娜·卡尔班诺娃 / 埃斯特尔·克伦巴赫乔娃, 喜剧 / 剧情, 捷克斯洛伐克
459,1967年,9,[我略知她一二 2 ou 3 choses que je sais d'elle](https://movie.douban.com/subject/1300964/),1967.0,7.5, 让-吕克·戈达尔, 安妮·杜普蕾 / 玛丽娜·维拉迪 / Joseph Gehrard, 喜剧 / 剧情, 法国
460,1967年,10,[中国姑娘 La chinoise](https://movie.douban.com/subject/1302589/),1967.0,7.5, 让-吕克·戈达尔, 安妮·维亚泽姆斯基 / 让-皮埃尔·利奥德 / 朱丽叶·贝尔托, 喜剧 / 剧情, 法国
461,1966年,1,[驴子巴特萨 Au hasard Balthazar](https://movie.douban.com/subject/1401619/),1966,8.3, 罗伯特·布列松, 安妮·维亚泽姆斯基 / Walter Green / François Lafarge, 剧情, 法国/瑞典
462,1966年,2,[轻取 Walkower](https://movie.douban.com/subject/3022619/),1965,7.2, 杰兹·斯科利莫夫斯基, 杰兹·斯科利莫夫斯基 / Aleksandra Zawieruszanka / Krzysztof Chamiec, 剧情 / 运动, 波兰
463,1966年,3,[没有和解 Nicht versöhnt oder Es hilft nur Gewalt wo Gewalt herrscht](https://movie.douban.com/subject/1850440/),1965,7.5, 让-马里·斯特劳布 / 达尼埃尔·于伊耶, Heinrich Hargesheimer / Carlheinz Hargesheimer / Martha Staendner, 剧情, 西德
464,1966年,4,[男性，女性 Masculin féminin](https://movie.douban.com/subject/1300522/),1966,8.0, 让-吕克·戈达尔, 让-皮埃尔·利奥德 / 香妲儿·戈雅 / 玛尔琳·若贝尔, 剧情, 法国/瑞典
465,1966年,5,[短发男人 De man die zijn haar kort liet knippen](https://movie.douban.com/subject/2300409/),1965, , 安德烈·德尔沃, Senne Rouffaer / 贝娅塔·蒂希基维茨 / Hector Camerlynck, 剧情, 比利时
466,1966年,6,[七女人 7 Women](https://movie.douban.com/subject/1825702/),1966,7.3, 约翰·福特, 安妮·班克罗夫特 / 苏·莱恩 / 玛格丽特·莱顿, 剧情, 美国
467,1966年,7,[路易十四的崛起 La prise de pouvoir par Louis XIV](https://movie.douban.com/subject/1303546/),1966,7.1, 罗伯托·罗西里尼, Jean-Marie Patte / Raymond Jourdan / Silvagni, 传记 / 历史, 法国
468,1966年,8,[冲破铁幕 Torn Curtain](https://movie.douban.com/subject/1301236/),1966,6.8, 阿尔弗雷德·希区柯克, 保罗·纽曼 / 朱莉·安德鲁斯 / 丽拉·柯卓娃, 惊悚, 美国
469,1966年,9,[龙虎大飞车 Red Line 7000](https://movie.douban.com/subject/1303548/),1965, , 霍华德·霍克斯, 詹姆斯·肯恩 / 劳拉·德文 / Gail Hire, 动作 / 剧情 / 运动, 美国
470,1966年,10,[口袋里的拳头 I pugni in tasca](https://movie.douban.com/subject/1401620/),1965,7.7, 马可·贝洛基奥, 洛乌·卡斯特尔 / 宝拉·皮塔格拉 / 马里诺·梅瑟, 剧情, 意大利
471,1965年,1,[狂人皮埃罗 Pierrot le fou](https://movie.douban.com/subject/1292533/),1965.0,8.4, 让-吕克·戈达尔, 让-保罗·贝尔蒙多 / 安娜·卡里娜 / 贾泽拉·加瓦尼, 剧情 / 爱情 / 犯罪, 法国/意大利
472,1965年,2,[北斗七星 Vaghe stelle dell'Orsa...](https://movie.douban.com/subject/1303547/),1965.0,7.5, 卢基诺·维斯康蒂, 克劳迪娅·卡汀娜 / 让·索雷尔 / 迈克尔·克雷格, 剧情 / 悬疑, 意大利/法国
473,1965年,3,[冬日之光 Nattvardsgästerna](https://movie.douban.com/subject/1296792/),1963.0,8.3, 英格玛·伯格曼, 古纳尔·布约恩施特兰德 / 马克斯·冯·叙多夫 / 英格丽·图林, 剧情, 瑞典
474,1965年,4,[六大导演看巴黎 Paris vu par...](https://movie.douban.com/subject/1293557/),1965.0,8.1, 克洛德·夏布洛尔 / 让·杜歇 / 让-吕克·戈达尔 / 让·丹尼尔·波莱 / 埃里克·侯麦 / 让·鲁什, 让-皮埃尔·安德烈尼 / 斯特凡·奥德朗 / Nadine Ballot, 喜剧 / 剧情, 法国
475,1965年,5,"[阿尔法城 Alphaville, une étrange aventure de Lemmy Caution](https://movie.douban.com/subject/1316524/)",1965.0,7.8, 让-吕克·戈达尔, 埃迪·康斯坦丁 / 安娜·卡里娜 / 阿基姆·坦米罗夫, 剧情 / 科幻 / 悬疑, 法国/意大利
476,1965年,6,[莉莉斯 Lilith](https://movie.douban.com/subject/1889971/),1964.0,7.9, 罗伯特·罗森, 沃伦·比蒂 / 珍·茜宝 / 彼得·方达, 剧情, 美国
477,1965年,7,[恐怖走廊 Shock Corridor](https://movie.douban.com/subject/1298471/),1963.0,7.7, 塞缪尔·富勒, 彼得·布瑞克 / 康斯坦丝·陶尔斯 / 吉恩·埃文斯, 剧情 / 悬疑, 美国
478,1965年,8,[家庭珠宝 The Family Jewels](https://movie.douban.com/subject/1958458/),1965.0,6.6, 杰瑞·刘易斯, 杰瑞·刘易斯 / 塞巴斯蒂安·卡伯特 / 尼尔·哈弥尔顿, 喜剧, 美国
479,1965年,9,[马太福音 Il vangelo secondo Matteo](https://movie.douban.com/subject/1299775/),1964.0,8.4, 皮埃尔·保罗·帕索里尼, 恩里克·伊拉佐奎 / 玛格丽塔·卡鲁索 / Susanna Pasolini, 剧情 / 传记 / 历史, 意大利/法国
480,1965年,10,[幸福 Le bonheur](https://movie.douban.com/subject/1483516/),1965.0,8.3, 阿涅斯·瓦尔达, 让-克洛德·德鲁奥 / 玛丽-弗朗斯·布瓦耶 / 马克·埃罗, 剧情 / 爱情, 法国
481,1964年,1,[法外之徒 Bande à part](https://movie.douban.com/subject/1401588/),1964.0,8.6, 让-吕克·戈达尔, 安娜·卡里娜 / 达妮埃尔·吉拉尔 / 路易莎·科尔佩恩, 犯罪 / 剧情, 法国
482,1964年,2,[葛楚 Gertrud](https://movie.douban.com/subject/1420116/),1964.0,8.1, 卡尔·西奥多·德莱叶, 尼娜·彭斯·罗德 / 本特·罗斯 / 埃贝·罗德, 剧情, 丹麦
483,1964年,3,[艳贼 Marnie](https://movie.douban.com/subject/1298442/),1964.0,7.3, 阿尔弗雷德·希区柯克, 蒂比·海德莉 / 马丁·加贝尔 / 肖恩·康纳利, 剧情 / 爱情 / 悬疑, 美国
484,1964年,4,[已婚女人 Une femme mariée](https://movie.douban.com/subject/1303550/),1964.0,7.5, 让-吕克·戈达尔, 玛莎·梅赫勒 / 贝尔纳·诺埃尔 / 菲利普·勒鲁瓦, 剧情, 法国
485,1964年,5,[湖畔春晓 Man's Favorite Sport?](https://movie.douban.com/subject/1303551/),1964.0,7.2, 霍华德·霍克斯, 罗克·赫德森 / 宝拉·普林蒂丝 / 玛利亚·珀丝齐, 喜剧 / 爱情, 美国
486,1964年,6,[红色沙漠 Il deserto rosso](https://movie.douban.com/subject/1299261/),1964.0,8.0, 米开朗基罗·安东尼奥尼, 莫妮卡·维蒂 / 理查德·哈里斯 / Carlo Chionetti, 剧情, 意大利/法国
487,1964年,7,"[美国，美国 America, America](https://movie.douban.com/subject/1469159/)",1963.0,8.3, 伊利亚·卡赞, 斯塔西斯·加埃里斯 / 弗兰克·沃尔夫 / 埃莱娜·卡拉姆, 剧情, 美国
488,1964年,8,[沉默 Tystnaden](https://movie.douban.com/subject/1300958/),1963.0,8.3, 英格玛·伯格曼, 英格丽·图林 / 古内尔·林德布洛姆 / 约根·林德斯特伦, 剧情, 瑞典
489,1964年,9,[这些女人 För att inte tala om alla dessa kvinnor](https://movie.douban.com/subject/1303552/),1964.0,6.7, 英格玛·伯格曼, 毕比·安德松 / 哈里特·安德森 / 伊娃·达尔贝克, 喜剧, 瑞典
490,1964年,10,[仆人 The Servant](https://movie.douban.com/subject/1303553/),1963.0,8.2, 约瑟夫·罗西, 德克·博加德 / 莎拉·米尔斯 / 温蒂·克雷格, 剧情, 英国
491,1963年,1,[蔑视 Le mépris](https://movie.douban.com/subject/1303555/),1963.0,7.7, 让-吕克·戈达尔, 碧姬·芭铎 / 米歇尔·皮科利 / 杰克·帕兰斯, 剧情 / 爱情, 法国/意大利
492,1963年,2,[群鸟 The Birds](https://movie.douban.com/subject/1310175/),1963.0,8.1, 阿尔弗雷德·希区柯克, 罗德·泰勒 / 杰西卡·坦迪 / 苏珊娜·普莱舍特, 悬疑 / 惊悚 / 灾难, 美国
493,1963年,3,[泯灭天使 El ángel exterminador](https://movie.douban.com/subject/1303556/),1962.0,8.3, 路易斯·布努埃尔, 西尔维娅·皮纳尔 / 恩里克·兰巴尔 / 克劳迪奥·布鲁克, 喜剧 / 剧情 / 奇幻 / 悬疑, 墨西哥
494,1963年,4,[再见菲律宾 Adieu Philippine](https://movie.douban.com/subject/1481105/),1962.0,7.7, 雅克·罗齐耶, Jean-Claude Aimini / Daniel Descamps / Stefania Sabatini, 剧情 / 爱情, 法国/意大利
495,1963年,5,[圣女贞德的审判 Procès de Jeanne d'Arc](https://movie.douban.com/subject/1303549/),1962.0,7.9, 罗伯特·布列松, 弗洛朗丝·德莱 / 让-克洛德·富尔诺 / Roger Honorat, 剧情 / 传记 / 历史, 法国
496,1963年,6,[莫里埃尔 Muriel ou Le temps d'un retour](https://movie.douban.com/subject/1293844/),1963.0,7.7, 阿伦·雷乃, 德菲因·塞里格 / 让-皮埃尔·凯里安 / 妮特·克莱因, 剧情, 法国/意大利
497,1963年,7,[疯狂教授 The Nutty Professor](https://movie.douban.com/subject/1295944/),1963.0,6.7, 杰瑞·刘易斯, 杰瑞·刘易斯 / 斯黛拉·斯蒂文斯 / 德尔穆尔, 喜剧 / 科幻, 美国
498,1963年,8,[卡宾枪手 Les carabiniers](https://movie.douban.com/subject/1401580/),1963.0,7.4, 让-吕克·戈达尔, 马里诺·梅瑟 / Patrice Moullet / Geneviève Galéa, 喜剧 / 剧情 / 战争, 法国/意大利
499,1963年,9,[龙头之死 Salvatore Giuliano](https://movie.douban.com/subject/1401612/),1962.0,7.6, 弗朗西斯科·罗西, 萨尔沃·兰多纳 / 弗兰克·沃尔夫, 犯罪 / 剧情 / 历史 / 悬疑 / 战争, 意大利
500,1963年,10,[八部半 8½](https://movie.douban.com/subject/1361276/),1963.0,8.6, 费德里科·费里尼, 马塞洛·马斯楚安尼 / 克劳迪娅·卡汀娜 / 阿努克·艾梅, 剧情, 意大利/法国
501,1962年,1,[随心所欲 Vivre sa vie: Film en douze tableaux](https://movie.douban.com/subject/1296757/),1962.0,8.5, 让-吕克·戈达尔, 安娜·卡里娜 / 萨德·里波特 / 安德烈·S·拉巴尔特, 剧情, 法国
502,1962年,2,[祖与占 Jules et Jim](https://movie.douban.com/subject/1292338/),1962.0,8.4, 弗朗索瓦·特吕弗, 让娜·莫罗 / 奥斯卡·威内尔 / 亨利·赛尔, 剧情 / 爱情, 法国
503,1962年,3,[哈泰利 Hatari!](https://movie.douban.com/subject/1293484/),1962.0,7.8, 霍华德·霍克斯, 约翰·韦恩 / 哈迪·克鲁格 / 爱尔莎·玛蒂妮利, 动作 / 冒险 / 剧情 / 爱情, 美国
504,1962年,4,[维莉蒂安娜 Viridiana](https://movie.douban.com/subject/1303557/),1961.0,8.6, 路易斯·布努埃尔, 西尔维娅·皮纳尔 / 弗朗西斯科·拉瓦尔 / 费尔南多·雷伊, 剧情, 西班牙/墨西哥
505,1962年,5,[狮子星座 Le signe du lion](https://movie.douban.com/subject/1385500/),1962.0,7.5, 埃里克·侯麦, 杰斯·哈恩 / 米歇尔·吉拉尔顿 / 范都德, 剧情, 法国
506,1962年,6,[狂澜春醒 Wild River](https://movie.douban.com/subject/1958453/),1960.0,7.3, 伊利亚·卡赞, 蒙哥马利·克利夫特 / 丽·莱米克 / 乔·范·弗利特, 剧情 / 爱情, 美国
507,1962年,7,[审判 Le procès](https://movie.douban.com/subject/1303554/),1962.0,8.6, 奥逊·威尔斯, 安东尼·博金斯 / 阿诺尔多·弗阿 / 杰斯·哈恩, 剧情 / 悬疑 / 惊悚, 法国/意大利/西德
508,1962年,8,[犹在镜中 Såsom i en spegel](https://movie.douban.com/subject/1302488/),1961.0,8.4, 英格玛·伯格曼, 哈里特·安德森 / 古纳尔·布约恩施特兰德 / 马克斯·冯·叙多夫, 剧情, 瑞典
509,1962年,9,[逃兵 Le Caporal épinglé](https://movie.douban.com/subject/1466136/),1962.0,8.1, 让·雷诺阿, 让-皮埃尔·卡塞尔 / 克洛德·布拉瑟 / 克洛德·里什, 喜剧 / 剧情, 法国
510,1962年,10,[瓦尼娜·瓦尼尼 Vanina Vanini](https://movie.douban.com/subject/1958454/),1961.0, , 罗伯托·罗西里尼, 桑德拉·米洛 / 洛朗·特兹弗 / 玛蒂妮·卡洛, 剧情, 意大利/法国
511,1961年,1,[萝拉 Lola](https://movie.douban.com/subject/1471815/),1961.0,7.9, 雅克·德米, 阿努克·艾梅 / Marc Michel / 雅克·阿尔当, 剧情 / 爱情, 法国/意大利
512,1961年,2,[女人就是女人 Une femme est une femme](https://movie.douban.com/subject/1293849/),1961.0,8.1, 让-吕克·戈达尔, 让-克洛德·布里亚利 / 安娜·卡里娜 / 让-保罗·贝尔蒙多, 喜剧 / 剧情 / 歌舞 / 爱情, 法国/意大利
513,1961年,3,[巴黎属于我们 Paris nous appartient](https://movie.douban.com/subject/1477853/),1961.0,7.2, 雅克·里维特, 贝蒂·施奈德 / 贾尼·埃斯波西托 / 弗朗索瓦丝·普雷沃斯特, 悬疑, 法国
514,1961年,4,[洛可兄弟 Rocco e i suoi fratelli](https://movie.douban.com/subject/1303558/),1960.0,8.4, 卢基诺·维斯康蒂, 阿兰·德龙 / 雷纳托·萨尔瓦托雷 / 安妮·吉拉尔多, 犯罪 / 剧情, 法国/意大利
515,1961年,5,[新平家物语 新·平家物語](https://movie.douban.com/subject/1303565/),1955.0,7.3, 沟口健二, 市川雷藏 / 林成年 / 石黑达也, 剧情, 日本
516,1961年,6,[哭泣的马 Дорогой ценой](https://movie.douban.com/subject/1958451/),1968.0, , Mark Donskoy, Vera Donskaya / Yuri Dedovich / Ivan Tverdokhleb, 剧情, 苏联
517,1961年,7,[夜 La notte](https://movie.douban.com/subject/1361252/),1961.0,8.8, 米开朗基罗·安东尼奥尼, 马塞洛·马斯楚安尼 / 让娜·莫罗 / 莫妮卡·维蒂, 剧情 / 爱情, 意大利/法国
518,1961年,8,[去年在马里昂巴德 L'année dernière à Marienbad](https://movie.douban.com/subject/1400240/),1961.0,8.3, 阿伦·雷乃, 德菲因·塞里格 / 乔治·阿尔贝塔齐 / 萨夏·皮托埃夫, 剧情 / 爱情 / 悬疑, 法国/意大利
519,1961年,9,[孽海痴魂 Elmer Gantry](https://movie.douban.com/subject/1293813/),1960.0,7.7, 理查德·布鲁克斯, 伯特·兰卡斯特 / 简·西蒙斯 / 阿瑟·肯尼迪, 剧情, 美国
520,1961年,10,[马上双雄 Two Rode Together](https://movie.douban.com/subject/1299660/),1961.0,6.8, 约翰·福特, 詹姆斯·斯图尔特 / 理查德·威德马克 / 雪莉·琼斯, 西部, 美国
521,1960年,1,[山椒大夫](https://movie.douban.com/subject/1303573/),1954.0,8.1, 沟口健二, 田中绢代 / 香川京子 / 菅井一郎, 剧情, 日本
522,1960年,2,[奇遇 L'avventura](https://movie.douban.com/subject/1389923/),1960.0,8.2, 米开朗基罗·安东尼奥尼, 加布里埃尔·费泽蒂 / 莫妮卡·维蒂 / 蕾雅·马萨利, 剧情 / 悬疑, 意大利/法国
523,1960年,3,[精疲力尽 À bout de souffle](https://movie.douban.com/subject/1353745/),1960.0,8.4, 让-吕克·戈达尔, 珍·茜宝 / 让-保罗·贝尔蒙多 / 达尼埃尔·布朗热, 剧情 / 爱情 / 犯罪, 法国
524,1960年,4,[射杀钢琴师 Tirez sur le pianiste](https://movie.douban.com/subject/1298095/),1960.0,7.8, 弗朗索瓦·特吕弗, 查尔·阿兹纳弗 / 玛丽·杜布瓦 / 妮科尔·贝尔热, 剧情 / 惊悚 / 爱情 / 犯罪, 法国
525,1960年,5,[海洋之诗 Поэма о море](https://movie.douban.com/subject/1958443/),1958.0,7.6, 尤丽娅·索恩采娃, 鲍里斯·安德烈耶夫 / Yevgeni Bondarenko / Yevgeni Gurov, 剧情, 苏联
526,1960年,6,[好女人们 Les bonnes femmes](https://movie.douban.com/subject/1424605/),1960.0,7.7, 克洛德·夏布洛尔, 贝纳德特·拉封 / 克洛蒂尔德·若阿诺 / 斯特凡·奥德朗, 剧情 / 悬疑 / 爱情, 法国
527,1960年,6,[纳萨林 Nazarín](https://movie.douban.com/subject/1303560/),1959.0,7.6, 路易斯·布努埃尔, 弗朗西斯科·拉瓦尔 / 玛格·洛佩兹 / 丽塔·马塞多, 剧情, 墨西哥
528,1960年,8,[慕理小镇 Moonfleet](https://movie.douban.com/subject/1303568/),1955.0,6.5, 弗里茨·朗, 斯图尔特·格兰杰 / 乔治·桑德斯 / 琼·格林伍德, 冒险 / 剧情, 美国
529,1960年,9,[惊魂记 Psycho](https://movie.douban.com/subject/1293181/),1960.0,9.0, 阿尔弗雷德·希区柯克, 安东尼·博金斯 / 维拉·迈尔斯 / 约翰·加文, 悬疑 / 惊悚 / 恐怖, 美国
530,1960年,10,[洞 Le trou](https://movie.douban.com/subject/1424334/),1960.0,9.2, 雅克·贝克, 马克·米歇尔 / 吉恩·凯乐蒂 / 菲利普·勒鲁瓦, 犯罪 / 剧情 / 惊悚, 法国/意大利
531,1959年,1,[雨月物语 雨月物語](https://movie.douban.com/subject/1303577/),1953.0,8.6, 沟口健二, 田中绢代 / 森雅之 / 小泽荣太郎, 剧情 / 战争 / 奇幻, 日本
532,1959年,2,[广岛之恋 Hiroshima mon amour](https://movie.douban.com/subject/1302050/),1959.0,7.9, 阿伦·雷乃, 埃玛妞·丽娃 / 冈田英次 / 贝尔纳·弗雷松, 剧情 / 爱情 / 战争, 法国/日本
533,1959年,3,[伊凡雷帝 Иван Грозный](https://movie.douban.com/subject/1298182/),1944.0,8.0,谢尔盖·爱森斯坦,尼古拉·切尔卡索夫 / Lyudmila Tselikovskaya / Serafima Birman / 米哈伊尔·纳兹瓦诺夫 / 米哈伊尔·扎罗夫 / Amvrosi Buchma / 米哈伊尔·库兹涅佐夫 / 帕维尔·卡道奇尼科夫 / 安德烈·阿布里科索夫 / Maksim Mikhajlov / 弗拉基米尔·巴拉瑟夫 / 弗谢沃罗德·普多夫金 / 谢苗·铁木辛哥 / Aleksandr Rumnyov,传记 / 历史,苏联
534,1959年,3,[伊凡雷帝2 Иван Грозный 2: Боярский заговор](https://movie.douban.com/subject/1474367/),1958.0,8.2, 谢尔盖·爱森斯坦, 尼古拉·切尔卡索夫 / 帕维尔·卡道奇尼科夫 / 弗谢沃罗德·普多夫金, 传记 / 历史, 苏联
535,1959年,4,[扒手 Pickpocket](https://movie.douban.com/subject/1303559/),1959.0,8.3, 罗伯特·布列松, 马丁·拉萨尔 / 玛莉卡·格林 / Jean Pélégri, 剧情 / 犯罪, 法国
536,1959年,5,[四百击 Les quatre cents coups](https://movie.douban.com/subject/1300056/),1959.0,8.9, 弗朗索瓦·特吕弗, 让-皮埃尔·利奥德 / 克莱尔·莫里耶 / 阿尔贝·雷米, 犯罪 / 剧情, 法国
537,1959年,6,[赤胆屠龙 Rio Bravo](https://movie.douban.com/subject/1298497/),1959.0,8.1, 霍华德·霍克斯, 约翰·韦恩 / 迪恩·马丁 / 瑞奇·尼尔森, 剧情 / 喜剧 / 爱情 / 西部, 美国
538,1959年,7,[野草莓 Smultronstället](https://movie.douban.com/subject/1293071/),1957.0,8.8, 英格玛·伯格曼, 维克多·斯约斯特洛姆 / 毕比·安德松 / 英格丽·图林, 剧情 / 爱情 / 家庭, 瑞典
539,1959年,8,[迷魂记 Vertigo](https://movie.douban.com/subject/1297294/),1958.0,8.7, 阿尔弗雷德·希区柯克, 詹姆斯·斯图尔特 / 金·诺瓦克 / 芭芭拉·贝尔·戈迪斯, 爱情 / 悬疑 / 惊悚, 美国
540,1959年,9,[杨贵妃 楊貴妃](https://movie.douban.com/subject/1303564/),1955.0,6.2, 沟口健二, 京町子 / 森雅之 / 山村聪, 剧情 / 历史 / 爱情, 中国香港/日本
541,1959年,10,[孟加拉虎 Der Tiger von Eschnapur](https://movie.douban.com/subject/1441365/),1959.0,7.1, 弗里茨·朗, 黛博拉·佩吉特 / 保罗·霍布施米特 / 沃尔特·雷耶尔, 冒险 / 剧情 / 爱情 / 惊悚, 西德/法国/意大利
542,1958年,1,[历劫佳人 Touch of Evil](https://movie.douban.com/subject/1294756/),1958.0,8.1, 奥逊·威尔斯, 查尔顿·赫斯顿 / 珍妮特·利 / 奥逊·威尔斯, 犯罪 / 黑色电影 / 惊悚, 美国
543,1958年,2,[第七封印 Det sjunde inseglet](https://movie.douban.com/subject/1293234/),1957.0,8.5, 英格玛·伯格曼, 古纳尔·布约恩施特兰德 / 本特·埃切罗特 / 尼尔斯·波普, 剧情 / 奇幻, 瑞典
544,1958年,3,[白夜 Le notti bianche](https://movie.douban.com/subject/1303561/),1957.0,8.1, 卢基诺·维斯康蒂, 玛丽亚·雪儿 / 马塞洛·马斯楚安尼 / 让·马莱, 剧情 / 爱情, 意大利/法国
545,1958年,4,[呐喊 Il grido](https://movie.douban.com/subject/1293428/),1957.0,8.1, 米开朗基罗·安东尼奥尼, 史蒂夫·柯臣 / 阿莉达·瓦利 / 多里安·格雷, 剧情, 意大利/美国
546,1958年,5,[你好，忧愁 Bonjour tristesse](https://movie.douban.com/subject/1884837/),1958.0,7.1, 奥托·普雷明格, 黛博拉·蔻儿 / 大卫·尼文 / 珍·茜宝, 剧情, 美国/英国
547,1958年,6,[花都绮梦 Kvinnodröm](https://movie.douban.com/subject/1302075/),1955.0,7.6, 英格玛·伯格曼, 伊娃·达尔贝克 / 哈里特·安德森 / 古纳尔·布约恩施特兰德, 剧情, 瑞典
548,1958年,7,[她的一生 Une Vie](https://movie.douban.com/subject/1958436/),1958.0,7.6, 亚历山大·阿斯楚克, 玛丽亚·雪儿 / 克里斯蒂安·马康 / 帕斯卡尔·普缇, 剧情, 意大利/法国
549,1958年,8,[我的舅舅 Mon Oncle](https://movie.douban.com/subject/1400829/),1958.0,8.6, 雅克·塔蒂, 让·皮埃尔·佐拉 / Adrienne Servantie / Lucien Frégis, 喜剧, 意大利/法国
550,1958年,9,[安静的美国人 The Quiet American](https://movie.douban.com/subject/1958437/),1958.0,7.6, 约瑟夫·L·曼凯维奇, 奥迪·墨菲 / 迈克尔·雷德格瑞夫 / 克洛德·多芬, 剧情 / 爱情 / 惊悚 / 战争, 美国
551,1958年,10,[夏日插曲 Sommarlek](https://movie.douban.com/subject/1295389/),1951.0,7.7, 英格玛·伯格曼, 玛伊-布里特·尼尔松 / 比耶·马尔姆斯滕 / 阿尔夫·切森, 剧情 / 爱情, 瑞典
552,1957年,1,[纽约之王 A King in New York](https://movie.douban.com/subject/1293781/),1957.0,7.9, 查理·卓别林, 查理·卓别林 / 玛克辛·奥德丽 / 杰瑞·戴斯默德, 喜剧 / 剧情, 英国/美国
553,1957年,2,[成功之道 Will Success Spoil Rock Hunter?](https://movie.douban.com/subject/1844184/),1957.0,7.5, 弗兰克·塔许林, 简·曼斯费尔德 / 托尼·兰德尔 / 贝特西·德雷克, 喜剧, 美国
554,1957年,3,[卡比利亚之夜 Le notti di Cabiria](https://movie.douban.com/subject/1294781/),1957.0,9.1, 费德里科·费里尼, 朱丽叶塔·马西纳 / 弗朗索瓦·佩里埃 / 弗兰卡·马尔齐, 剧情, 意大利/法国
555,1957年,4,[伸冤记 The Wrong Man](https://movie.douban.com/subject/1301234/),1956.0,7.5, 阿尔弗雷德·希区柯克, 亨利·方达 / 维拉·迈尔斯 / 安东尼·奎尔, 犯罪 / 剧情 / 黑色电影, 美国
556,1957年,5,[犯罪生涯 Ensayo de un crimen](https://movie.douban.com/subject/1437408/),1955.0,7.8, 路易斯·布努埃尔, 米洛丝拉娃 / 埃内斯托·阿隆索 / 丽塔·马塞多, 喜剧 / 犯罪 / 剧情, 墨西哥
557,1957年,6,[小丑之夜 Gycklarnas afton](https://movie.douban.com/subject/1300957/),1953.0,8.0, 英格玛·伯格曼, 奥克·格伦贝里 / 哈里特·安德森 / 哈塞·埃克曼, 剧情, 瑞典
558,1957年,7,[高于生活 Bigger Than Life](https://movie.douban.com/subject/1855271/),1956.0,7.6, 尼古拉斯·雷, 詹姆斯·梅森 / 芭芭拉·拉什 / 沃尔特·马修, 剧情, 美国
559,1957年,8,[春风得意 The Girl Can't Help It](https://movie.douban.com/subject/1844182/),1956.0,7.3, 弗兰克·塔许林, 汤姆·伊威尔 / 简·曼斯费尔德 / 艾德蒙·奥布莱恩, 喜剧 / 音乐, 美国
560,1957年,9,[高度怀疑 Beyond A Reasonable Doubt](https://movie.douban.com/subject/1958434/),1956.0,7.3, 弗里茨·朗, 达纳·安德鲁斯 / 琼·芳登 / 西德尼·布莱克默, 犯罪 / 黑色电影 / 剧情, 美国
561,1957年,10,[十二怒汉 12 Angry Men](https://movie.douban.com/subject/1293182/),1957.0,9.4, 西德尼·吕美特, 亨利·方达 / 马丁·鲍尔萨姆 / 约翰·菲德勒, 剧情, 美国
562,1956年,1,[死囚越狱 Un Condamné à mort s'est échappé](https://movie.douban.com/subject/1303562/),1956.0,8.5, 罗伯特·布列松, 弗朗索瓦·莱特瑞尔 / 查尔斯·勒克莱恩 / 莫里斯·贝尔布洛克, 剧情 / 战争 / 惊悚, 法国
563,1956年,2,[艾琳娜和她的男人们 Elena et les hommes](https://movie.douban.com/subject/1303563/),1956.0,6.5, 让·雷诺阿, 英格丽·褒曼 / 梅尔·费勒 / 让·马莱, 喜剧 / 剧情 / 爱情, 法国/意大利
564,1956年,3,[无因的反叛 Rebel Without a Cause](https://movie.douban.com/subject/1295416/),1955.0,8.0, 尼古拉斯·雷, 詹姆斯·迪恩 / 娜塔莉·伍德 / 萨尔·米涅奥, 剧情, 美国
565,1956年,4,[阿卡丁先生 Mr. Arkadin](https://movie.douban.com/subject/1303567/),1955.0,7.8, 奥逊·威尔斯, 奥逊·威尔斯 / 迈克尔·雷德格瑞夫 / 帕特丽夏·梅迪纳, 剧情 / 犯罪 / 黑色电影, 法国/西班牙/瑞士
566,1956年,5,[战国妖姬 Senso](https://movie.douban.com/subject/1303572/),1954.0,7.3, 卢基诺·维斯康蒂, 法利·格兰杰 / 阿莉达·瓦利 / 马西莫·吉洛蒂, 剧情 / 历史 / 爱情 / 战争, 意大利
567,1956年,6,[夏夜的微笑 Sommarnattens leende](https://movie.douban.com/subject/1298494/),1955.0,7.7, 英格玛·伯格曼, 厄拉·亚科布松 / 伊娃·达尔贝克 / 哈里特·安德森, 喜剧 / 爱情, 瑞典
568,1956年,7,[骗子 Il bidone](https://movie.douban.com/subject/1303571/),1955.0,8.1, 费德里科·费里尼, 布罗德里克·克劳福德 / 朱丽叶塔·马西纳 / 理查德·贝斯哈特, 剧情 / 喜剧, 意大利/法国
569,1956年,8,[爱情 L'amore](https://movie.douban.com/subject/1763626/),1948.0,7.4, 罗伯托·罗西里尼, 安娜·马尼亚尼 / 费德里科·费里尼 / 佩帕罗洛, 剧情, 意大利
570,1956年,9,[野餐 Picnic](https://movie.douban.com/subject/1298015/),1955.0,7.0, 乔舒亚·洛根, 威廉·霍尔登 / 金·诺瓦克 / 贝蒂·菲尔德, 剧情 / 爱情, 美国
571,1956年,10,[不安 Non credo più all'amore (La paura)](https://movie.douban.com/subject/1303574/),1954.0,7.0, 罗伯托·罗西里尼, 英格丽·褒曼 / 马蒂亚斯·维曼 / 雷娜特·曼哈特, 剧情, 西德/意大利
572,1955年,1,[游览意大利 Viaggio in Italia](https://movie.douban.com/subject/1303576/),1954.0,7.8, 罗伯托·罗西里尼, 英格丽·褒曼 / 乔治·桑德斯 / Leslie Daniels, 剧情, 法国/意大利
573,1955年,2,[词语 Ordet](https://movie.douban.com/subject/1303566/),1955.0,8.3, 卡尔·西奥多·德莱叶, Hanne Agesen / Kirsten Andreasen / Sylvia Eckhausen, 剧情, 丹麦
574,1955年,3,[大刀 The Big Knife](https://movie.douban.com/subject/1303570/),1955.0,7.2, 罗伯特·奥尔德里奇, 杰克·帕兰斯 / 艾达·卢皮诺 / 温戴尔·柯瑞, 剧情 / 黑色电影, 美国
575,1955年,4,[劳拉·蒙特斯 Lola Montès](https://movie.douban.com/subject/1293401/),1955.0,7.8, 马克斯·奥菲尔斯, 玛蒂妮·卡洛 / 彼得·乌斯蒂诺夫 / 安东·沃尔布鲁克, 传记 / 剧情 / 爱情, 法国/西德
576,1955年,5,[后窗 Rear Window](https://movie.douban.com/subject/1299080/),1954.0,8.7, 阿尔弗雷德·希区柯克, 詹姆斯·斯图尔特 / 格蕾丝·凯利 / 温戴尔·柯瑞, 悬疑 / 惊悚, 美国
577,1955年,6,[糟糕的相遇 Les mauvaises rencontres](https://movie.douban.com/subject/1958429/),1955.0, , 亚历山大·阿斯楚克, 让-克洛德·帕斯卡 / 阿努克·艾梅 / Gaby Sylvia, 剧情, 法国
578,1955年,7,[大路 La strada](https://movie.douban.com/subject/1292719/),1954.0,8.9, 费德里科·费里尼, 安东尼·奎恩 / 朱丽叶塔·马西纳 / 理查德·贝斯哈特, 剧情, 意大利
579,1955年,8,[赤足天使 The Barefoot Contessa](https://movie.douban.com/subject/1303303/),1954.0,7.3, 约瑟夫·L·曼凯维奇, 亨弗莱·鲍嘉 / 艾娃·加德纳 / 艾德蒙·奥布莱恩, 剧情 / 犯罪 / 悬疑 / 爱情, 意大利/美国
580,1955年,9,[荒漠怪客 Johnny Guitar](https://movie.douban.com/subject/1303575/),1954.0,7.8, 尼古拉斯·雷, 琼·克劳馥 / 斯特林·海登 / 梅赛德丝·麦坎布雷奇, 剧情 / 西部, 美国
581,1955年,10,[死吻 Kiss Me Deadly](https://movie.douban.com/subject/1303569/),1955.0,7.0, 罗伯特·奥尔德里奇, 拉尔夫·米克 / 阿尔伯特·德科 / 保罗·斯图尔特, 犯罪 / 剧情 / 黑色电影 / 惊悚, 美国
582,1954年,1,[他 El](https://movie.douban.com/subject/1401598/),1953,7.5, 路易斯·布努埃尔, 阿图罗·德·科尔多瓦 / 德利娅·加尔塞斯 / 奥萝拉·瓦尔克, 剧情 / 爱情, 墨西哥
583,1954年,2,[钱财勿动 Touchez pas au grisbi](https://movie.douban.com/subject/1304495/),1954,7.3, 雅克·贝克, 让·迦本 / 勒内·达里 / 多拉·多尔, 剧情 / 犯罪, 法国/意大利
584,1954年,3,[相逢 Monsieur Ripois](https://movie.douban.com/subject/1304803/),1954, , 雷内·克莱芒, 钱拉·菲利普 / 瓦莱莉娅·霍布森 / 琼·格林伍德, 喜剧 / 剧情, 法国/英国
585,1954年,4,[飞车党 The Wild One](https://movie.douban.com/subject/1296478/),1953,7.2, 拉斯洛·拜奈代克, 马龙·白兰度 / 玛丽·墨菲 / 罗伯特·基思, 剧情, 美国
586,1954年,5,[绅士爱美人 Gentlemen Prefer Blondes](https://movie.douban.com/subject/1294244/),1953,7.9, 霍华德·霍克斯, 简·拉塞尔 / 玛丽莲·梦露 / 查尔斯·科本, 喜剧 / 剧情 / 歌舞 / 爱情, 美国
587,1954年,6,[浪荡儿 I vitelloni](https://movie.douban.com/subject/1300779/),1953,8.4, 费德里科·费里尼, 弗朗科·英特朗吉 / 阿尔贝托·索尔迪 / 佛朗哥·法布里齐, 剧情 / 喜剧, 意大利/法国
588,1954年,7,[模特儿趣事 It Should Happen to You](https://movie.douban.com/subject/1295628/),1954,7.3, 乔治·库克, 朱迪·霍利德 / 彼特·劳福德 / 杰克·莱蒙, 喜剧 / 爱情, 美国
589,1954年,8,[蓝色栀子 The Blue Gardenia](https://movie.douban.com/subject/2061678/),1953,6.9, 弗里茨·朗, 安妮·巴克斯特 / 理查德·康特 / 安·萨森, 犯罪 / 剧情 / 黑色电影 / 悬疑 / 惊悚, 美国
590,1954年,9,[鲁宾逊漂流记 Robinson Crusoe](https://movie.douban.com/subject/1401596/),1954,7.3, 路易斯·布努埃尔, 菲利普·德·阿尔巴 / 何塞·查韦斯 / 海梅·费尔南德斯, 冒险 / 剧情, 墨西哥
591,1954年,10,[母亲 おかあさん](https://movie.douban.com/subject/1404698/),1952,8.0, 成濑巳喜男 (Mikio Naruse), 田中绢代 / 香川京子, 剧情, 日本
592,1951年,1,[大河 The River](https://movie.douban.com/subject/1416677/),1951.0,7.6, 让·雷诺阿, 托马斯·E·布林 / Suprova Mukerjee / 帕特里夏·沃尔特斯, 剧情 / 爱情, 法国/美国/印度
593,1951年,2,[乡村牧师日记 Journal d'un curé de campagne](https://movie.douban.com/subject/1401618/),1951.0,8.2, 罗伯特·布列松, 克罗德·莱杜 / 让·里韦尔 / Adrien Borel, 剧情, 法国
594,1951年,3,[米兰的奇迹 Miracolo a Milano](https://movie.douban.com/subject/1303578/),1951.0,7.9, 维托里奥·德西卡, 埃玛·格拉马蒂卡 / Francesco Golisano / 保罗·斯托帕, 剧情 / 奇幻 / 喜剧, 意大利
595,1951年,4,[被遗忘的人们 Los Olvidados](https://movie.douban.com/subject/1303579/),1950.0,8.3, 路易斯·布努埃尔, Estela Inda / Alfonso Mejía / Roberto Cobo, 犯罪 / 剧情, 墨西哥
596,1951年,5,[彗星美人 All About Eve](https://movie.douban.com/subject/1401385/),1950.0,8.7, 约瑟夫·L·曼凯维奇, 贝蒂·戴维斯 / 安妮·巴克斯特 / 乔治·桑德斯, 剧情, 美国
597,1951年,6,[朱丽小姐 Fröken Julie](https://movie.douban.com/subject/1471839/),1951.0,7.8, 阿尔夫·斯约堡, 安尼塔·布耶尔克 / 乌尔夫·帕姆 / Märta Dorff, 剧情, 瑞典
598,1951年,7,[某种爱的纪录 Cronaca di un amore](https://movie.douban.com/subject/1303581/),1950.0,7.2, 米开朗基罗·安东尼奥尼, 露西娅·波塞 / 马西莫·吉洛蒂 / 费迪南多·萨尔米, 犯罪 / 剧情 / 爱情, 意大利
599,1951年,8,[日落大道 Sunset Blvd.](https://movie.douban.com/subject/1298733/),1950.0,8.8, 比利·怀尔德, 威廉·霍尔登 / 葛洛丽亚·斯旺森 / 埃里克·冯·施特罗海姆, 剧情 / 黑色电影, 美国
600,1951年,9,[爱德华与卡罗琳 Édouard et Caroline](https://movie.douban.com/subject/1958427/),1951.0,7.4, 雅克·贝克, 丹尼尔·盖林 / 安妮·维尔侬 / 伊莲娜·劳波蒂尔, 喜剧, 法国
601,1951年,10,"[圣弗朗西斯之花 Francesco, giullare di Dio](https://movie.douban.com/subject/1303580/)",1950.0,7.9, 罗伯托·罗西里尼, 阿尔多·法布里齐 / 詹弗兰科·贝利尼 / 佩帕罗洛, 剧情 / 传记 / 历史, 意大利
