Group 分类,Rank 排名,Title 电影,ID 豆瓣,Score 打分,Staff 人员,Region 地区
豆瓣2016评分最高的|华语电影,1,驴得水,[25921812](https://movie.douban.com/subject/25921812/),8.3,周申 / 任素汐 / 大力,中国大陆
豆瓣2016评分最高的|华语电影,2,湄公河行动,[25815034](https://movie.douban.com/subject/25815034/),8.0,林超贤 / 张涵予 / 彭于晏,中国大陆 中国香港
豆瓣2016评分最高的|华语电影,3,树大招风 / 樹大招風,[26265170](https://movie.douban.com/subject/26265170/),8.1,许学文 / 林家栋 / 任贤齐,中国香港 中国大陆
豆瓣2016评分最高的|华语电影,4,百鸟朝凤,[10831445](https://movie.douban.com/subject/10831445/),8.3,吴天明 / 陶泽如 / 李岷城,中国大陆
豆瓣2016评分最高的|华语电影,5,幸运是我 / 幸運是我,[26351526](https://movie.douban.com/subject/26351526/),8.0,罗耀辉 / 惠英红 / 陈家乐,中国香港 中国大陆
豆瓣2016评分最高的|华语电影,6,罗曼蒂克消亡史,[24751763](https://movie.douban.com/subject/24751763/),7.7,程耳 / 葛优 / 章子怡,中国大陆 中国香港
豆瓣2016评分最高的|华语电影,7,路边野餐,[26337866](https://movie.douban.com/subject/26337866/),8.0,毕赣 / 陈永忠 / 谢理循,中国大陆
豆瓣2016评分最高的|华语电影,8,七月与安生,[25827935](https://movie.douban.com/subject/25827935/),7.5,曾国祥 / 周冬雨 / 马思纯,中国大陆 中国香港
豆瓣2016评分最高的|华语电影,9,追凶者也,[26284621](https://movie.douban.com/subject/26284621/),7.9,曹保平 / 刘烨 / 张译,中国大陆
豆瓣2016评分最高的|华语电影,10,踏血寻梅 / 踏血尋梅,[25966085](https://movie.douban.com/subject/25966085/),7.6,翁子光 / 郭富城 / 春夏,中国香港
 , , , , , , 
豆瓣2016评分最高的|外语电影,1,血战钢锯岭 / Hacksaw Ridge,[26325320](https://movie.douban.com/subject/26325320/),8.7,梅尔·吉布森 / 安德鲁·加菲尔德 / 萨姆·沃辛顿,澳大利亚 美国
豆瓣2016评分最高的|外语电影,2,一个叫欧维的男人决定去死 / En man som heter Ove,[26628357](https://movie.douban.com/subject/26628357/),8.9,汉内斯·赫尔姆 / 罗夫·拉斯加德 / 巴哈·帕斯,瑞典
豆瓣2016评分最高的|外语电影,3,比利·林恩的中场战事 / Billy Lynn's Long Halftime Walk,[25983044](https://movie.douban.com/subject/25983044/),8.3,李安 / 乔·阿尔文 / 加内特·赫德兰,美国 英国 中国大陆
豆瓣2016评分最高的|外语电影,4,完美陌生人 / Perfetti sconosciuti,[26614893](https://movie.douban.com/subject/26614893/),8.5,保罗·杰诺维塞 / 马可·贾利尼 / 卡夏·斯穆特尼亚克,意大利
豆瓣2016评分最高的|外语电影,5,萨利机长 / Sully,[26416603](https://movie.douban.com/subject/26416603/),8.3,克林特·伊斯特伍德 / 汤姆·汉克斯 / 艾伦·艾克哈特,美国
豆瓣2016评分最高的|外语电影,6,大空头 / The Big Short,[26303622](https://movie.douban.com/subject/26303622/),8.5,亚当·麦凯 / 克里斯蒂安·贝尔 / 史蒂夫·卡瑞尔,美国
豆瓣2016评分最高的|外语电影,7,初恋这首情歌 / Sing Street,[25855071](https://movie.douban.com/subject/25855071/),8.2,约翰·卡尼 / 福迪亚·瓦尔什-匹罗 / 露西·宝通,爱尔兰 英国 美国
豆瓣2016评分最高的|外语电影,8,神奇动物在哪里 / Fantastic Beasts and Where to Find Them,[25726614](https://movie.douban.com/subject/25726614/),7.7,大卫·叶茨 / 埃迪·雷德梅恩 / 凯瑟琳·沃特斯顿,英国 美国
豆瓣2016评分最高的|外语电影,9,X战警：天启 / X-Men: Apocalypse,[25786060](https://movie.douban.com/subject/25786060/),7.7,布莱恩·辛格 / 詹姆斯·麦卡沃伊 / 迈克尔·法斯宾德,美国
豆瓣2016评分最高的|外语电影,10,奇异博士 / Doctor Strange,[3025375](https://movie.douban.com/subject/3025375/),7.6,斯科特·德瑞克森 / 本尼迪克特·康伯巴奇 / 蒂尔达·斯文顿,美国
 , , , , , , 
豆瓣2016最受关注的|院线电影,1,疯狂动物城 / Zootopia,[25662329](https://movie.douban.com/subject/25662329/),9.2,拜伦·霍华德 / 金妮弗·古德温 / 杰森·贝特曼,美国
豆瓣2016最受关注的|院线电影,2,美人鱼,[19944106](https://movie.douban.com/subject/19944106/),6.7,周星驰 / 邓超 / 罗志祥,中国大陆 中国香港
豆瓣2016最受关注的|院线电影,3,你的名字。 / 君の名は。,[26683290](https://movie.douban.com/subject/26683290/),8.5,新海诚 / 神木隆之介 / 上白石萌音,日本
豆瓣2016最受关注的|院线电影,4,湄公河行动,[25815034](https://movie.douban.com/subject/25815034/),8.0,林超贤 / 张涵予 / 彭于晏,中国大陆 中国香港
豆瓣2016最受关注的|院线电影,5,美国队长3 / Captain America: Civil War,[25820460](https://movie.douban.com/subject/25820460/),7.9,安东尼·罗素 / 克里斯·埃文斯 / 小罗伯特·唐尼,美国
豆瓣2016最受关注的|院线电影,6,大鱼海棠,[5045678](https://movie.douban.com/subject/5045678/),7.0,梁旋 / 季冠霖 / 苏尚卿,中国大陆
豆瓣2016最受关注的|院线电影,7,神奇动物在哪里 / Fantastic Beasts and Where to Find Them,[25726614](https://movie.douban.com/subject/25726614/),7.7,大卫·叶茨 / 埃迪·雷德梅恩 / 凯瑟琳·沃特斯顿,英国 美国
豆瓣2016最受关注的|院线电影,8,七月与安生,[25827935](https://movie.douban.com/subject/25827935/),7.5,曾国祥 / 周冬雨 / 马思纯,中国大陆 中国香港
豆瓣2016最受关注的|院线电影,9,X战警：天启 / X-Men: Apocalypse,[25786060](https://movie.douban.com/subject/25786060/),7.7,布莱恩·辛格 / 詹姆斯·麦卡沃伊 / 迈克尔·法斯宾德,美国
豆瓣2016最受关注的|院线电影,10,魔兽 / Warcraft,[2131940](https://movie.douban.com/subject/2131940/),7.7,邓肯·琼斯 / 崔维斯·费米尔 / 托比·凯贝尔,美国 中国大陆 加拿大 日本
 , , , , , , 
豆瓣2016最受关注的|非院线电影,1,釜山行 / 부산행,[25986180](https://movie.douban.com/subject/25986180/),8.6,延尚昊 / 孔刘 / 郑有美,韩国
豆瓣2016最受关注的|非院线电影,2,死侍 / Deadpool,[3718279](https://movie.douban.com/subject/3718279/),7.9,蒂姆·米勒 / 瑞安·雷诺兹 / 莫蕾娜·巴卡琳,美国 加拿大
豆瓣2016最受关注的|非院线电影,3,完美陌生人 / Perfetti sconosciuti,[26614893](https://movie.douban.com/subject/26614893/),8.5,保罗·杰诺维塞 / 马可·贾利尼 / 卡夏·斯穆特尼亚克,意大利
豆瓣2016最受关注的|非院线电影,4,树大招风 / 樹大招風,[26265170](https://movie.douban.com/subject/26265170/),8.1,许学文 / 林家栋 / 任贤齐,中国香港 中国大陆
豆瓣2016最受关注的|非院线电影,5,小姐 / 아가씨,[25977027](https://movie.douban.com/subject/25977027/),8.5,朴赞郁 / 金敏喜 / 金泰梨,韩国
豆瓣2016最受关注的|非院线电影,6,踏血寻梅 / 踏血尋梅,[25966085](https://movie.douban.com/subject/25966085/),7.6,翁子光 / 郭富城 / 春夏,中国香港
豆瓣2016最受关注的|非院线电影,7,遇见你之前 / Me Before You,[25929151](https://movie.douban.com/subject/25929151/),8.1,西娅·夏罗克 / 艾米莉亚·克拉克 / 山姆·克拉弗林,英国 美国
豆瓣2016最受关注的|非院线电影,8,自杀小队 / Suicide Squad,[3569910](https://movie.douban.com/subject/3569910/),6.7,大卫·阿耶 / 威尔·史密斯 / 杰瑞德·莱托,美国
豆瓣2016最受关注的|非院线电影,9,隧道 / 터널,[26410594](https://movie.douban.com/subject/26410594/),7.9,金成勋 / 河正宇 / 裴斗娜,韩国
豆瓣2016最受关注的|非院线电影,10,一个叫欧维的男人决定去死 / En man som heter Ove,[26628357](https://movie.douban.com/subject/26628357/),8.9,汉内斯·赫尔姆 / 罗夫·拉斯加德 / 巴哈·帕斯,瑞典
 , , , , , , 
豆瓣2016年度|大陆独立佳作,1,不成问题的问题,[26657126](https://movie.douban.com/subject/26657126/),8.1,梅峰 / 范伟 / 殷桃,中国大陆 法国
豆瓣2016年度|大陆独立佳作,2,李文漫游东湖,[26306897](https://movie.douban.com/subject/26306897/),8.3,李珞 / 李文 / 左炎,中国大陆
豆瓣2016年度|大陆独立佳作,3,冈仁波齐,[26606242](https://movie.douban.com/subject/26606242/),7.7,张杨 / 尼玛扎堆 / 杨培,中国大陆
豆瓣2016年度|大陆独立佳作,4,河 / གཙང་པོ།,[26324750](https://movie.douban.com/subject/26324750/),7.9,松太加 / 央金拉姆 / 格日才旦,中国大陆
豆瓣2016年度|大陆独立佳作,5,喜丧,[26671361](https://movie.douban.com/subject/26671361/),8.8,张涛 / 郁凤云 / 王士兰,中国大陆 中国香港 法国
豆瓣2016年度|大陆独立佳作,6,中邪,[26820833](https://movie.douban.com/subject/26820833/),6.8,马凯 / 董天文 / 何佳,中国大陆
豆瓣2016年度|大陆独立佳作,7,八月,[26820836](https://movie.douban.com/subject/26820836/),7.1,张大磊 / 孔维一 / 张晨,中国大陆
豆瓣2016年度|大陆独立佳作,8,国界,[26821298](https://movie.douban.com/subject/26821298/),7.6,朴成镇 / 金兰熙 / 柳光荣,中国大陆
豆瓣2016年度|大陆独立佳作,9,诗人出差了,[26307759](https://movie.douban.com/subject/26307759/),7.2,雎安奇 / 侯献波,中国大陆
豆瓣2016年度|大陆独立佳作,10,德兰,[26632642](https://movie.douban.com/subject/26632642/),7.0,刘杰 / 董子健 / 德姬,中国大陆
 , , , , , , 
豆瓣2016年度|冷门佳片,1,海蒂和爷爷 / Heidi,[25958717](https://movie.douban.com/subject/25958717/),9.3,阿兰·葛斯彭纳 / 阿努克·斯特芬 / 布鲁诺·冈茨,德国 瑞士
豆瓣2016年度|冷门佳片,2,总有一天 / Der kommer en dag,[26390631](https://movie.douban.com/subject/26390631/),8.7,杰斯珀·W·尼尔森 / 拉斯·米克尔森 / 苏菲·格拉宝,丹麦
豆瓣2016年度|冷门佳片,3,地雷区 / Under sandet,[26591654](https://movie.douban.com/subject/26591654/),8.7,马丁·赞里维特 / 罗兰·默勒 / 米克尔·福尔斯加德,丹麦 德国
豆瓣2016年度|冷门佳片,4,感化院 / Freistatt,[26245360](https://movie.douban.com/subject/26245360/),8.3,马克·布鲁蒙德 / 路易斯·霍夫曼 / 杰拉德·亚历山大·海德,德国
豆瓣2016年度|冷门佳片,5,飞不起来的童年 / Conducta,[25845397](https://movie.douban.com/subject/25845397/),8.3,埃内斯托·达拉纳斯 / 米利尔·赛加斯 / 西尔维娅·阿吉拉,古巴
豆瓣2016年度|冷门佳片,6,心房客 / Asphalte,[26356789](https://movie.douban.com/subject/26356789/),8.5,萨米埃尔·本谢特里 / 迈克尔·皮特 / 伊莎贝尔·于佩尔,法国
豆瓣2016年度|冷门佳片,7,处子之山 / Fúsi,[26304901](https://movie.douban.com/subject/26304901/),8.5,达格·卡利 / 贡纳·永松 / 伊尔穆尔·克里斯蒂安·斯多蒂尔,冰岛 丹麦
豆瓣2016年度|冷门佳片,8,追捕野蛮人 / Hunt for the Wilderpeople,[26411201](https://movie.douban.com/subject/26411201/),8.1,塔伊加·维迪提 / 朱利安·迪尼森 / 山姆·尼尔,新西兰
豆瓣2016年度|冷门佳片,9,天空之眼 / Eye in the Sky,[10484117](https://movie.douban.com/subject/10484117/),7.7,加文·胡德 / 海伦·米伦 / 亚伦·保尔,英国 加拿大
豆瓣2016年度|冷门佳片,10,神奇队长 / Captain Fantastic,[25834735](https://movie.douban.com/subject/25834735/),7.9,马特·罗斯 / 维果·莫腾森 / 乔治·麦凯,美国
 , , , , , , 
豆瓣2016评分最高的|韩国电影,1,釜山行 / 부산행,[25986180](https://movie.douban.com/subject/25986180/),8.6,延尚昊 / 孔刘 / 郑有美,韩国
豆瓣2016评分最高的|韩国电影,2,季春奶奶 / 계춘할망,[26307755](https://movie.douban.com/subject/26307755/),8.5,尹鸿承 / 尹汝贞 / 金高银,韩国
豆瓣2016评分最高的|韩国电影,3,酒神小姐 / 죽여주는 여자,[26713504](https://movie.douban.com/subject/26713504/),8.3,李在容 / 尹汝贞 / 全茂松,韩国
豆瓣2016评分最高的|韩国电影,4,小姐 / 아가씨,[25977027](https://movie.douban.com/subject/25977027/),8.5,朴赞郁 / 金敏喜 / 金泰梨,韩国
豆瓣2016评分最高的|韩国电影,5,隧道 / 터널,[26410594](https://movie.douban.com/subject/26410594/),7.9,金成勋 / 河正宇 / 裴斗娜,韩国
豆瓣2016评分最高的|韩国电影,6,局内人 / 내부자들,[25862354](https://movie.douban.com/subject/25862354/),8.1,禹民镐 / 李秉宪 / 曹承佑,韩国
豆瓣2016评分最高的|韩国电影,7,男与女 / 남과여,[25835285](https://movie.douban.com/subject/25835285/),8.1,李胤基 / 孔刘 / 全度妍,韩国
豆瓣2016评分最高的|韩国电影,8,春梦 / 춘몽,[26752337](https://movie.douban.com/subject/26752337/),7.7,张律 / 梁益准 / 尹钟彬,韩国
豆瓣2016评分最高的|韩国电影,9,鬼乡 / 귀향,[26322928](https://movie.douban.com/subject/26322928/),7.5,赵正莱 / 姜荷娜 / 崔莉,韩国
豆瓣2016评分最高的|韩国电影,10,哭声 / 곡성,[25817534](https://movie.douban.com/subject/25817534/),7.3,罗泓轸 / 郭度沅 / 黄政民,韩国
 , , , , , , 
豆瓣2016评分最高的|日本电影,1,比海更深 / 海よりもまだ深く,[26694988](https://movie.douban.com/subject/26694988/),8.8,是枝裕和 / 阿部宽 / 真木阳子,日本
豆瓣2016评分最高的|日本电影,2,少爷 / 坊っちゃん,[26584763](https://movie.douban.com/subject/26584763/),8.3,铃木雅之 / 二宫和也 / 松下奈绪,日本
豆瓣2016评分最高的|日本电影,3,濑户内海 / セトウツミ,[26362351](https://movie.douban.com/subject/26362351/),8.3,大森立嗣 / 池松壮亮 / 菅田将晖,日本
豆瓣2016评分最高的|日本电影,4,为你取名的那一天 / 犬に名前をつける日,[26810837](https://movie.douban.com/subject/26810837/),8.4,山田茜 / 小林聪美 / 上川隆也,日本
豆瓣2016评分最高的|日本电影,5,家族之苦 / 家族はつらいよ,[26020796](https://movie.douban.com/subject/26020796/),8.1,山田洋次 / 桥爪功 / 吉行和子,日本
豆瓣2016评分最高的|日本电影,6,早死早投胎之地狱摇滚篇 / TOO YOUNG TO DIE！ 若くして死ぬ,[26413269](https://movie.douban.com/subject/26413269/),7.8,宫藤官九郎 / 长濑智也 / 神木隆之介,日本
豆瓣2016评分最高的|日本电影,7,澄沙之味 / あん,[25905124](https://movie.douban.com/subject/25905124/),8.3,河濑直美 / 树木希林 / 永濑正敏,日本 法国 德国
豆瓣2016评分最高的|日本电影,8,食梦者 / バクマン。,[25880986](https://movie.douban.com/subject/25880986/),7.7,大根仁 / 佐藤健 / 神木隆之介,日本
豆瓣2016评分最高的|日本电影,9,我被爸爸绑架了 / キッドナップ・ツアー,[26820450](https://movie.douban.com/subject/26820450/),7.7,岸善幸 / 妻夫木聪 / 丰岛花,日本
豆瓣2016评分最高的|日本电影,10,瑞普·凡·温克尔的新娘 / リップヴァンウィンクルの花嫁,[26592040](https://movie.douban.com/subject/26592040/),7.6,岩井俊二 / 黑木华 / 绫野刚,日本
 , , , , , , 
豆瓣2016评分最高的|欧洲电影,1,一个叫欧维的男人决定去死 / En man som heter Ove,[26628357](https://movie.douban.com/subject/26628357/),8.9,汉内斯·赫尔姆 / 罗夫·拉斯加德 / 巴哈·帕斯,瑞典
豆瓣2016评分最高的|欧洲电影,2,完美陌生人 / Perfetti sconosciuti,[26614893](https://movie.douban.com/subject/26614893/),8.5,保罗·杰诺维塞 / 马可·贾利尼 / 卡夏·斯穆特尼亚克,意大利
豆瓣2016评分最高的|欧洲电影,3,初恋这首情歌 / Sing Street,[25855071](https://movie.douban.com/subject/25855071/),8.2,约翰·卡尼 / 福迪亚·瓦尔什-匹罗 / 露西·宝通,爱尔兰 英国 美国
豆瓣2016评分最高的|欧洲电影,4,神奇动物在哪里 / Fantastic Beasts and Where to Find Them,[25726614](https://movie.douban.com/subject/25726614/),7.7,大卫·叶茨 / 埃迪·雷德梅恩 / 凯瑟琳·沃特斯顿,英国 美国
豆瓣2016评分最高的|欧洲电影,5,飞鹰艾迪 / Eddie the Eagle,[3072064](https://movie.douban.com/subject/3072064/),8.1,德克斯特·弗莱彻 / 塔伦·埃哲顿 / 休·杰克曼,英国 美国 德国
豆瓣2016评分最高的|欧洲电影,6,将来的事 / L'avenir,[26215216](https://movie.douban.com/subject/26215216/),8.2,米娅·汉森-洛夫 / 伊莎贝尔·于佩尔 / 安德烈·马尔孔,法国 德国
豆瓣2016评分最高的|欧洲电影,7,毕业会考 / Bacalaureat,[26340305](https://movie.douban.com/subject/26340305/),7.7,克里斯蒂安·蒙吉 / 阿德里安·蒂蒂耶尼 / 玛丽亚·德拉格斯,罗马尼亚 法国 比利时
豆瓣2016评分最高的|欧洲电影,8,托尼·厄德曼 / Toni Erdmann,[24872189](https://movie.douban.com/subject/24872189/),7.6,玛伦·阿德 / 彼得·西蒙尼舍克 / 桑德拉·惠勒,德国 奥地利
豆瓣2016评分最高的|欧洲电影,9,45周年 / 45 Years,[25839662](https://movie.douban.com/subject/25839662/),7.8,安德鲁·海格 / 夏洛特·兰普林 / 汤姆·康特奈,英国
豆瓣2016评分最高的|欧洲电影,10,她 / Elle,[26022182](https://movie.douban.com/subject/26022182/),7.7,保罗·范霍文 / 伊莎贝尔·于佩尔 / 罗兰·拉斐特,法国 德国 比利时
 , , , , , , 
豆瓣2016年度|LGBT电影,1,小姐 / 아가씨,[25977027](https://movie.douban.com/subject/25977027/),8.5,朴赞郁 / 金敏喜 / 金泰梨,韩国
豆瓣2016年度|LGBT电影,2,寻：电影版 / Looking: The Movie,[26354587](https://movie.douban.com/subject/26354587/),7.9,安德鲁·海格 / 乔纳森·格罗夫 / 弗兰克·J·阿尔瓦雷斯,美国
豆瓣2016年度|LGBT电影,3,同志宝贝 / Gayby Baby,[26381767](https://movie.douban.com/subject/26381767/),8.7,玛雅·纽维尔,澳大利亚
豆瓣2016年度|LGBT电影,4,与外婆同行 / Grandma,[26279353](https://movie.douban.com/subject/26279353/),7.8,保罗·韦兹 / 莉莉·汤姆林 / 朱莉娅·加纳,美国
豆瓣2016年度|LGBT电影,5,被拒人生 / Freeheld,[4881217](https://movie.douban.com/subject/4881217/),7.6,彼得·苏列特 / 朱丽安·摩尔 / 艾利奥特·佩吉,美国
豆瓣2016年度|LGBT电影,6,出柜第4格 / Fourth Man Out,[26416569](https://movie.douban.com/subject/26416569/),7.5,安德鲁·纳科曼 / 帕克·扬 / 伊万·托德,美国
豆瓣2016年度|LGBT电影,7,当我们17岁 / Quand on a 17 ans,[26309618](https://movie.douban.com/subject/26309618/),7.7,安德烈·泰希内 / 桑德琳娜·基贝兰 / 卡西·莫泰·克莱恩,法国
豆瓣2016年度|LGBT电影,8,同船爱歌 / Théo et Hugo dans le même bateau,[26689198](https://movie.douban.com/subject/26689198/),7.5,奥利维耶·杜卡斯泰尔 / 杰弗瑞·古艾 / 弗朗索瓦·纳伯,法国
豆瓣2016年度|LGBT电影,9,抱紧他 / Holding the Man,[26013293](https://movie.douban.com/subject/26013293/),7.7,尼尔·阿姆菲尔德 / 瑞安·柯尔 / 克雷格·斯托特,澳大利亚
豆瓣2016年度|LGBT电影,10,离别是美丽的 / Departure,[26331185](https://movie.douban.com/subject/26331185/),7.5,安德鲁·斯特格奥 / 茱丽叶特·斯蒂文森 / 埃里克斯·劳瑟,英国 法国
 , , , , , , 
豆瓣2016评分最高的|喜剧片,1,完美陌生人 / Perfetti sconosciuti,[26614893](https://movie.douban.com/subject/26614893/),8.5,保罗·杰诺维塞 / 马可·贾利尼 / 卡夏·斯穆特尼亚克,意大利
豆瓣2016评分最高的|喜剧片,2,濑户内海 / セトウツミ,[26362351](https://movie.douban.com/subject/26362351/),8.3,大森立嗣 / 池松壮亮 / 菅田将晖,日本
豆瓣2016评分最高的|喜剧片,3,家族之苦 / 家族はつらいよ,[26020796](https://movie.douban.com/subject/26020796/),8.1,山田洋次 / 桥爪功 / 吉行和子,日本
豆瓣2016评分最高的|喜剧片,4,托尼·厄德曼 / Toni Erdmann,[24872189](https://movie.douban.com/subject/24872189/),7.6,玛伦·阿德 / 彼得·西蒙尼舍克 / 桑德拉·惠勒,德国 奥地利
豆瓣2016评分最高的|喜剧片,5,电击女孩 / เมย์ไหน...ไฟแรงเฟร่อ,[26412106](https://movie.douban.com/subject/26412106/),7.7,查亚诺普·布恩帕拉科布 / 苏卡达·顾珑希 / 提顶·玛哈由踏纳,泰国
豆瓣2016评分最高的|喜剧片,6,希特勒回来了 / Er ist wieder da,[26585014](https://movie.douban.com/subject/26585014/),7.9,大卫·韦恩特 / 奥利弗·马苏奇 / 法比安·布施,德国
豆瓣2016评分最高的|喜剧片,7,与外婆同行 / Grandma,[26279353](https://movie.douban.com/subject/26279353/),7.8,保罗·韦兹 / 莉莉·汤姆林 / 朱莉娅·加纳,美国
豆瓣2016评分最高的|喜剧片,8,单身日记：好孕来袭 / Bridget Jones's Baby,[3868141](https://movie.douban.com/subject/3868141/),7.2,莎伦·马奎尔 / 蕾妮·齐薇格 / 科林·费尔斯,英国 美国 法国 爱尔兰
豆瓣2016评分最高的|喜剧片,9,最爽的一天 / Der geilste Tag,[26680247](https://movie.douban.com/subject/26680247/),7.8,弗洛里安·大卫·菲茨 / 马提亚斯·施维赫夫 / 弗洛里安·大卫·菲茨,德国
豆瓣2016评分最高的|喜剧片,10,死侍 / Deadpool,[3718279](https://movie.douban.com/subject/3718279/),7.9,蒂姆·米勒 / 瑞安·雷诺兹 / 莫蕾娜·巴卡琳,美国 加拿大
 , , , , , , 
豆瓣2016评分最高的|爱情片,1,你的名字。 / 君の名は。,[26683290](https://movie.douban.com/subject/26683290/),8.5,新海诚 / 神木隆之介 / 上白石萌音,日本
豆瓣2016评分最高的|爱情片,2,初恋这首情歌 / Sing Street,[25855071](https://movie.douban.com/subject/25855071/),8.2,约翰·卡尼 / 福迪亚·瓦尔什-匹罗 / 露西·宝通,爱尔兰 英国 美国
豆瓣2016评分最高的|爱情片,3,寻：电影版 / Looking: The Movie,[26354587](https://movie.douban.com/subject/26354587/),7.9,安德鲁·海格 / 乔纳森·格罗夫 / 弗兰克·J·阿尔瓦雷斯,美国
豆瓣2016评分最高的|爱情片,4,45周年 / 45 Years,[25839662](https://movie.douban.com/subject/25839662/),7.8,安德鲁·海格 / 夏洛特·兰普林 / 汤姆·康特奈,英国
豆瓣2016评分最高的|爱情片,5,七月与安生,[25827935](https://movie.douban.com/subject/25827935/),7.5,曾国祥 / 周冬雨 / 马思纯,中国大陆 中国香港
豆瓣2016评分最高的|爱情片,6,单身日记：好孕来袭 / Bridget Jones's Baby,[3868141](https://movie.douban.com/subject/3868141/),7.2,莎伦·马奎尔 / 蕾妮·齐薇格 / 科林·费尔斯,英国 美国 法国 爱尔兰
豆瓣2016评分最高的|爱情片,7,我的国王 / Mon roi,[25843022](https://movie.douban.com/subject/25843022/),7.7,麦温 / 文森特·卡塞尔 / 埃马纽埃尔·贝克特,法国
豆瓣2016评分最高的|爱情片,8,遇见你之前 / Me Before You,[25929151](https://movie.douban.com/subject/25929151/),8.1,西娅·夏罗克 / 艾米莉亚·克拉克 / 山姆·克拉弗林,英国 美国
豆瓣2016评分最高的|爱情片,9,已经开始想你 / Miss You Already,[10745397](https://movie.douban.com/subject/10745397/),7.7,凯瑟琳·哈德威克 / 德鲁·巴里摩尔 / 托妮·科莱特,英国
豆瓣2016评分最高的|爱情片,10,他是龙 / Он - дракон,[26726098](https://movie.douban.com/subject/26726098/),7.6,英达尔·珍杜巴耶夫 / 马特维·雷科夫 / 玛利亚·波叶扎耶娃,俄罗斯
 , , , , , , 
豆瓣2016评分最高的|科幻/动作片,1,釜山行 / 부산행,[25986180](https://movie.douban.com/subject/25986180/),8.6,延尚昊 / 孔刘 / 郑有美,韩国
豆瓣2016评分最高的|科幻/动作片,2,湄公河行动,[25815034](https://movie.douban.com/subject/25815034/),8.0,林超贤 / 张涵予 / 彭于晏,中国大陆 中国香港
豆瓣2016评分最高的|科幻/动作片,3,X战警：天启 / X-Men: Apocalypse,[25786060](https://movie.douban.com/subject/25786060/),7.7,布莱恩·辛格 / 詹姆斯·麦卡沃伊 / 迈克尔·法斯宾德,美国
豆瓣2016评分最高的|科幻/动作片,4,奇异博士 / Doctor Strange,[3025375](https://movie.douban.com/subject/3025375/),7.6,斯科特·德瑞克森 / 本尼迪克特·康伯巴奇 / 蒂尔达·斯文顿,美国
豆瓣2016评分最高的|科幻/动作片,5,魔兽 / Warcraft,[2131940](https://movie.douban.com/subject/2131940/),7.7,邓肯·琼斯 / 崔维斯·费米尔 / 托比·凯贝尔,美国 中国大陆 加拿大 日本
豆瓣2016评分最高的|科幻/动作片,6,美国队长3 / Captain America: Civil War,[25820460](https://movie.douban.com/subject/25820460/),7.9,安东尼·罗素 / 克里斯·埃文斯 / 小罗伯特·唐尼,美国
豆瓣2016评分最高的|科幻/动作片,7,危机13小时 / 13 Hours: The Secret Soldiers of Benghazi,[26220717](https://movie.douban.com/subject/26220717/),7.8,迈克尔·贝 / 詹姆斯·戴尔 / 约翰·卡拉辛斯基,美国
豆瓣2016评分最高的|科幻/动作片,8,死侍 / Deadpool,[3718279](https://movie.douban.com/subject/3718279/),7.9,蒂姆·米勒 / 瑞安·雷诺兹 / 莫蕾娜·巴卡琳,美国 加拿大
豆瓣2016评分最高的|科幻/动作片,9,硬核亨利 / Хардкор,[25706773](https://movie.douban.com/subject/25706773/),7.7,伊利亚·奈舒勒 / 沙尔托·科普雷 / 丹尼拉·科兹洛夫斯基,俄罗斯 美国 中国大陆
豆瓣2016评分最高的|科幻/动作片,10,谍影重重5 / Jason Bourne,[26266072](https://movie.douban.com/subject/26266072/),7.5,保罗·格林格拉斯 / 马特·达蒙 / 汤米·李·琼斯,美国 中国大陆 西班牙
 , , , , , , 
豆瓣2016评分最高的|恐怖片,1,招魂2 / The Conjuring 2,[24860563](https://movie.douban.com/subject/24860563/),7.9,温子仁 / 帕特里克·威尔森 / 维拉·法米加,加拿大 美国 英国
豆瓣2016评分最高的|恐怖片,2,无名女尸 / The Autopsy of Jane Doe,[26339213](https://movie.douban.com/subject/26339213/),7.6,安德烈·艾弗道夫 / 埃米尔·赫斯基 / 布莱恩·考克斯,英国
豆瓣2016评分最高的|恐怖片,3,中邪,[26820833](https://movie.douban.com/subject/26820833/),6.8,马凯 / 董天文 / 何佳,中国大陆
豆瓣2016评分最高的|恐怖片,4,哭声 / 곡성,[25817534](https://movie.douban.com/subject/25817534/),7.3,罗泓轸 / 郭度沅 / 黄政民,韩国
豆瓣2016评分最高的|恐怖片,5,屏住呼吸 / Don't Breathe,[26704620](https://movie.douban.com/subject/26704620/),7.2,费德·阿尔瓦雷兹 / 史蒂芬·朗 / 简·利维,美国
豆瓣2016评分最高的|恐怖片,6,恐吓运动 / Scare Campaign,[26649095](https://movie.douban.com/subject/26649095/),7.1,卡梅伦·凯恩斯 / 梅根·沃纳 / 伊恩 麦杜思,澳大利亚
豆瓣2016评分最高的|恐怖片,7,女巫 / The VVitch: A New-England Folktale,[26276364](https://movie.douban.com/subject/26276364/),7.1,罗伯特·艾格斯 / 安雅·泰勒-乔伊 / 拉尔夫·伊内森,美国 英国 加拿大 巴西
豆瓣2016评分最高的|恐怖片,8,关灯后 / Lights Out,[26684564](https://movie.douban.com/subject/26684564/),6.8,大卫·F·桑德伯格 / 泰莉莎·帕尔墨 / 加布里埃尔·贝特曼,美国
豆瓣2016评分最高的|恐怖片,9,阴影之下 / Under the Shadow,[26700688](https://movie.douban.com/subject/26700688/),6.4,巴巴克·安瓦里 / 阿米德·加瓦丹 / 娜格斯·拉什迪,英国 卡塔尔 约旦 伊朗
豆瓣2016评分最高的|恐怖片,10,死亡占卜2：恶灵始源 / Ouija: Origin of Evil,[26602794](https://movie.douban.com/subject/26602794/),6.5,迈克·弗拉纳根 / 安娜丽丝·巴索 / 伊莉莎白·里瑟,美国
 , , , , , , 
豆瓣2016评分最高的|动画片,1,疯狂动物城 / Zootopia,[25662329](https://movie.douban.com/subject/25662329/),9.2,拜伦·霍华德 / 金妮弗·古德温 / 杰森·贝特曼,美国
豆瓣2016评分最高的|动画片,2,你的名字。 / 君の名は。,[26683290](https://movie.douban.com/subject/26683290/),8.5,新海诚 / 神木隆之介 / 上白石萌音,日本
豆瓣2016评分最高的|动画片,3,同级生 / 同級生,[26344688](https://movie.douban.com/subject/26344688/),9.1,中村章子 / 野岛健儿 / 神谷浩史,日本
豆瓣2016评分最高的|动画片,4,"明月守护者 / Mune, le gardien de la lune",[26147991](https://movie.douban.com/subject/26147991/),8.2,亚历山大·西伯恩 / 奥玛·希 / 伊兹雅·海格林,法国
豆瓣2016评分最高的|动画片,5,航海王之黄金城 / ONE PIECE FILM GOLD,[26598021](https://movie.douban.com/subject/26598021/),7.6,宮元宏彰 / 田中真弓 / 中井和哉,日本
豆瓣2016评分最高的|动画片,6,阿薇尔与虚构世界 / Avril et le monde truqué,[25821673](https://movie.douban.com/subject/25821673/),8.1,克里斯汀·丹米尔斯 / 玛丽昂·歌迪亚 / 菲烈·卡特林,法国 比利时 加拿大
豆瓣2016评分最高的|动画片,7,功夫熊猫3 / Kung Fu Panda 3,[11589036](https://movie.douban.com/subject/11589036/),7.8,吕寅荣 / 杰克·布莱克 / 布莱恩·科兰斯顿,美国 中国大陆
豆瓣2016评分最高的|动画片,8,海洋奇缘 / Moana,[25793398](https://movie.douban.com/subject/25793398/),7.5,罗恩·克莱蒙兹 / 奥丽伊·卡瓦洛 / 道恩·强森,美国
豆瓣2016评分最高的|动画片,9,魔弦传说 / Kubo and the Two Strings,[26287884](https://movie.douban.com/subject/26287884/),7.4,特拉维斯·奈特 / 查理兹·塞隆 / 马修·麦康纳,美国
豆瓣2016评分最高的|动画片,10,逗鸟外传：萌宝满天飞 / Storks,[26374205](https://movie.douban.com/subject/26374205/),7.5,尼古拉斯·斯托勒 / 安迪·萨姆伯格 / 凯蒂·克朗,美国
 , , , , , , 
豆瓣2016评分最高的|纪录片,1,不了神话 宫崎骏 / 終わらない人 宮﨑駿,[26914034](https://movie.douban.com/subject/26914034/),9.1,荒川格 / 宫崎骏,日本
豆瓣2016评分最高的|纪录片,2,如何死亡：西蒙的抉择 / How to Die: Simon’s Choice,[26718518](https://movie.douban.com/subject/26718518/),9.2,罗万·迪肯,英国
豆瓣2016评分最高的|纪录片,3,超音速 / Supersonic,[26707093](https://movie.douban.com/subject/26707093/),9.5,马特·怀克洛斯 / 利亚姆·加拉格尔 / 诺尔·加拉格,英国
豆瓣2016评分最高的|纪录片,4,大路朝天,[26662337](https://movie.douban.com/subject/26662337/),0.0,张赞波,中国大陆
豆瓣2016评分最高的|纪录片,5,洪水泛滥之前 / Before the Flood,[26857715](https://movie.douban.com/subject/26857715/),8.8,费舍·史蒂芬斯 / 莱昂纳多·迪卡普里奥 / 乔治·布什,美国
豆瓣2016评分最高的|纪录片,6,冲天,[26602234](https://movie.douban.com/subject/26602234/),9.4,张钊维 / 高友良 / 黄孝慈,中国台湾
豆瓣2016评分最高的|纪录片,7,生门,[26836588](https://movie.douban.com/subject/26836588/),8.8,陈为军 / 李家福 / 夏锦菊,中国大陆
豆瓣2016评分最高的|纪录片,8,BIGBANG MADE / 빅뱅 메이드,[26807676](https://movie.douban.com/subject/26807676/),9.0,边振浩 / 权志龙 / 东永裴,韩国
豆瓣2016评分最高的|纪录片,9,舌尖上的新年,[25894885](https://movie.douban.com/subject/25894885/),8.4,陈磊 / 李立宏,中国大陆
豆瓣2016评分最高的|纪录片,10,我们诞生在中国 / Born in China,[26376454](https://movie.douban.com/subject/26376454/),8.1,陆川 / 周迅 / 约翰·卡拉辛斯基,美国 英国 中国大陆
 , , , , , , 
豆瓣2016评分最高的|短片,1,鹬 / Piper,[26766869](https://movie.douban.com/subject/26766869/),9.4,艾伦·巴利拉罗,美国
豆瓣2016评分最高的|短片,2,闪亮 / Shiny,[26733468](https://movie.douban.com/subject/26733468/),8.3,丹尼尔·克劳德·坎波斯 / 丹尼尔·克劳德·坎波斯 / 斯邦瑟·舒瑟,美国
豆瓣2016评分最高的|短片,3,熊的故事 / Historia de un oso,[26258767](https://movie.douban.com/subject/26258767/),8.6,加布里埃尔·奥索里奥·巴尔加斯,智利
豆瓣2016评分最高的|短片,4,没有宇宙我们无法生存 / Мы не можем жить без космоса,[26042888](https://movie.douban.com/subject/26042888/),8.7,康斯坦汀·布朗兹,俄罗斯
豆瓣2016评分最高的|短片,5,礼物 / The Present,[26703871](https://movie.douban.com/subject/26703871/),8.3,Jacob Frey / 萨曼莎·布朗 / Quinn Nealy,德国
豆瓣2016评分最高的|短片,6,你看起来很害怕 / You Look Scary,[26791592](https://movie.douban.com/subject/26791592/),8.3,兰茜雅 / Ben Huff / Luke Morin,美国
豆瓣2016评分最高的|短片,7,事事答是 / Sí a todo,[26732514](https://movie.douban.com/subject/26732514/),7.9,罗伯托·佩雷兹·托雷多 / 安立奎·塞万提斯 / 卡洛斯·索罗阿,西班牙
豆瓣2016评分最高的|短片,8,娼妓与野兽 / The Great Harlot and the Beast,[26337908](https://movie.douban.com/subject/26337908/),7.9,弗雷德里克·萨灵·特勒尔斯-史密斯 / Adam Krand / Erik Mogensen,丹麦
豆瓣2016评分最高的|短片,9,桑杰的超级战队 / Sanjay's Super Team,[26378147](https://movie.douban.com/subject/26378147/),7.7,桑杰·帕特尔 / 布伦特·查弗,美国
豆瓣2016评分最高的|短片,10,我们的精神角落,[26728787](https://movie.douban.com/subject/26728787/),7.3,罗景壬 / 余岱宗 / 林映唯,中国大陆
 , , , , , , 
豆瓣2015年1月最热门电影,1,神探夏洛克：可恶的新娘 / Sherlock: The Abominable Bride,[25920885](https://movie.douban.com/subject/25920885/),7.2,道格拉斯·麦金农 / 本尼迪克特·康伯巴奇 / 马丁·弗瑞曼,英国
豆瓣2015年1月最热门电影,2,老炮儿,[24751756](https://movie.douban.com/subject/24751756/),7.5,管虎 / 冯小刚 / 许晴,中国大陆
豆瓣2015年1月最热门电影,3,唐人街探案,[26311973](https://movie.douban.com/subject/26311973/),7.7,陈思诚 / 王宝强 / 刘昊然,中国大陆
豆瓣2015年1月最热门电影,4,星球大战7：原力觉醒 / Star Wars: The Force Awakens,[20326665](https://movie.douban.com/subject/20326665/),7.2,J·J·艾布拉姆斯 / 哈里森·福特 / 马克·哈米尔,美国
豆瓣2015年1月最热门电影,5,寻龙诀,[3077412](https://movie.douban.com/subject/3077412/),7.4,乌尔善 / 陈坤 / 黄渤,中国大陆 中国香港
 , , , , , , 
豆瓣2015年2月最热门电影,1,美人鱼,[19944106](https://movie.douban.com/subject/19944106/),6.7,周星驰 / 邓超 / 罗志祥,中国大陆 中国香港
豆瓣2015年2月最热门电影,2,功夫熊猫3 / Kung Fu Panda 3,[11589036](https://movie.douban.com/subject/11589036/),7.8,吕寅荣 / 杰克·布莱克 / 布莱恩·科兰斯顿,美国 中国大陆
豆瓣2015年2月最热门电影,3,西游记之孙悟空三打白骨精,[25827963](https://movie.douban.com/subject/25827963/),5.6,郑保瑞 / 郭富城 / 巩俐,中国大陆 中国香港
豆瓣2015年2月最热门电影,4,他是龙 / Он - дракон,[26726098](https://movie.douban.com/subject/26726098/),7.6,英达尔·珍杜巴耶夫 / 马特维·雷科夫 / 玛利亚·波叶扎耶娃,俄罗斯
豆瓣2015年2月最热门电影,5,澳门风云3 / 賭城風雲III,[26334559](https://movie.douban.com/subject/26334559/),4.5,王晶 / 周润发 / 刘德华,中国香港 中国大陆
 , , , , , , 
豆瓣2015年3月最热门电影,1,疯狂动物城 / Zootopia,[25662329](https://movie.douban.com/subject/25662329/),9.2,拜伦·霍华德 / 金妮弗·古德温 / 杰森·贝特曼,美国
豆瓣2015年3月最热门电影,2,荒野猎人 / The Revenant,[5327268](https://movie.douban.com/subject/5327268/),8.0,亚利桑德罗·冈萨雷斯·伊纳里多 / 莱昂纳多·迪卡普里奥 / 汤姆·哈迪,美国 中国香港 中国台湾
豆瓣2015年3月最热门电影,3,蝙蝠侠大战超人：正义黎明 / Batman v Superman: Dawn of Justice,[24750534](https://movie.douban.com/subject/24750534/),7.0,扎克·施奈德 / 本·阿弗莱克 / 亨利·卡维尔,美国
豆瓣2015年3月最热门电影,4,叶问3,[11598977](https://movie.douban.com/subject/11598977/),6.7,叶伟信 / 甄子丹 / 迈克·泰森,中国大陆 中国香港
豆瓣2015年3月最热门电影,5,房间 / Room,[25724855](https://movie.douban.com/subject/25724855/),8.8,伦尼·阿伯拉罕森 / 布丽·拉尔森 / 雅各布·特伦布莱,爱尔兰 加拿大 英国 美国
 , , , , , , 
豆瓣2015年4月最热门电影,1,奇幻森林 / The Jungle Book,[25777636](https://movie.douban.com/subject/25777636/),7.8,乔恩·费儒 / 尼尔·塞西 / 比尔·默瑞,英国 美国
豆瓣2015年4月最热门电影,2,火锅英雄,[25662327](https://movie.douban.com/subject/25662327/),7.2,杨庆 / 陈坤 / 白百何,中国大陆
豆瓣2015年4月最热门电影,3,垫底辣妹 / ビリギャル,[26259677](https://movie.douban.com/subject/26259677/),8.3,土井裕泰 / 有村架纯 / 伊藤淳史,日本
豆瓣2015年4月最热门电影,4,死侍 / Deadpool,[3718279](https://movie.douban.com/subject/3718279/),7.9,蒂姆·米勒 / 瑞安·雷诺兹 / 莫蕾娜·巴卡琳,美国 加拿大
豆瓣2015年4月最热门电影,5,伦敦陷落 / London Has Fallen,[25757186](https://movie.douban.com/subject/25757186/),6.3,巴巴克·纳加非 / 杰拉德·巴特勒 / 艾伦·艾克哈特,英国 美国 保加利亚
 , , , , , , 
豆瓣2015年5月最热门电影,1,美国队长3 / Captain America: Civil War,[25820460](https://movie.douban.com/subject/25820460/),7.9,安东尼·罗素 / 克里斯·埃文斯 / 小罗伯特·唐尼,美国
豆瓣2015年5月最热门电影,2,北京遇上西雅图之不二情书,[26322792](https://movie.douban.com/subject/26322792/),6.4,薛晓路 / 汤唯 / 吴秀波,中国大陆 中国香港
豆瓣2015年5月最热门电影,3,百鸟朝凤,[10831445](https://movie.douban.com/subject/10831445/),8.3,吴天明 / 陶泽如 / 李岷城,中国大陆
豆瓣2015年5月最热门电影,4,踏血寻梅 / 踏血尋梅,[25966085](https://movie.douban.com/subject/25966085/),7.6,翁子光 / 郭富城 / 春夏,中国香港
豆瓣2015年5月最热门电影,5,愤怒的小鸟 / Angry Birds,[6873736](https://movie.douban.com/subject/6873736/),7.2,费格尔·雷利 / 杰森·苏戴奇斯 / 乔什·加德,芬兰 美国
 , , , , , , 
豆瓣2015年6月最热门电影,1,魔兽 / Warcraft,[2131940](https://movie.douban.com/subject/2131940/),7.7,邓肯·琼斯 / 崔维斯·费米尔 / 托比·凯贝尔,美国 中国大陆 加拿大 日本
豆瓣2015年6月最热门电影,2,X战警：天启 / X-Men: Apocalypse,[25786060](https://movie.douban.com/subject/25786060/),7.7,布莱恩·辛格 / 詹姆斯·麦卡沃伊 / 迈克尔·法斯宾德,美国
豆瓣2015年6月最热门电影,3,惊天魔盗团2 / Now You See Me 2,[25662337](https://movie.douban.com/subject/25662337/),6.9,朱浩伟 / 杰西·艾森伯格 / 马克·鲁弗洛,美国
豆瓣2015年6月最热门电影,4,独立日2：卷土重来 / Independence Day: Resurgence,[4811813](https://movie.douban.com/subject/4811813/),5.7,罗兰·艾默里奇 / 利亚姆·海姆斯沃斯 / 杰夫·高布伦,美国
豆瓣2015年6月最热门电影,5,树大招风 / 樹大招風,[26265170](https://movie.douban.com/subject/26265170/),8.1,许学文 / 林家栋 / 任贤齐,中国香港 中国大陆
 , , , , , , 
豆瓣2015年7月最热门电影,1,大鱼海棠,[5045678](https://movie.douban.com/subject/5045678/),7.0,梁旋 / 季冠霖 / 苏尚卿,中国大陆
豆瓣2015年7月最热门电影,2,寒战2 / 寒戰II,[20505982](https://movie.douban.com/subject/20505982/),7.2,梁乐民 / 郭富城 / 梁家辉,中国大陆 中国香港
豆瓣2015年7月最热门电影,3,遇见你之前 / Me Before You,[25929151](https://movie.douban.com/subject/25929151/),8.1,西娅·夏罗克 / 艾米莉亚·克拉克 / 山姆·克拉弗林,英国 美国
豆瓣2015年7月最热门电影,4,完美陌生人 / Perfetti sconosciuti,[26614893](https://movie.douban.com/subject/26614893/),8.5,保罗·杰诺维塞 / 马可·贾利尼 / 卡夏·斯穆特尼亚克,意大利
豆瓣2015年7月最热门电影,5,路边野餐,[26337866](https://movie.douban.com/subject/26337866/),8.0,毕赣 / 陈永忠 / 谢理循,中国大陆
 , , , , , , 
豆瓣2015年8月最热门电影,1,盗墓笔记,[24827387](https://movie.douban.com/subject/24827387/),4.8,李仁港 / 井柏然 / 鹿晗,中国大陆
豆瓣2015年8月最热门电影,2,爱宠大机密 / The Secret Life of Pets,[21817627](https://movie.douban.com/subject/21817627/),7.8,克里斯·雷纳德 / 路易·C·K / 艾瑞克·斯通斯崔特,美国
豆瓣2015年8月最热门电影,3,谍影重重5 / Jason Bourne,[26266072](https://movie.douban.com/subject/26266072/),7.5,保罗·格林格拉斯 / 马特·达蒙 / 汤米·李·琼斯,美国 中国大陆 西班牙
豆瓣2015年8月最热门电影,4,使徒行者,[26336253](https://movie.douban.com/subject/26336253/),6.9,文伟鸿 / 张家辉 / 古天乐,中国大陆 中国香港
豆瓣2015年8月最热门电影,5,小姐 / 아가씨,[25977027](https://movie.douban.com/subject/25977027/),8.5,朴赞郁 / 金敏喜 / 金泰梨,韩国
 , , , , , , 
豆瓣2015年9月最热门电影,1,釜山行 / 부산행,[25986180](https://movie.douban.com/subject/25986180/),8.6,延尚昊 / 孔刘 / 郑有美,韩国
豆瓣2015年9月最热门电影,2,星际迷航3：超越星辰 / Star Trek Beyond,[22939161](https://movie.douban.com/subject/22939161/),7.5,林诣彬 / 克里斯·派恩 / 扎克瑞·昆图,美国
豆瓣2015年9月最热门电影,3,七月与安生,[25827935](https://movie.douban.com/subject/25827935/),7.5,曾国祥 / 周冬雨 / 马思纯,中国大陆 中国香港
豆瓣2015年9月最热门电影,4,追凶者也,[26284621](https://movie.douban.com/subject/26284621/),7.9,曹保平 / 刘烨 / 张译,中国大陆
豆瓣2015年9月最热门电影,5,隧道 / 터널,[26410594](https://movie.douban.com/subject/26410594/),7.9,金成勋 / 河正宇 / 裴斗娜,韩国
 , , , , , , 
豆瓣2015年10月最热门电影,1,湄公河行动,[25815034](https://movie.douban.com/subject/25815034/),8.0,林超贤 / 张涵予 / 彭于晏,中国大陆 中国香港
豆瓣2015年10月最热门电影,2,从你的全世界路过,[26280528](https://movie.douban.com/subject/26280528/),5.3,张一白 / 邓超 / 白百何,中国大陆
豆瓣2015年10月最热门电影,3,爵迹,[26354336](https://movie.douban.com/subject/26354336/),3.8,郭敬明 / 范冰冰 / 吴亦凡,中国大陆
豆瓣2015年10月最热门电影,4,驴得水,[25921812](https://movie.douban.com/subject/25921812/),8.3,周申 / 任素汐 / 大力,中国大陆
豆瓣2015年10月最热门电影,5,瑞士军刀男 / Swiss Army Man,[26437237](https://movie.douban.com/subject/26437237/),7.8,关家永 / 保罗·达诺 / 丹尼尔·雷德克里夫,美国
 , , , , , , 
豆瓣2015年11月最热门电影,1,奇异博士 / Doctor Strange,[3025375](https://movie.douban.com/subject/3025375/),7.6,斯科特·德瑞克森 / 本尼迪克特·康伯巴奇 / 蒂尔达·斯文顿,美国
豆瓣2015年11月最热门电影,2,比利·林恩的中场战事 / Billy Lynn's Long Halftime Walk,[25983044](https://movie.douban.com/subject/25983044/),8.3,李安 / 乔·阿尔文 / 加内特·赫德兰,美国 英国 中国大陆
豆瓣2015年11月最热门电影,3,神奇动物在哪里 / Fantastic Beasts and Where to Find Them,[25726614](https://movie.douban.com/subject/25726614/),7.7,大卫·叶茨 / 埃迪·雷德梅恩 / 凯瑟琳·沃特斯顿,英国 美国
豆瓣2015年11月最热门电影,4,我不是潘金莲,[26630781](https://movie.douban.com/subject/26630781/),6.7,冯小刚 / 范冰冰 / 郭涛,中国大陆
豆瓣2015年11月最热门电影,5,请叫我英雄 / アイアムアヒーロー,[25899379](https://movie.douban.com/subject/25899379/),7.2,佐藤信介 / 大泉洋 / 有村架纯,日本
 , , , , , , 
豆瓣2015年12月最热门电影,1,你的名字。 / 君の名は。,[26683290](https://movie.douban.com/subject/26683290/),8.5,新海诚 / 神木隆之介 / 上白石萌音,日本
豆瓣2015年12月最热门电影,2,血战钢锯岭 / Hacksaw Ridge,[26325320](https://movie.douban.com/subject/26325320/),8.7,梅尔·吉布森 / 安德鲁·加菲尔德 / 萨姆·沃辛顿,澳大利亚 美国
豆瓣2015年12月最热门电影,3,长城 / The Great Wall,[6982558](https://movie.douban.com/subject/6982558/),4.9,张艺谋 / 马特·达蒙 / 景甜,中国大陆 美国
豆瓣2015年12月最热门电影,4,罗曼蒂克消亡史,[24751763](https://movie.douban.com/subject/24751763/),7.7,程耳 / 葛优 / 章子怡,中国大陆 中国香港
豆瓣2015年12月最热门电影,5,摆渡人,[25911694](https://movie.douban.com/subject/25911694/),4.1,张嘉佳 / 梁朝伟 / 金城武,中国大陆 中国香港
 , , , , , , 
豆瓣2016上映|10周年的电影,1,当幸福来敲门 / The Pursuit of Happyness,[1849031](https://movie.douban.com/subject/1849031/),9.2,加布里埃莱·穆奇诺 / 威尔·史密斯 / 贾登·史密斯,美国
豆瓣2016上映|10周年的电影,2,致命魔术 / The Prestige,[1780330](https://movie.douban.com/subject/1780330/),8.9,克里斯托弗·诺兰 / 休·杰克曼 / 克里斯蒂安·贝尔,英国 美国
豆瓣2016上映|10周年的电影,3,穿普拉达的女王 / The Devil Wears Prada,[1482072](https://movie.douban.com/subject/1482072/),8.2,大卫·弗兰科尔 / 梅丽尔·斯特里普 / 安妮·海瑟薇,美国 法国
豆瓣2016上映|10周年的电影,4,疯狂的石头,[1862151](https://movie.douban.com/subject/1862151/),8.6,宁浩 / 郭涛 / 刘桦,中国大陆 中国香港
豆瓣2016上映|10周年的电影,5,香水 / Perfume: The Story of a Murderer,[1760622](https://movie.douban.com/subject/1760622/),8.5,汤姆·提克威 / 本·卫肖 / 艾伦·瑞克曼,德国 法国 西班牙 美国 比利时
豆瓣2016上映|10周年的电影,6,被嫌弃的松子的一生 / 嫌われ松子の一生,[1787291](https://movie.douban.com/subject/1787291/),8.9,中岛哲也 / 中谷美纪 / 永山瑛太,日本
豆瓣2016上映|10周年的电影,7,窃听风暴 / Das Leben der Anderen,[1900841](https://movie.douban.com/subject/1900841/),9.2,弗洛里安·亨克尔·冯·多纳斯马尔克 / 乌尔里希·穆埃 / 马蒂娜·格德克,德国
豆瓣2016上映|10周年的电影,8,阳光小美女 / Little Miss Sunshine,[1777612](https://movie.douban.com/subject/1777612/),8.3,乔纳森·戴顿 / 阿比盖尔·布雷斯林 / 格雷戈·金尼尔,美国
豆瓣2016上映|10周年的电影,9,潘神的迷宫 / El laberinto del fauno,[1767042](https://movie.douban.com/subject/1767042/),7.9,吉尔莫·德尔·托罗 / 伊万娜·巴克罗 / 塞尔希·洛佩斯,西班牙 墨西哥
豆瓣2016上映|10周年的电影,10,红辣椒 / パプリカ,[1865703](https://movie.douban.com/subject/1865703/),9.1,今敏 / 林原惠美 / 江守彻,日本
 , , , , , , 
豆瓣2016上映|20周年的电影,1,猜火车 / Trainspotting,[1292528](https://movie.douban.com/subject/1292528/),8.6,丹尼·博伊尔 / 伊万·麦克格雷格 / 艾文·布莱纳,英国
豆瓣2016上映|20周年的电影,2,甜蜜蜜,[1305164](https://movie.douban.com/subject/1305164/),8.9,陈可辛 / 黎明 / 张曼玉,中国香港
豆瓣2016上映|20周年的电影,3,食神,[1293351](https://movie.douban.com/subject/1293351/),8.2,李力持 / 周星驰 / 莫文蔚,中国香港
豆瓣2016上映|20周年的电影,4,英国病人 / The English Patient,[1291853](https://movie.douban.com/subject/1291853/),8.5,安东尼·明格拉 / 拉尔夫·费因斯 / 朱丽叶·比诺什,美国 英国
豆瓣2016上映|20周年的电影,5,大内密探零零发 / 大內密探零零發,[1329936](https://movie.douban.com/subject/1329936/),8.0,谷德昭 / 周星驰 / 刘嘉玲,中国香港
豆瓣2016上映|20周年的电影,6,勇闯夺命岛 / The Rock,[1292728](https://movie.douban.com/subject/1292728/),8.6,迈克尔·贝 / 肖恩·康纳利 / 尼古拉斯·凯奇,美国
豆瓣2016上映|20周年的电影,7,独立日 / Independence Day,[1293013](https://movie.douban.com/subject/1293013/),8.1,罗兰·艾默里奇 / 威尔·史密斯 / 杰夫·高布伦,美国
豆瓣2016上映|20周年的电影,8,碟中谍 / Mission: Impossible,[1292484](https://movie.douban.com/subject/1292484/),8.2,布莱恩·德·帕尔玛 / 汤姆·克鲁斯 / 强·沃特,美国
豆瓣2016上映|20周年的电影,9,燕尾蝶 / スワロウテイル,[1307793](https://movie.douban.com/subject/1307793/),8.7,岩井俊二 / 恰拉 / 伊藤步,日本
豆瓣2016上映|20周年的电影,10,古惑仔之人在江湖,[1433736](https://movie.douban.com/subject/1433736/),7.9,刘伟强 / 郑伊健 / 陈小春,中国香港
 , , , , , , 
豆瓣2016上映|30周年的电影,1,天空之城 / 天空の城ラピュタ,[1291583](https://movie.douban.com/subject/1291583/),9.2,宫崎骏 / 田中真弓 / 横泽启子,日本
豆瓣2016上映|30周年的电影,2,英雄本色,[1297574](https://movie.douban.com/subject/1297574/),8.6,吴宇森 / 周润发 / 狄龙,中国香港
豆瓣2016上映|30周年的电影,3,异形2 / Aliens,[1293792](https://movie.douban.com/subject/1293792/),8.1,詹姆斯·卡梅隆 / 西格妮·韦弗 / 凯莉·赫恩,美国
豆瓣2016上映|30周年的电影,4,伴我同行 / Stand by Me,[1292925](https://movie.douban.com/subject/1292925/),8.9,罗伯·莱纳 / 瑞凡·菲尼克斯 / 威尔·惠顿,美国
豆瓣2016上映|30周年的电影,5,壮志凌云 / Top Gun,[1293799](https://movie.douban.com/subject/1293799/),7.6,托尼·斯科特 / 汤姆·克鲁斯 / 凯莉·麦吉利斯,美国
豆瓣2016上映|30周年的电影,6,芙蓉镇,[1297880](https://movie.douban.com/subject/1297880/),9.3,谢晋 / 刘晓庆 / 姜文,中国大陆
豆瓣2016上映|30周年的电影,7,巴黎野玫瑰 / 37°2 le matin,[1303053](https://movie.douban.com/subject/1303053/),8.1,让-雅克·贝奈克斯 / 让·雨果·安格拉德 / 碧翠斯·黛尔,法国
豆瓣2016上映|30周年的电影,8,野战排 / Platoon,[1293396](https://movie.douban.com/subject/1293396/),8.2,奥利佛·斯通 / 威廉·达福 / 查理·辛,美国 英国
豆瓣2016上映|30周年的电影,9,恐怖分子 / 恐怖份子,[1305261](https://movie.douban.com/subject/1305261/),9.0,杨德昌 / 缪骞人 / 李立群,中国台湾
豆瓣2016上映|30周年的电影,10,霹雳五号 / Short Circuit,[1294366](https://movie.douban.com/subject/1294366/),8.6,约翰·班德汉姆 / 艾丽·西蒂 / 斯蒂夫·古根伯格,美国
 , , , , , , 
豆瓣2016上映|40周年的电影,1,出租车司机 / Taxi Driver,[1292222](https://movie.douban.com/subject/1292222/),8.6,马丁·斯科塞斯 / 罗伯特·德尼罗 / 朱迪·福斯特,美国
豆瓣2016上映|40周年的电影,2,感官世界 / 愛のコリーダ,[1292790](https://movie.douban.com/subject/1292790/),6.9,大岛渚 / 藤龙也 / 松田英子,法国 日本
豆瓣2016上映|40周年的电影,3,洛奇 / Rocky,[1295742](https://movie.douban.com/subject/1295742/),8.8,约翰·G·艾维尔森 / 西尔维斯特·史泰龙 / 塔莉娅·夏尔,美国
豆瓣2016上映|40周年的电影,4,魔女嘉莉 / Carrie,[1292664](https://movie.douban.com/subject/1292664/),7.5,布莱恩·德·帕尔玛 / 茜茜·斯派塞克 / 派珀·劳瑞,美国
豆瓣2016上映|40周年的电影,5,追捕 / 君よ憤怒の河を渉れ,[1291863](https://movie.douban.com/subject/1291863/),8.3,佐藤纯弥 / 高仓健 / 原田芳雄,日本
豆瓣2016上映|40周年的电影,6,卡桑德拉大桥 / The Cassandra Crossing,[1298917](https://movie.douban.com/subject/1298917/),8.3,乔治·P·科斯马图斯 / 索菲娅·罗兰 / 理查德·哈里斯,英国 意大利 西德
豆瓣2016上映|40周年的电影,7,半斤八两 / 半斤八兩,[1448758](https://movie.douban.com/subject/1448758/),8.3,许冠文 / 许冠文 / 许冠杰,中国香港
豆瓣2016上映|40周年的电影,8,怪房客 / Le locataire,[1297399](https://movie.douban.com/subject/1297399/),7.9,罗曼·波兰斯基 / 罗曼·波兰斯基 / 伊莎贝尔·阿佳妮,法国
豆瓣2016上映|40周年的电影,9,电视台风云 / Network,[1297531](https://movie.douban.com/subject/1297531/),8.4,西德尼·吕美特 / 费·唐纳薇 / 威廉·霍尔登,美国
豆瓣2016上映|40周年的电影,10,一九零零 / Novecento,[1300956](https://movie.douban.com/subject/1300956/),8.7,贝纳尔多·贝托鲁奇 / 罗伯特·德尼罗 / 热拉尔·德帕迪约,意大利 法国 西德
 , , , , , , 
豆瓣2016上映|50周年的电影,1,虎口脱险 / La grande vadrouille,[1296909](https://movie.douban.com/subject/1296909/),8.9,热拉尔·乌里 / 路易·德·菲奈斯 / 布尔维尔,法国 英国
豆瓣2016上映|50周年的电影,2,"黄金三镖客 / Il buono, il brutto, il cattivo",[1401118](https://movie.douban.com/subject/1401118/),9.2,赛尔乔·莱昂内 / 克林特·伊斯特伍德 / 埃里·瓦拉赫,意大利 西班牙 西德
豆瓣2016上映|50周年的电影,3,放大 / Blow-Up,[1310176](https://movie.douban.com/subject/1310176/),8.5,米开朗基罗·安东尼奥尼 / 瓦妮莎·雷德格雷夫 / 莎拉·米尔斯,英国 意大利
豆瓣2016上映|50周年的电影,4,假面 / Persona,[1294438](https://movie.douban.com/subject/1294438/),8.8,英格玛·伯格曼 / 毕比·安德松 / 丽芙·乌曼,瑞典
豆瓣2016上映|50周年的电影,5,偷龙转凤 / How to Steal a Million,[1293864](https://movie.douban.com/subject/1293864/),8.1,威廉·惠勒 / 奥黛丽·赫本 / 彼得·奥图尔,美国
豆瓣2016上映|50周年的电影,6,一个男人和一个女人 / Un homme et une femme,[1297606](https://movie.douban.com/subject/1297606/),8.4,克洛德·勒卢什 / 阿努克·艾梅 / 让-路易·特兰蒂尼昂,法国
豆瓣2016上映|50周年的电影,7,大菩萨岭 / 大菩薩峠,[1440164](https://movie.douban.com/subject/1440164/),8.6,冈本喜八 / 仲代达矢 / 新珠三千代,日本
豆瓣2016上映|50周年的电影,8,大醉侠 / 大醉俠,[1301946](https://movie.douban.com/subject/1301946/),7.5,胡金铨 / 郑佩佩 / 岳华,中国香港
豆瓣2016上映|50周年的电影,9,安德烈·卢布廖夫 / Андрей Рублёв,[1298248](https://movie.douban.com/subject/1298248/),9.0,安德烈·塔可夫斯基 / 安纳托利·索洛尼岑 / 伊万·拉皮科夫,苏联
豆瓣2016上映|50周年的电影,10,严密监视的列车 / Ostře sledované vlaky,[1303081](https://movie.douban.com/subject/1303081/),8.1,伊日·门泽尔 / 瓦茨拉夫·内茨卡 / 约瑟夫·索姆尔,捷克斯洛伐克
 , , , , , , 
豆瓣2017最值得期待的|华语电影,1,西游伏妖篇,[25801066](https://movie.douban.com/subject/25801066/),5.5,徐克 / 吴亦凡 / 林更新,中国大陆 中国香港
豆瓣2017最值得期待的|华语电影,2,三生三世十里桃花,[25823277](https://movie.douban.com/subject/25823277/),4.0,赵小丁 / 刘亦菲 / 杨洋,中国大陆
豆瓣2017最值得期待的|华语电影,3,嫌疑人X的献身,[26606743](https://movie.douban.com/subject/26606743/),6.3,苏有朋 / 王凯 / 张鲁一,中国大陆
豆瓣2017最值得期待的|华语电影,4,风中有朵雨做的云,[26728669](https://movie.douban.com/subject/26728669/),7.2,娄烨 / 井柏然 / 宋佳,中国大陆
豆瓣2017最值得期待的|华语电影,5,无问西东,[6874741](https://movie.douban.com/subject/6874741/),7.5,李芳芳 / 章子怡 / 黄晓明,中国大陆
豆瓣2017最值得期待的|华语电影,6,悟空传,[26035290](https://movie.douban.com/subject/26035290/),5.1,郭子健 / 彭于晏 / 倪妮,中国大陆
豆瓣2017最值得期待的|华语电影,7,妖猫传,[5350027](https://movie.douban.com/subject/5350027/),6.9,陈凯歌 / 黄轩 / 染谷将太,中国大陆 日本
豆瓣2017最值得期待的|华语电影,8,记忆大师,[25884801](https://movie.douban.com/subject/25884801/),7.1,陈正道 / 黄渤 / 段奕宏,中国大陆
豆瓣2017最值得期待的|华语电影,9,春娇救志明 / 春嬌救志明,[26639958](https://movie.douban.com/subject/26639958/),7.0,彭浩翔 / 余文乐 / 杨千嬅,中国香港 中国大陆
豆瓣2017最值得期待的|华语电影,10,乘风破浪,[26862259](https://movie.douban.com/subject/26862259/),6.8,韩寒 / 邓超 / 彭于晏,中国大陆
 , , , , , , 
豆瓣2017最值得期待的|外语电影,1,加勒比海盗5：死无对证 / Pirates of the Caribbean: Dead Men Tell No Tales,[6311303](https://movie.douban.com/subject/6311303/),7.2,艾斯彭·山德伯格 / 约翰尼·德普 / 布伦顿·思韦茨,美国
豆瓣2017最值得期待的|外语电影,2,攻壳机动队 / Ghost in the Shell,[25818101](https://movie.douban.com/subject/25818101/),6.4,鲁伯特·桑德斯 / 斯嘉丽·约翰逊 / 皮鲁·埃斯贝克,美国 印度 中国香港 中国大陆 加拿大
豆瓣2017最值得期待的|外语电影,3,敦刻尔克 / Dunkirk,[26607693](https://movie.douban.com/subject/26607693/),8.4,克里斯托弗·诺兰 / 菲恩·怀特海德 / 汤姆·格林-卡尼,英国 法国 美国 荷兰
豆瓣2017最值得期待的|外语电影,4,异形：契约 / Alien: Covenant,[11803087](https://movie.douban.com/subject/11803087/),7.4,雷德利·斯科特 / 迈克尔·法斯宾德 / 凯瑟琳·沃特斯顿,美国
豆瓣2017最值得期待的|外语电影,5,猜火车2 / T2 Trainspotting,[22263645](https://movie.douban.com/subject/22263645/),8.0,丹尼·博伊尔 / 伊万·麦克格雷格 / 约翰尼·李·米勒,英国
豆瓣2017最值得期待的|外语电影,6,神奇女侠 / Wonder Woman,[1578714](https://movie.douban.com/subject/1578714/),7.1,派蒂·杰金斯 / 盖尔·加朵 / 克里斯·派恩,美国 中国大陆 中国香港
豆瓣2017最值得期待的|外语电影,7,正义联盟 / Justice League,[2158490](https://movie.douban.com/subject/2158490/),6.3,扎克·施奈德 / 本·阿弗莱克 / 亨利·卡维尔,美国
豆瓣2017最值得期待的|外语电影,8,银河护卫队2 / Guardians of the Galaxy Vol. 2,[25937854](https://movie.douban.com/subject/25937854/),8.0,詹姆斯·古恩 / 克里斯·帕拉特 / 佐伊·索尔达娜,美国
豆瓣2017最值得期待的|外语电影,9,歌声不绝 / Song to Song,[6854414](https://movie.douban.com/subject/6854414/),5.6,泰伦斯·马力克 / 瑞恩·高斯林 / 鲁妮·玛拉,美国
豆瓣2017最值得期待的|外语电影,10,雷神3：诸神黄昏 / Thor: Ragnarok,[25821634](https://movie.douban.com/subject/25821634/),7.4,塔伊加·维迪提 / 克里斯·海姆斯沃斯 / 汤姆·希德勒斯顿,美国
 , , , , , , 
豆瓣2016-2017北美|颁奖季热门佳片,1,爱乐之城 / La La Land,[25934014](https://movie.douban.com/subject/25934014/),8.4,达米恩·查泽雷 / 瑞恩·高斯林 / 艾玛·斯通,美国
豆瓣2016-2017北美|颁奖季热门佳片,2,海边的曼彻斯特 / Manchester by the Sea,[25980443](https://movie.douban.com/subject/25980443/),8.6,肯尼思·洛纳根 / 卡西·阿弗莱克 / 卢卡斯·赫奇斯,美国
豆瓣2016-2017北美|颁奖季热门佳片,3,血战钢锯岭 / Hacksaw Ridge,[26325320](https://movie.douban.com/subject/26325320/),8.7,梅尔·吉布森 / 安德鲁·加菲尔德 / 萨姆·沃辛顿,澳大利亚 美国
豆瓣2016-2017北美|颁奖季热门佳片,4,沉默 / Silence,[1884684](https://movie.douban.com/subject/1884684/),7.7,马丁·斯科塞斯 / 安德鲁·加菲尔德 / 亚当·德赖弗,美国 英国 中国台湾 日本 墨西哥 意大利
豆瓣2016-2017北美|颁奖季热门佳片,5,萨利机长 / Sully,[26416603](https://movie.douban.com/subject/26416603/),8.3,克林特·伊斯特伍德 / 汤姆·汉克斯 / 艾伦·艾克哈特,美国
豆瓣2016-2017北美|颁奖季热门佳片,6,赴汤蹈火 / Hell or High Water,[26389148](https://movie.douban.com/subject/26389148/),8.1,大卫·马肯兹 / 克里斯·派恩 / 本·福斯特,美国
豆瓣2016-2017北美|颁奖季热门佳片,7,夜行动物 / Nocturnal Animals,[26353372](https://movie.douban.com/subject/26353372/),7.4,汤姆·福特 / 艾米·亚当斯 / 杰克·吉伦哈尔,美国
豆瓣2016-2017北美|颁奖季热门佳片,8,月光男孩 / Moonlight,[26648249](https://movie.douban.com/subject/26648249/),7.4,巴里·詹金斯 / 崔凡特·罗兹 / 安德烈·霍兰,美国
豆瓣2016-2017北美|颁奖季热门佳片,9,降临 / Arrival,[21324900](https://movie.douban.com/subject/21324900/),7.8,丹尼斯·维伦纽瓦 / 艾米·亚当斯 / 杰瑞米·雷纳,美国 加拿大
豆瓣2016-2017北美|颁奖季热门佳片,10,第一夫人 / Jackie,[4849728](https://movie.douban.com/subject/4849728/),6.6,帕布罗·拉雷恩 / 娜塔莉·波特曼 / 彼得·萨斯加德,美国 法国 智利
