Title 电影,Rank 排名,Rank-2022,Director 导演,豆瓣电影,豆瓣打分,豆瓣信息,Year 年份,Region 地区,Genre 类型,IMDb Movie,IMDb Score
Citizen Kane,🎉001,🎉001,Orson Welles,[公民凯恩 Citizen Kane](https://movie.douban.com/subject/1292288/),🌟8.8,奥逊·威尔斯 / 奥逊·威尔斯 / 约瑟夫·科顿 / 多萝西·康明戈尔 / 剧情 / 悬疑 / 美国 / 1941,1941,USA,Drama-Mystery,[Citizen Kane](https://www.imdb.com/title/tt0033467/),🌟8.3
Vertigo,🎉002,🎉002,Alfred Hitchcock,[迷魂记 Vertigo](https://movie.douban.com/subject/1297294/),🌟8.7,阿尔弗雷德·希区柯克 / 詹姆斯·斯图尔特 / 金·诺瓦克 / 芭芭拉·贝尔·戈迪斯 / 爱情 / 悬疑 / 惊悚 / 美国 / 1958,1958,USA,Thriller-Drama-Mystery,[Vertigo](https://www.imdb.com/title/tt0052357/),🌟8.3
2001: A Space Odyssey,🎉003,🎉003,Stanley Kubrick,[2001太空漫游 2001: A Space Odyssey](https://movie.douban.com/subject/1292226/),🌟8.9,斯坦利·库布里克 / 凯尔·杜拉 / 加里·洛克伍德 / 威廉姆·西尔维斯特 / 科幻 / 惊悚 / 冒险 / 英国/美国 / 1968,1968,UK-USA,Science Fiction,[2001: A Space Odyssey](https://www.imdb.com/title/tt0062622/),🌟8.3
Tokyo Story,🎉004,🎉005,Yasujiro Ozu,[东京物语 東京物語](https://movie.douban.com/subject/1291568/),🌟9.1,小津安二郎 / 笠智众 / 原节子 / 杉村春子 / 剧情 / 家庭 / 日本 / 1953,1953,Japan,Drama,[Tokyo Story](https://www.imdb.com/title/tt0046438/),🌟8.1
"Rules of the Game, The",🎉005,🎉004,Jean Renoir,[游戏规则 La Règle du jeu](https://movie.douban.com/subject/1401261/),🌟8.4,让·雷诺阿 / 诺拉·格雷戈尔 / 波莱特·杜博斯特 / 米拉·帕雷利 / 喜剧 / 剧情 / 法国 / 1939,1939,France,Drama-Comedy,[The Rules of the Game](https://www.imdb.com/title/tt0031885/),🌟7.9
"Godfather, The",🎉006,🎉007,Francis Ford Coppola,[教父 The Godfather](https://movie.douban.com/subject/1291841/),🌟9.3,弗朗西斯·福特·科波拉 / 马龙·白兰度 / 阿尔·帕西诺 / 詹姆斯·肯恩 / 剧情 / 犯罪 / 美国 / 1972,1972,USA,Drama-Crime,[The Godfather](https://www.imdb.com/title/tt0068646/),🌟9.2
8½,🎉007,🎉006,Federico Fellini,[八部半 8½](https://movie.douban.com/subject/1361276/),🌟8.6,费德里科·费里尼 / 马塞洛·马斯楚安尼 / 克劳迪娅·卡汀娜 / 阿努克·艾梅 / 剧情 / 意大利/法国 / 1963,1963,Italy,Drama,[8½](https://www.imdb.com/title/tt0056801/),🌟8
Sunrise,🎉008,🎉008,F.W. Murnau,[日出 Sunrise: A Song of Two Humans](https://movie.douban.com/subject/1295753/),🌟8.8,F·W·茂瑙 / 乔治·奥布莱恩 / 珍妮·盖诺 / 玛格丽特·利文斯顿 / 剧情 / 爱情 / 美国 / 1927,1927,USA,Romance-Drama-Crime,[Sunrise](https://www.imdb.com/title/tt0018455/),🌟8.1
"Searchers, The",🎉009,🎉009,John Ford,[搜索者 The Searchers](https://movie.douban.com/subject/1292668/),🌟7.9,约翰·福特 / 约翰·韦恩 / 杰弗里·亨特 / 维拉·迈尔斯 / 剧情 / 西部 / 冒险 / 美国 / 1956,1956,USA,Western,[The Searchers](https://www.imdb.com/title/tt0049730/),🌟7.8
Seven Samurai,🎉010,🎉010,Akira Kurosawa,[七武士 七人の侍](https://movie.douban.com/subject/1295399/),🌟9.3,黑泽明 / 三船敏郎 / 志村乔 / 津岛惠子 / 动作 / 冒险 / 剧情 / 日本 / 1954,1954,Japan,Drama-Action,[Seven Samurai](https://www.imdb.com/title/tt0047478/),🌟8.6
Singin' in the Rain,🎉011,🎉012,Stanley & Gene Kelly Donen,[雨中曲 Singin' in the Rain](https://movie.douban.com/subject/1293460/),🌟9.1,斯坦利·多南 / 吉恩·凯利 / 吉恩·凯利 / 唐纳德·奥康纳 / 黛比·雷诺斯 / 喜剧 / 歌舞 / 爱情 / 美国 / 1952,1952,USA,Musical-Dance-Comedy,[Singin' in the Rain](https://www.imdb.com/title/tt0045152/),🌟8.3
"Jeanne Dielman, 23 Quai du Commerce, 1080 Bruxelles",🎉012,🎉085,Chantal Akerman,"[让娜·迪尔曼 Jeanne Dielman, 23 Quai du Commerce, 1080 Bruxelles](https://movie.douban.com/subject/1868933/)",🌟8.9,香特尔·阿克曼 / 德菲因·塞里格 / 亨利.斯多克 / 雅克·多尼奥-瓦克罗兹 / 剧情 / 比利时/法国 / 1975,1975,Belgium-France,Drama-Avant-Garde,"[Jeanne Dielman, 23, quai du commerce, 1080 Bruxelles](https://www.imdb.com/title/tt0073198/)",🌟7.5
Apocalypse Now,🎉013,🎉011,Francis Ford Coppola,[现代启示录 Apocalypse Now](https://movie.douban.com/subject/1292260/),🌟8.5,弗朗西斯·福特·科波拉 / 马丁·辛 / 马龙·白兰度 / 罗伯特·杜瓦尔 / 剧情 / 战争 / 美国 / 1979,1979,USA,War-Drama-Adventure,[Apocalypse Now](https://www.imdb.com/title/tt0078788/),🌟8.4
Bicycle Thieves,🎉014,🎉013,Vittorio De Sica,[偷自行车的人 Ladri di biciclette](https://movie.douban.com/subject/1295873/),🌟9.1,维托里奥·德西卡 / 兰贝托·马乔拉尼 / 恩佐·斯泰奥拉 / 莉安拉·卡雷尔 / 犯罪 / 剧情 / 意大利 / 1948,1948,Italy,Drama,[Bicycle Thieves](https://www.imdb.com/title/tt0040522/),🌟8.3
Taxi Driver,🎉015,🎉014,Martin Scorsese,[出租车司机 Taxi Driver](https://movie.douban.com/subject/1292222/),🌟8.6,马丁·斯科塞斯 / 罗伯特·德尼罗 / 朱迪·福斯特 / 斯碧尔·谢波德 / 剧情 / 犯罪 / 美国 / 1976,1976,USA,Drama-Crime,[Taxi Driver](https://www.imdb.com/title/tt0075314/),🌟8.2
Persona,🎉016,🎉019,Ingmar Bergman,[假面 Persona](https://movie.douban.com/subject/1294438/),🌟8.8,英格玛·伯格曼 / 毕比·安德松 / 丽芙·乌曼 / 玛格丽塔·克罗克 / 剧情 / 惊悚 / 瑞典 / 1966,1966,Sweden,Drama,[Persona](https://www.imdb.com/title/tt0060827/),🌟8.1
"Passion of Joan of Arc, The",🎉017,🎉018,Carl Theodor Dreyer,[圣女贞德蒙难记 La Passion de Jeanne d'Arc](https://movie.douban.com/subject/1293783/),🌟8.7,卡尔·西奥多·德莱叶 / 玛利亚·法奥康涅蒂 / 安德烈·贝利 / 莫里斯·舒茨 / 传记 / 犯罪 / 剧情 / 历史 / 法国 / 1928,1928,France,History-Drama-Biography,[The Passion of Joan of Arc](https://www.imdb.com/title/tt0019254/),🌟8.1
Breathless,🎉018,🎉016,Jean-Luc Godard,[精疲力尽 À bout de souffle](https://movie.douban.com/subject/1353745/),🌟8.4,让-吕克·戈达尔 / 珍·茜宝 / 让-保罗·贝尔蒙多 / 达尼埃尔·布朗热 / 剧情 / 爱情 / 犯罪 / 法国 / 1960,1960,France,Romance-Drama-Crime,[Breathless](https://www.imdb.com/title/tt0053472/),🌟7.7
In the Mood for Love,🎉019,🎉042,Wong Kar-wai,[花样年华 花樣年華](https://movie.douban.com/subject/1291557/),🌟8.7,王家卫 / 梁朝伟 / 张曼玉 / 潘迪华 / 剧情 / 爱情 / 中国香港 / 2000,2000,Hong Kong-France,Romance-Drama,[In the Mood for Love](https://www.imdb.com/title/tt0118694/),🌟8.1
Battleship Potemkin,🎉020,🎉015,Sergei Eisenstein,[战舰波将金号 Броненосец Потёмкин](https://movie.douban.com/subject/1293492/),🌟8.7,谢尔盖·爱森斯坦 / 亚历山大·安东诺夫 / 弗拉迪米尔·巴斯基 / 格里高利·亚历山德罗夫 / 剧情 / 历史 / 战争 / 苏联 / 1925,1925,USSR,War-History,[Battleship Potemkin](https://www.imdb.com/title/tt0015648/),🌟7.9
"Atalante, L'",🎉021,🎉017,Jean Vigo,[亚特兰大号 L'Atalante](https://movie.douban.com/subject/1299433/),🌟8.1,让·维果 / 米歇尔·西蒙 / 迪塔·帕尔洛 / 让·达斯特 / 剧情 / 爱情 / 法国 / 1934,1934,France,Romance-Drama,[L'Atalante](https://www.imdb.com/title/tt0024844/),🌟7.8
"Man with a Movie Camera, The",🎉022,🎉020,Dziga Vertov,[持摄影机的人 Человек с Киноаппаратом](https://movie.douban.com/subject/1293199/),🌟9.1,吉加·维尔托夫 / Mikhail Kaufman / 纪录片 / 苏联 / 1929,1929,USSR,Documentary-Avant-Garde,[Man with a Movie Camera](https://www.imdb.com/title/tt0019760/),🌟8.4
Mirror,🎉023,🎉028,Andrei Tarkovsky,[镜子 Зеркало](https://movie.douban.com/subject/1299248/),🌟9.0,安德烈·塔可夫斯基 / 玛格丽特·捷列霍娃 / 因诺肯季·斯莫克图诺夫斯基 / 奥列格·扬科夫斯基 / 传记 / 剧情 / 历史 / 战争 / 苏联 / 1975,1975,USSR,Drama,[Mirror](https://www.imdb.com/title/tt0072443/),🌟8
Rashomon,🎉024,🎉021,Akira Kurosawa,[罗生门 羅生門](https://movie.douban.com/subject/1291879/),🌟8.8,黑泽明 / 三船敏郎 / 京町子 / 森雅之 / 剧情 / 犯罪 / 悬疑 / 日本 / 1950,1950,Japan,Drama-Crime-Mystery,[Rashomon](https://www.imdb.com/title/tt0042876/),🌟8.2
City Lights,🎉025,🎉025,Charles Chaplin,[城市之光 City Lights](https://movie.douban.com/subject/1293908/),🌟9.3,查理·卓别林 / 查理·卓别林 / 弗吉尼亚·切瑞尔 / 佛罗伦斯·李 / 喜剧 / 剧情 / 爱情 / 美国 / 1931,1931,USA,Romance-Comedy,[City Lights](https://www.imdb.com/title/tt0021749/),🌟8.5
Psycho,🎉026,🎉022,Alfred Hitchcock,[惊魂记 Psycho](https://movie.douban.com/subject/1293181/),🌟9.0,阿尔弗雷德·希区柯克 / 安东尼·博金斯 / 维拉·迈尔斯 / 约翰·加文 / 悬疑 / 惊悚 / 恐怖 / 美国 / 1960,1960,USA,Thriller-Horror,[Psycho](https://www.imdb.com/title/tt0054215/),🌟8.5
"400 Blows, The",🎉027,🎉024,François Truffaut,[四百击 Les quatre cents coups](https://movie.douban.com/subject/1300056/),🌟8.9,弗朗索瓦·特吕弗 / 让-皮埃尔·利奥德 / 克莱尔·莫里耶 / 阿尔贝·雷米 / 犯罪 / 剧情 / 法国 / 1959,1959,France,Drama,[The 400 Blows](https://www.imdb.com/title/tt0053198/),🌟8.1
Andrei Rublev,🎉028,🎉023,Andrei Tarkovsky,[安德烈·卢布廖夫 Андрей Рублёв](https://movie.douban.com/subject/1298248/),🌟9.0,安德烈·塔可夫斯基 / 安纳托利·索洛尼岑 / 伊万·拉皮科夫 / 尼古拉·格林科 / 传记 / 剧情 / 历史 / 战争 / 苏联 / 1966,1966,USSR,History-Biography,[Andrei Rublev](https://www.imdb.com/title/tt0060107/),🌟8.1
Au hasard Balthazar,🎉029,🎉036,Robert Bresson,[驴子巴特萨 Au hasard Balthazar](https://movie.douban.com/subject/1401619/),🌟8.3,罗伯特·布列松 / 安妮·维亚泽姆斯基 / Walter Green / François Lafarge / 剧情 / 法国/瑞典 / 1966,1966,France,Drama,[Au hasard Balthazar](https://www.imdb.com/title/tt0060138/),🌟7.8
Some Like it Hot,🎉030,🎉029,Billy Wilder,[热情如火 Some Like It Hot](https://movie.douban.com/subject/1292574/),🌟8.9,比利·怀尔德 / 玛丽莲·梦露 / 托尼·柯蒂斯 / 杰克·莱蒙 / 喜剧 / 美国 / 1959,1959,USA,Comedy-Romance,[Some Like It Hot](https://www.imdb.com/title/tt0053291/),🌟8.2
"Godfather Part II, The",🎉031,🎉027,Francis Ford Coppola,[教父2 The Godfather: Part II](https://movie.douban.com/subject/1299131/),🌟9.3,弗朗西斯·福特·科波拉 / 阿尔·帕西诺 / 罗伯特·杜瓦尔 / 黛安·基顿 / 剧情 / 犯罪 / 美国 / 1974,1974,USA,Drama-Crime,[The Godfather Part II](https://www.imdb.com/title/tt0071562/),🌟9
"Dolce vita, La",🎉032,🎉030,Federico Fellini,[甜蜜的生活 La dolce vita](https://movie.douban.com/subject/1293271/),🌟8.6,费德里科·费里尼 / 马塞洛·马斯楚安尼 / 安妮塔·艾克伯格 / 阿努克·艾梅 / 剧情 / 喜剧 / 意大利/法国 / 1960,1960,Italy,Drama,[La Dolce Vita](https://www.imdb.com/title/tt0053779/),🌟8
Mulholland Dr.,🎉033,🎉048,David Lynch,[穆赫兰道 Mulholland Dr.](https://movie.douban.com/subject/1292217/),🌟8.4,大卫·林奇 / 娜奥米·沃茨 / 劳拉·哈灵 / 安·米勒 / 剧情 / 悬疑 / 惊悚 / 法国/美国 / 2001,2001,France-USA,Mystery-Drama-Thriller,[Mulholland Drive](https://www.imdb.com/title/tt0166924/),🌟7.9
Ordet,🎉034,🎉034,Carl Theodor Dreyer,[词语 Ordet](https://movie.douban.com/subject/1303566/),🌟8.3,卡尔·西奥多·德莱叶 / Hanne Agesen / Kirsten Andreasen / Sylvia Eckhausen / 剧情 / 丹麦 / 1955,1955,Denmark,Religious-Drama,[Ordet](https://www.imdb.com/title/tt0048452/),🌟8.3
Raging Bull,🎉035,🎉026,Martin Scorsese,[愤怒的公牛 Raging Bull](https://movie.douban.com/subject/1293155/),🌟8.4,马丁·斯科塞斯 / 罗伯特·德尼罗 / 凯西·莫拉蒂 / 乔·佩西 / 剧情 / 传记 / 运动 / 美国 / 1980,1980,USA,Drama-Biography-Sport,[Raging Bull](https://www.imdb.com/title/tt0081398/),🌟8.1
"Night of the Hunter, The",🎉036,🎉043,Charles Laughton,[猎人之夜 The Night of the Hunter](https://movie.douban.com/subject/1293582/),🌟8.0,查尔斯·劳顿 / 罗伯特·米彻姆 / 谢利·温特斯 / 丽莲·吉许 / 犯罪 / 惊悚 / 黑色电影 / 美国 / 1955,1955,USA,Drama-Crime-Thriller,[The Night of the Hunter](https://www.imdb.com/title/tt0048424/),🌟8
"Avventura, L'",🎉037,🎉038,Michelangelo Antonioni,[奇遇 L'avventura](https://movie.douban.com/subject/1389923/),🌟8.2,米开朗基罗·安东尼奥尼 / 加布里埃尔·费泽蒂 / 莫尼卡·维蒂 / 蕾雅·马萨利 / 剧情 / 悬疑 / 意大利/法国 / 1960,1960,Italy-France,Drama-Mystery-Romance,[L'Avventura](https://www.imdb.com/title/tt0053619/),🌟7.7
Rear Window,🎉038,🎉041,Alfred Hitchcock,[后窗 Rear Window](https://movie.douban.com/subject/1299080/),🌟8.7,阿尔弗雷德·希区柯克 / 詹姆斯·斯图尔特 / 格蕾丝·凯利 / 温戴尔·柯瑞 / 悬疑 / 惊悚 / 美国 / 1954,1954,USA,Thriller-Mystery,[Rear Window](https://www.imdb.com/title/tt0047396/),🌟8.5
Playtime,🎉039,🎉050,Jacques Tati,[玩乐时间 Play Time](https://movie.douban.com/subject/1303543/),🌟8.8,雅克·塔蒂 / 雅克·塔蒂 / Barbara Dennek / France Rumilly / 喜剧 / 法国/意大利 / 1967,1967,France,Comedy,[Playtime](https://www.imdb.com/title/tt0062136/),🌟7.8
Sunset Blvd.,🎉040,🎉032,Billy Wilder,[日落大道 Sunset Blvd.](https://movie.douban.com/subject/1298733/),🌟8.8,比利·怀尔德 / 威廉·霍尔登 / 葛洛丽亚·斯旺森 / 埃里克·冯·施特罗海姆 / 剧情 / 黑色电影 / 美国 / 1950,1950,USA,Drama,[Sunset Blvd.](https://www.imdb.com/title/tt0043014/),🌟8.4
Touch of Evil,🎉041,🎉031,Orson Welles,[历劫佳人 Touch of Evil](https://movie.douban.com/subject/1294756/),🌟8.1,奥逊·威尔斯 / 查尔顿·赫斯顿 / 珍妮特·利 / 奥逊·威尔斯 / 犯罪 / 黑色电影 / 惊悚 / 美国 / 1958,1958,USA,Thriller-Crime,[Touch of Evil](https://www.imdb.com/title/tt0052311/),🌟8
Casablanca,🎉042,🎉035,Michael Curtiz,[卡萨布兰卡 Casablanca](https://movie.douban.com/subject/1296753/),🌟8.7,迈克尔·柯蒂兹 / 亨弗莱·鲍嘉 / 英格丽·褒曼 / 保罗·亨雷德 / 剧情 / 爱情 / 战争 / 美国 / 1942,1942,USA,War-Romance-Drama,[Casablanca](https://www.imdb.com/title/tt0034583/),🌟8.5
Pather Panchali,🎉043,🎉056,Satyajit Ray,[大地之歌 পথের পাঁচালী](https://movie.douban.com/subject/1306019/),🌟8.9,萨蒂亚吉特·雷伊 / 卡奴·班纳杰 / 卡鲁娜·班纳杰 / 楚尼巴拉·德芙 / 剧情 / 印度 / 1955,1955,India,Drama,[Pather Panchali](https://www.imdb.com/title/tt0048473/),🌟8.2
Contempt,🎉044,🎉040,Jean-Luc Godard,[蔑视 Le mépris](https://movie.douban.com/subject/1303555/),🌟7.7,让-吕克·戈达尔 / 碧姬·芭铎 / 米歇尔·皮科利 / 杰克·帕兰斯 / 剧情 / 爱情 / 法国/意大利 / 1963,1963,France-Italy,Drama,[Contempt](https://www.imdb.com/title/tt0057345/),🌟7.5
Barry Lyndon,🎉045,🎉052,Stanley Kubrick,[巴里·林登 Barry Lyndon](https://movie.douban.com/subject/1292472/),🌟8.8,斯坦利·库布里克 / 瑞安·奥尼尔 / 马里莎·贝伦森 / 帕特里克·马基 / 剧情 / 爱情 / 战争 / 英国/美国 / 1975,1975,UK,Drama,[Barry Lyndon](https://www.imdb.com/title/tt0072684/),🌟8.1
Stalker,🎉046,🎉053,Andrei Tarkovsky,[潜行者 Сталкер](https://movie.douban.com/subject/1295656/),🌟8.8,安德烈·塔可夫斯基 / 亚历山大·凯伊达诺夫斯基 / 阿丽萨·弗雷因德利赫 / 安纳托利·索洛尼岑 / 剧情 / 科幻 / 悬疑 / 苏联 / 1979,1979,USSR,Science Fiction-Mystery,[Stalker](https://www.imdb.com/title/tt0079944/),🌟8.1
Blade Runner,🎉047,🎉037,Ridley Scott,[银翼杀手 Blade Runner](https://movie.douban.com/subject/1291839/),🌟8.6,雷德利·斯科特 / 哈里森·福特 / 鲁格·豪尔 / 肖恩·杨 / 科幻 / 惊悚 / 美国 / 1982,1982,USA,Science Fiction-Thriller-Drama,[Blade Runner](https://www.imdb.com/title/tt0083658/),🌟8.1
Close-Up,🎉048,🎉083,Abbas Kiarostami,[特写 کلوزآپ](https://movie.douban.com/subject/1303521/),🌟8.8,阿巴斯·基亚罗斯塔米 / Hossain Sabzian / 莫森·玛克玛尔巴夫 / Abolfazl Ahankhah / 犯罪 / 剧情 / 伊朗 / 1990,1990,Iran,Documentary-Drama-Crime,[Close-Up](https://www.imdb.com/title/tt0100234/),🌟8.2
Lawrence of Arabia,🎉049,🎉033,David Lean,[阿拉伯的劳伦斯 Lawrence of Arabia](https://movie.douban.com/subject/1292349/),🌟8.7,大卫·里恩 / 彼得·奥图尔 / 亚历克·吉尼斯 / 安东尼·奎恩 / 剧情 / 传记 / 冒险 / 英国 / 1962,1962,UK,War-Biography-Adventure,[Lawrence of Arabia](https://www.imdb.com/title/tt0056172/),🌟8.3
"General, The",🎉050,🎉039,Buster & Clyde Bruckman Keaton,[将军号 The General](https://movie.douban.com/subject/1292778/),🌟9.1,巴斯特·基顿 / 克莱德·布鲁克曼 / 巴斯特·基顿 / 玛丽昂·马克 / 格伦·卡文德 / 剧情 / 喜剧 / 动作 / 战争 / 冒险 / 美国 / 1926,1926,USA,Comedy-Adventure,[The General](https://www.imdb.com/title/tt0017925/),🌟8.1
Beau travail,🎉051,🎉114,Claire Denis,[军中禁恋 Beau travail](https://movie.douban.com/subject/1306791/),🌟7.4,克莱尔·德尼 / 德尼·拉旺 / 米歇尔·索博 / 格莱戈尔·科林 / 剧情 / 同性 / 法国 / 1999,1999,France,Drama,[Beau travail](https://www.imdb.com/title/tt0209933/),🌟7.3
Modern Times,🎉052,🎉045,Charles Chaplin,[摩登时代 Modern Times](https://movie.douban.com/subject/1294371/),🌟9.3,查理·卓别林 / 查理·卓别林 / 宝莲·高黛 / 亨利·伯格曼 / 剧情 / 喜剧 / 爱情 / 美国 / 1936,1936,USA,Comedy-Romance,[Modern Times](https://www.imdb.com/title/tt0027977/),🌟8.5
M,🎉053,🎉057,Fritz Lang,[M就是凶手 M - Eine Stadt sucht einen Mörder](https://movie.douban.com/subject/1293381/),🌟8.3,弗里茨·朗 / 彼得·洛 / 艾伦·维德曼 / 因格·兰德特 / 剧情 / 犯罪 / 惊悚 / 黑色电影 / 德国 / 1931,1931,Germany,Thriller-Drama-Crime,[M](https://www.imdb.com/title/tt0022100/),🌟8.3
"Third Man, The",🎉054,🎉046,Carol Reed,[第三人 The Third Man](https://movie.douban.com/subject/1295451/),🌟8.2,卡罗尔·里德 / 约瑟夫·科顿 / 阿莉达·瓦利 / 奥逊·威尔斯 / 黑色电影 / 悬疑 / 惊悚 / 英国 / 1949,1949,UK,Mystery-Thriller,[The Third Man](https://www.imdb.com/title/tt0041959/),🌟8.1
Late Spring,🎉055,🎉081,Yasujiro Ozu,[晚春 晩春](https://movie.douban.com/subject/1307265/),🌟8.7,小津安二郎 / 笠智众 / 原节子 / 月丘梦路 / 剧情 / 家庭 / 日本 / 1949,1949,Japan,Drama,[Late Spring](https://www.imdb.com/title/tt0041154/),🌟8.2
North by Northwest,🎉056,🎉058,Alfred Hitchcock,[西北偏北 North by Northwest](https://movie.douban.com/subject/1295872/),🌟8.3,阿尔弗雷德·希区柯克 / 加里·格兰特 / 爱娃·玛丽·森特 / 詹姆斯·梅森 / 悬疑 / 惊悚 / 冒险 / 美国 / 1959,1959,USA,Thriller-Spy-Romance,[North by Northwest](https://www.imdb.com/title/tt0053125/),🌟8.3
Ugetsu monogatari,🎉057,🎉047,Kenji Mizoguchi,[雨月物语 雨月物語](https://movie.douban.com/subject/1303577/),🌟8.6,沟口健二 / 田中绢代 / 森雅之 / 小泽荣太郎 / 剧情 / 战争 / 奇幻 / 日本 / 1953,1953,Japan,Drama,[Ugetsu](https://www.imdb.com/title/tt0046478/),🌟8.2
"Battle of Algiers, The",🎉058,🎉076,Gillo Pontecorvo,[阿尔及尔之战 La battaglia di Algeri](https://movie.douban.com/subject/1419005/),🌟8.6,吉洛·彭泰科沃 / Brahim Hadjadj / 让·马丹 / Yacef Saadi / 剧情 / 历史 / 战争 / 意大利/阿尔及利亚 / 1966,1966,Italy-Algeria,War-Political-Drama,[The Battle of Algiers](https://www.imdb.com/title/tt0058946/),🌟8.1
"Apartment, The",🎉059,🎉059,Billy Wilder,[桃色公寓 The Apartment](https://movie.douban.com/subject/1394218/),🌟8.8,比利·怀尔德 / 杰克·莱蒙 / 雪莉·麦克雷恩 / 弗莱德·麦克莫瑞 / 爱情 / 喜剧 / 剧情 / 美国 / 1960,1960,USA,Drama-Comedy,[The Apartment](https://www.imdb.com/title/tt0053604/),🌟8.3
"Grande illusion, La",🎉060,🎉044,Jean Renoir,[大幻影 La grande illusion](https://movie.douban.com/subject/1294808/),🌟8.4,让·雷诺阿 / 让·迦本 / 迪塔·帕尔洛 / 皮埃尔·弗雷奈 / 剧情 / 战争 / 法国 / 1937,1937,France,Prison-Drama-War,[The Grand Illusion](https://www.imdb.com/title/tt0028950/),🌟8.1
Wild Strawberries,🎉061,🎉060,Ingmar Bergman,[野草莓 Smultronstället](https://movie.douban.com/subject/1293071/),🌟8.8,英格玛·伯格曼 / 维克多·斯约斯特洛姆 / 毕比·安德松 / 英格丽·图林 / 剧情 / 爱情 / 家庭 / 瑞典 / 1957,1957,Sweden,Drama,[Wild Strawberries](https://www.imdb.com/title/tt0050986/),🌟8.1
Fanny and Alexander,🎉062,🎉051,Ingmar Bergman,[芬妮与亚历山大 Fanny och Alexander](https://movie.douban.com/subject/1292784/),🌟8.7,英格玛·伯格曼 / 克里斯蒂娜·阿道夫森 / 伯杰·阿斯特 / 佩妮娜·奥威 / 剧情 / 法国/瑞典/西德 / 1982,1982,Sweden,Drama,[Fanny and Alexander](https://www.imdb.com/title/tt0083922/),🌟8.1
Rio Bravo,🎉063,🎉054,Howard Hawks,[赤胆屠龙 Rio Bravo](https://movie.douban.com/subject/1298497/),🌟8.1,霍华德·霍克斯 / 约翰·韦恩 / 迪恩·马丁 / 瑞奇·尼尔森 / 剧情 / 喜剧 / 爱情 / 西部 / 美国 / 1959,1959,USA,Western,[Rio Bravo](https://www.imdb.com/title/tt0053221/),🌟8
GoodFellas,🎉064,🎉071,Martin Scorsese,[好家伙 GoodFellas](https://movie.douban.com/subject/1292268/),🌟8.5,马丁·斯科塞斯 / 罗伯特·德尼罗 / 雷·利奥塔 / 乔·佩西 / 剧情 / 传记 / 犯罪 / 美国 / 1990,1990,USA,Drama-Crime,[Goodfellas](https://www.imdb.com/title/tt0099685/),🌟8.7
Shoah,🎉065,🎉072,Claude Lanzmann,[浩劫 Shoah](https://movie.douban.com/subject/1303328/),🌟9.0,克洛德·朗兹曼 / 克洛德·朗兹曼 / 西蒙·斯雷尼 / 迈克尔·波迪克雷尼克 / 纪录片 / 历史 / 战争 / 法国 / 1985,1985,France,Documentary-War-History,[Shoah](https://www.imdb.com/title/tt0090015/),🌟8.7
Pierrot le fou,🎉066,🎉067,Jean-Luc Godard,[狂人皮埃罗 Pierrot le fou](https://movie.douban.com/subject/1292533/),🌟8.4,让-吕克·戈达尔 / 让-保罗·贝尔蒙多 / 安娜·卡里娜 / 贾泽拉·加瓦尼 / 剧情 / 爱情 / 犯罪 / 法国/意大利 / 1965,1965,France-Italy,Drama-Crime-Romance,[Pierrot le Fou](https://www.imdb.com/title/tt0059592/),🌟7.4
Journey to Italy,🎉067,🎉074,Roberto Rossellini,[游览意大利 Viaggio in Italia](https://movie.douban.com/subject/1303576/),🌟7.8,罗伯托·罗西里尼 / 英格丽·褒曼 / 乔治·桑德斯 / Leslie Daniels / 剧情 / 法国/意大利 / 1954,1954,Italy,Romance-Drama,[Journey to Italy](https://www.imdb.com/title/tt0046511/),🌟7.3
Metropolis,🎉068,🎉063,Fritz Lang,[大都会 Metropolis](https://movie.douban.com/subject/1298107/),🌟9.1,弗里茨·朗 / 阿弗莱德·阿贝尔 / 古斯塔夫·佛力施 / 鲁道夫·克莱恩-鲁格 / 剧情 / 科幻 / 德国 / 1927,1927,Germany,Fantasy-Science Fiction-Drama,[Metropolis](https://www.imdb.com/title/tt0017136/),🌟8.3
Dr. Strangelove or: How I Learned to Stop Worrying and Love the Bomb,🎉069,🎉049,Stanley Kubrick,[奇爱博士 Dr. Strangelove or: How I Learned to Stop Worrying and Love the Bomb](https://movie.douban.com/subject/1322848/),🌟8.9,斯坦利·库布里克 / 彼得·塞勒斯 / 乔治·C·斯科特 / 斯特林·海登 / 剧情 / 喜剧 / 战争 / 美国/英国 / 1964,1964,UK-USA,War-Comedy,[Dr. Strangelove or: How I Learned to Stop Worrying and Love the Bomb](https://www.imdb.com/title/tt0057012/),🌟8.4
Once Upon a Time in the West,🎉070,🎉062,Sergio Leone,[西部往事 C'era una volta il West](https://movie.douban.com/subject/1293394/),🌟8.7,赛尔乔·莱昂内 / 亨利·方达 / 查尔斯·布朗森 / 克劳迪娅·卡汀娜 / 剧情 / 犯罪 / 西部 / 意大利/美国 / 1968,1968,Italy-USA,Western,[Once Upon a Time in the West](https://www.imdb.com/title/tt0064116/),🌟8.5
Chinatown,🎉071,🎉055,Roman Polanski,[唐人街 Chinatown](https://movie.douban.com/subject/1293889/),🌟8.4,罗曼·波兰斯基 / 杰克·尼科尔森 / 费·唐纳薇 / 约翰·休斯顿 / 犯罪 / 剧情 / 悬疑 / 惊悚 / 美国 / 1974,1974,USA,Mystery-Crime,[Chinatown](https://www.imdb.com/title/tt0071315/),🌟8.2
"Strada, La",🎉072,🎉068,Federico Fellini,[大路 La strada](https://movie.douban.com/subject/1292719/),🌟8.9,费德里科·费里尼 / 安东尼·奎恩 / 朱丽叶塔·马西纳 / 理查德·贝斯哈特 / 剧情 / 意大利 / 1954,1954,Italy,Drama,[La strada](https://www.imdb.com/title/tt0047528/),🌟8
"Enfants du paradis, Les",🎉073,🎉061,Marcel Carné,[天堂的孩子 Les enfants du paradis](https://movie.douban.com/subject/1300375/),🌟8.5,马塞尔·卡尔内 / 阿莱蒂 / 让-路易斯·巴劳特 / 皮埃尔·布拉瑟 / 剧情 / 爱情 / 法国 / 1945,1945,France,Romance-Drama,[Children of Paradise](https://www.imdb.com/title/tt0037674/),🌟8.3
Do the Right Thing,🎉074,🎉139,Spike Lee,[为所应为 Do the Right Thing](https://movie.douban.com/subject/1293958/),🌟8.2,斯派克·李 / 丹尼·爱罗 / 奥西·戴维斯 / 露比·迪 / 剧情 / 喜剧 / 美国 / 1989,1989,USA,Drama-Comedy,[Do the Right Thing](https://www.imdb.com/title/tt0097216/),🌟8
"Leopard, The",🎉075,🎉070,Luchino Visconti,[豹 Il gattopardo](https://movie.douban.com/subject/1293146/),🌟8.7,卢基诺·维斯康蒂 / 伯特·兰卡斯特 / 克劳迪娅·卡汀娜 / 阿兰·德龙 / 剧情 / 历史 / 爱情 / 战争 / 意大利/法国 / 1963,1963,Italy-France,History-Drama,[The Leopard](https://www.imdb.com/title/tt0057091/),🌟8
Amarcord,🎉076,🎉065,Federico Fellini,[阿玛柯德 Amarcord](https://movie.douban.com/subject/1298672/),🌟8.7,费德里科·费里尼 / 普佩拉·玛奇奥 / 阿尔曼多·布兰恰 / 玛加莉·诺埃尔 / 剧情 / 喜剧 / 意大利/法国 / 1973,1973,Italy,Drama-Comedy,[Amarcord](https://www.imdb.com/title/tt0071129/),🌟7.9
"Woman Under the Influence, A",🎉077,🎉094,John Cassavetes,[醉酒的女人 A Woman Under the Influence](https://movie.douban.com/subject/1293525/),🌟8.2,约翰·卡萨维蒂 / 彼得·法尔克 / 吉娜·罗兰兹 / 弗雷德·德雷珀 / 剧情 / 爱情 / 美国 / 1974,1974,USA,Drama,[A Woman Under the Influence](https://www.imdb.com/title/tt0072417/),🌟8.1
"Man Escaped, A",🎉078,🎉092,Robert Bresson,[死囚越狱 Un Condamné à mort s'est échappé](https://movie.douban.com/subject/1303562/),🌟8.5,罗伯特·布列松 / 弗朗索瓦·莱特瑞尔 / 查尔斯·勒克莱恩 / 莫里斯·贝尔布洛克 / 剧情 / 战争 / 惊悚 / 法国 / 1956,1956,France,Prison-Drama,[A Man Escaped](https://www.imdb.com/title/tt0049902/),🌟8.2
"Seventh Seal, The",🎉079,🎉075,Ingmar Bergman,[第七封印 Det sjunde inseglet](https://movie.douban.com/subject/1293234/),🌟8.5,英格玛·伯格曼 / 古纳尔·布约恩施特兰德 / 本特·埃切罗特 / 尼尔斯·波普 / 剧情 / 奇幻 / 瑞典 / 1957,1957,Sweden,Fantasy-Drama,[The Seventh Seal](https://www.imdb.com/title/tt0050976/),🌟8.1
Pulp Fiction,🎉080,🎉064,Quentin Tarantino,[低俗小说 Pulp Fiction](https://movie.douban.com/subject/1291832/),🌟8.9,昆汀·塔伦蒂诺 / 约翰·特拉沃尔塔 / 乌玛·瑟曼 / 阿曼达·普拉莫 / 剧情 / 喜剧 / 犯罪 / 美国 / 1994,1994,USA,Drama-Crime-Comedy,[Pulp Fiction](https://www.imdb.com/title/tt0110912/),🌟8.9
"Wild Bunch, The",🎉081,🎉069,Sam Peckinpah,[日落黄沙 The Wild Bunch](https://movie.douban.com/subject/1296963/),🌟8.3,萨姆·佩金帕 / 威廉·霍尔登 / 欧内斯特·博格宁 / 罗伯特·瑞安 / 动作 / 西部 / 美国 / 1969,1969,USA,Western-Action,[The Wild Bunch](https://www.imdb.com/title/tt0065214/),🌟7.9
It's a Wonderful Life,🎉082,🎉078,Frank Capra,[生活多美好 It's a Wonderful Life](https://movie.douban.com/subject/1293749/),🌟9.3,弗兰克·卡普拉 / 詹姆斯·斯图尔特 / 唐娜·里德 / 莱昂纳尔·巴里摩尔 / 剧情 / 爱情 / 奇幻 / 美国 / 1946,1946,USA,Fantasy-Drama-Family,[It's a Wonderful Life](https://www.imdb.com/title/tt0038650/),🌟8.6
Sansho the Bailiff,🎉083,🎉091,Kenji Mizoguchi,[山椒大夫](https://movie.douban.com/subject/1303573/),🌟8.1,沟口健二 / 田中绢代 / 香川京子 / 菅井一郎 / 剧情 / 日本 / 1954,1954,Japan,Drama,[Sansho the Bailiff](https://www.imdb.com/title/tt0047445/),🌟8.4
"Conformist, The",🎉084,🎉087,Bernardo Bertolucci,[同流者 Il conformista](https://movie.douban.com/subject/1300955/),🌟8.6,贝纳尔多·贝托鲁奇 / 让-路易·特兰蒂尼昂 / 斯特法尼娅·桑德雷莉 / 加斯通·莫辛 / 剧情 / 意大利/法国/西德 / 1970,1970,Italy-France-West Germany,Political-Drama,[The Conformist](https://www.imdb.com/title/tt0065571/),🌟7.9
"Magnificent Ambersons, The",🎉085,🎉080,Orson Welles,[伟大的安巴逊 The Magnificent Ambersons](https://movie.douban.com/subject/1299214/),🌟7.5,奥逊·威尔斯 / 约瑟夫·科顿 / 提姆·霍尔特 / 多洛雷斯·卡斯特洛 / 剧情 / 爱情 / 美国 / 1942,1942,USA,Drama,[The Magnificent Ambersons](https://www.imdb.com/title/tt0035015/),🌟7.6
Viridiana,🎉086,🎉066,Luis Buñuel,[维莉蒂安娜 Viridiana](https://movie.douban.com/subject/1303557/),🌟8.6,路易斯·布努埃尔 / 西尔维娅·皮纳尔 / 弗朗西斯科·拉瓦尔 / 费尔南多·雷伊 / 剧情 / 西班牙/墨西哥 / 1961,1961,Spain,Drama,[Viridiana](https://www.imdb.com/title/tt0055601/),🌟8.1
Blue Velvet,🎉087,🎉090,David Lynch,[](),🌟,,1986,USA,Mystery-Crime-Drama,[Blue Velvet](https://www.imdb.com/title/tt0090756/),🌟7.7
Pickpocket,🎉088,🎉082,Robert Bresson,[扒手 Pickpocket](https://movie.douban.com/subject/1303559/),🌟8.3,罗伯特·布列松 / 马丁·拉萨尔 / 玛莉卡·格林 / Jean Pélégri / 剧情 / 犯罪 / 法国 / 1959,1959,France,Drama-Crime,[Pickpocket](https://www.imdb.com/title/tt0053168/),🌟7.6
Nashville,🎉089,🎉089,Robert Altman,[纳什维尔 Nashville](https://movie.douban.com/subject/1293037/),🌟8.2,罗伯特·奥特曼 / 大卫·阿金 / 芭芭拉·巴斯里 / 尼德·巴蒂 / 剧情 / 喜剧 / 音乐 / 美国 / 1975,1975,USA,Drama-Music,[Nashville](https://www.imdb.com/title/tt0073440/),🌟7.6
"Shining, The",🎉090,🎉079,Stanley Kubrick,[闪灵 The Shining](https://movie.douban.com/subject/1292225/),🌟8.3,斯坦利·库布里克 / 杰克·尼科尔森 / 谢莉·杜瓦尔 / 丹尼·劳埃德 / 恐怖 / 英国/美国 / 1980,1980,USA-UK,Horror-Drama,[The Shining](https://www.imdb.com/title/tt0081505/),🌟8.4
Gertrud,🎉091,🎉088,Carl Theodor Dreyer,[葛楚 Gertrud](https://movie.douban.com/subject/1420116/),🌟8.0,卡尔·西奥多·德莱叶 / 尼娜·彭斯·罗德 / 本特·罗斯 / 埃贝·罗德 / 剧情 / 丹麦 / 1964,1964,Denmark,Drama,[Gertrud](https://www.imdb.com/title/tt0058138/),🌟7.3
"Gold Rush, The",🎉092,🎉073,Charles Chaplin,[淘金记 The Gold Rush](https://movie.douban.com/subject/1298817/),🌟9.2,查理·卓别林 / 查理·卓别林 / 马克·斯旺 / 汤姆·默里 / 喜剧 / 爱情 / 西部 / 冒险 / 美国 / 1925,1925,USA,Comedy-Adventure-Family,[The Gold Rush](https://www.imdb.com/title/tt0015864/),🌟8.1
"Man Who Shot Liberty Valance, The",🎉093,🎉095,John Ford,[双虎屠龙 The Man Who Shot Liberty Valance](https://movie.douban.com/subject/1295134/),🌟8.2,约翰·福特 / 约翰·韦恩 / 詹姆斯·斯图尔特 / 维拉·迈尔斯 / 剧情 / 爱情 / 西部 / 美国 / 1962,1962,USA,Western,[The Man Who Shot Liberty Valance](https://www.imdb.com/title/tt0056217/),🌟8.1
Jaws,🎉094,🎉093,Steven Spielberg,[大白鲨 Jaws](https://movie.douban.com/subject/1294941/),🌟7.8,史蒂文·斯皮尔伯格 / 罗伊·谢德 / 罗伯特·肖 / 理查德·德莱福斯 / 剧情 / 惊悚 / 冒险 / 美国 / 1975,1975,USA,Horror-Thriller-Adventure,[Jaws](https://www.imdb.com/title/tt0073195/),🌟8.1
"Jetée, La",🎉095,🎉116,Chris Marker,[堤 La jetée](https://movie.douban.com/subject/1306626/),🌟9.0,克里斯·马克 / 让·内格罗尼 / 埃莱娜·夏特兰 / 达沃斯·哈尼奇 / 短片 / 剧情 / 爱情 / 科幻 / 法国 / 1962,1962,France,Science Fiction-Drama-Short,[La Jetée](https://www.imdb.com/title/tt0056119/),🌟8.2
Jules et Jim,🎉096,🎉084,François Truffaut,[祖与占 Jules et Jim](https://movie.douban.com/subject/1292338/),🌟8.4,弗朗索瓦·特吕弗 / 让娜·莫罗 / 奥斯卡·威内尔 / 亨利·赛尔 / 剧情 / 爱情 / 法国 / 1962,1962,France,Romance-Drama,[Jules and Jim](https://www.imdb.com/title/tt0055032/),🌟7.7
Cléo from 5 to 7,🎉097,🎉243,Agnès Varda,[五至七时的克莱奥 Cléo de 5 à 7](https://movie.douban.com/subject/1294565/),🌟8.7,阿涅斯·瓦尔达 / 科琳娜·马尔尚 / 安托万·布尔塞耶 / 多米妮克·达夫雷 / 喜剧 / 剧情 / 音乐 / 法国/意大利 / 1962,1962,France,Drama,[Cléo from 5 to 7](https://www.imdb.com/title/tt0055852/),🌟7.9
Sans soleil,🎉098,🎉102,Chris Marker,[日月无光 Sans soleil](https://movie.douban.com/subject/1401901/),🌟8.5,克里斯·马克 / 弗洛朗丝·德莱 / 阿丽尔·朵巴丝勒 / Riyoko Ikeda / 纪录片 / 法国 / 1983,1983,France,Avant-Garde-Documentary,[Sans Soleil](https://www.imdb.com/title/tt0084628/),🌟7.8
Meshes of the Afternoon,🎉099,🎉277,Maya & Alexander Hammid Deren,[午后的迷惘 Meshes of the Afternoon](https://movie.douban.com/subject/1437390/),🌟8.8,梅雅·黛伦 / 亚历山大·罕密德 / 梅雅·黛伦 / 亚历山大·罕密德 / 短片 / 美国 / 1943,1943,USA,Short-Avant-Garde-Fantasy,[Meshes of the Afternoon](https://www.imdb.com/title/tt0036154/),🌟7.9
To Be or Not to Be,🎉100,🎉100,Ernst Lubitsch,[你逃我也逃 To Be or Not to Be](https://movie.douban.com/subject/1303418/),🌟9.3,恩斯特·刘别谦 / 卡洛·朗白 / 杰克·本尼 / 罗伯特·斯塔克 / 喜剧 / 爱情 / 战争 / 美国 / 1942,1942,USA,War-Comedy,[To Be or Not to Be](https://www.imdb.com/title/tt0035446/),🌟8.2
Madame de...,🎉101,🎉113,Max Ophüls,[伯爵夫人的耳环 Madame de...](https://movie.douban.com/subject/1301122/),🌟8.1,马克斯·奥菲尔斯 / 达尼埃尔·达里约 / 维托里奥·德西卡 / 查尔斯·博耶 / 剧情 / 爱情 / 法国/意大利 / 1953,1953,France-Italy,Romance-Drama,[The Earrings of Madame De...](https://www.imdb.com/title/tt0046022/),🌟7.9
Sátántangó,🎉102,🎉111,Béla Tarr,[撒旦探戈 Sátántangó](https://movie.douban.com/subject/1422088/),🌟8.9,贝拉·塔尔 / 米哈伊·维格 / 普吉·霍瓦特 / 拉斯洛·费卢戈希 / 剧情 / 悬疑 / 匈牙利/德国/瑞士 / 1994,1994,Hungary-Germany-Switzerland,Drama,[Satantango](https://www.imdb.com/title/tt0111341/),🌟8.2
Sherlock Jr.,🎉103,🎉124,Buster Keaton,[福尔摩斯二世 Sherlock Jr.](https://movie.douban.com/subject/1303408/),🌟9.5,巴斯特·基顿 / 巴斯特·基顿 / 凯瑟琳·麦奎尔 / 乔·基顿 / 喜剧 / 动作 / 爱情 / 美国 / 1924,1924,USA,Fantasy-Comedy,[Sherlock Jr.](https://www.imdb.com/title/tt0015324/),🌟8.2
"Clockwork Orange, A",🎉104,🎉077,Stanley Kubrick,[发条橙 A Clockwork Orange](https://movie.douban.com/subject/1292233/),🌟8.6,斯坦利·库布里克 / 马尔科姆·麦克道威尔 / 帕特里克·马基 / 迈克尔·贝茨 / 犯罪 / 剧情 / 科幻 / 英国/美国 / 1971,1971,UK,Science Fiction-Crime-Drama,[A Clockwork Orange](https://www.imdb.com/title/tt0066921/),🌟8.3
Fear Eats the Soul,🎉105,🎉144,Rainer Werner Fassbinder,[恐惧吞噬灵魂 Angst essen Seele auf](https://movie.douban.com/subject/1294092/),🌟8.5,赖纳·维尔纳·法斯宾德 / 布里吉特·米拉 / 埃尔·赫迪·本·萨利姆 / 芭芭拉·瓦伦汀 / 剧情 / 爱情 / 西德 / 1974,1974,West Germany,Romance-Drama,[Ali: Fear Eats the Soul](https://www.imdb.com/title/tt0071141/),🌟8
Last Year at Marienbad,🎉106,🎉099,Alain Resnais,[去年在马里昂巴德 L'année dernière à Marienbad](https://movie.douban.com/subject/1400240/),🌟8.3,阿伦·雷乃 / 德菲因·塞里格 / 乔治·阿尔贝塔齐 / 萨夏·皮托埃夫 / 剧情 / 爱情 / 悬疑 / 法国/意大利 / 1961,1961,France-Italy,Drama-Mystery-Avant-Garde,[Last Year at Marienbad](https://www.imdb.com/title/tt0054632/),🌟7.7
"Mother and the Whore, The",🎉107,🎉103,Jean Eustache,[母亲与娼妓 La Maman et la Putain](https://movie.douban.com/subject/1295252/),🌟7.9,让·厄斯塔什 / 让-皮埃尔·利奥德 / 贝纳德特·拉封 / 弗朗索瓦兹·勒布伦 / 剧情 / 法国 / 1973,1973,France,Drama,[The Mother and the Whore](https://www.imdb.com/title/tt0070359/),🌟7.8
"Aguirre, the Wrath of God",🎉108,🎉101,Werner Herzog,"[阿基尔，上帝的愤怒 Aguirre, der Zorn Gottes](https://movie.douban.com/subject/1306002/)",🌟8.3,沃纳·赫尔佐格 / 克劳斯·金斯基 / 彼得·贝尔林 / 海伦娜·罗霍 / 冒险 / 传记 / 剧情 / 历史 / 西德/墨西哥 / 1972,1972,West Germany,History-Drama-Adventure,"[Aguirre, the Wrath of God](https://www.imdb.com/title/tt0068182/)",🌟7.8
Ikiru,🎉109,🎉120,Akira Kurosawa,[生之欲 生きる](https://movie.douban.com/subject/1293847/),🌟9.3,黑泽明 / 志村乔 / 日守新一 / 田中春男 / 剧情 / 日本 / 1952,1952,Japan,Drama,[Ikiru](https://www.imdb.com/title/tt0044741/),🌟8.3
"Brighter Summer Day, A",🎉110,🎉121,Edward Yang,[牯岭街少年杀人事件 牯嶺街少年殺人事件](https://movie.douban.com/subject/1292329/),🌟8.9,杨德昌 / 张震 / 杨静怡 / 张国柱 / 剧情 / 犯罪 / 中国台湾 / 1991,1991,Taiwan-South Korea,Crime-Romance-Drama,[A Brighter Summer Day](https://www.imdb.com/title/tt0101985/),🌟8.2
Annie Hall,🎉111,🎉086,Woody Allen,[安妮·霍尔 Annie Hall](https://movie.douban.com/subject/1296987/),🌟8.6,伍迪·艾伦 / 伍迪·艾伦 / 黛安·基顿 / 托尼·罗伯茨 / 喜剧 / 剧情 / 爱情 / 美国 / 1977,1977,USA,Romance-Comedy,[Annie Hall](https://www.imdb.com/title/tt0075686/),🌟8
Greed,🎉112,🎉097,Erich von Stroheim,[贪婪 Greed](https://movie.douban.com/subject/1301923/),🌟8.0,埃里克·冯·施特罗海姆 / 扎苏·皮茨 / 吉布森·格沃兰德 / 让·赫肖尔特 / 剧情 / 美国 / 1924,1924,USA,Drama,[Greed](https://www.imdb.com/title/tt0015881/),🌟8
"Spirit of the Beehive, The",🎉113,🎉108,Victor Erice,[蜂巢幽灵 El espíritu de la colmena](https://movie.douban.com/subject/1401900/),🌟8.5,维克多·艾里斯 / 费尔南多·费尔南·戈麦斯 / 特雷莎·希梅拉 / 安娜·托伦特 / 剧情 / 西班牙 / 1973,1973,Spain,Drama,[The Spirit of the Beehive](https://www.imdb.com/title/tt0070040/),🌟7.8
Once Upon a Time in America,🎉114,🎉096,Sergio Leone,[美国往事 Once Upon a Time in America](https://movie.douban.com/subject/1292262/),🌟9.2,赛尔乔·莱昂内 / 罗伯特·德尼罗 / 詹姆斯·伍兹 / 伊丽莎白·麦戈文 / 犯罪 / 剧情 / 美国/意大利 / 1984,1984,Italy-USA,Drama-Crime,[Once Upon a Time in America](https://www.imdb.com/title/tt0087843/),🌟8.3
Come and See,🎉115,🎉143,Elem Klimov,[自己去看 Иди и смотри](https://movie.douban.com/subject/1422186/),🌟8.8,依莱姆·克里莫夫 / 阿列克谢·克拉夫琴科 / 奥尔加·米罗诺娃 / 柳博米拉斯·劳恰维丘斯 / 剧情 / 战争 / 苏联 / 1985,1985,USSR,War-Drama-History,[Come and See](https://www.imdb.com/title/tt0091251/),🌟8.4
"Piano, The",🎉116,🎉161,Jane Campion,[钢琴课 The Piano](https://movie.douban.com/subject/1293818/),🌟8.1,简·坎皮恩 / 霍利·亨特 / 哈威·凯特尔 / 山姆·尼尔 / 剧情 / 爱情 / 音乐 / 新西兰/澳大利亚/法国 / 1993,1993,New Zealand-Australia-France,Drama-Romance,[The Piano](https://www.imdb.com/title/tt0107822/),🌟7.5
Hiroshima mon amour,🎉117,🎉107,Alain Resnais,[广岛之恋 Hiroshima mon amour](https://movie.douban.com/subject/1302050/),🌟7.9,阿伦·雷乃 / 埃玛妞·丽娃 / 冈田英次 / 贝尔纳·弗雷松 / 剧情 / 爱情 / 战争 / 法国/日本 / 1959,1959,France-Japan,Drama,[Hiroshima Mon Amour](https://www.imdb.com/title/tt0052893/),🌟7.9
Yi Yi,🎉118,🎉119,Edward Yang,[一一](https://movie.douban.com/subject/1292434/),🌟9.1,杨德昌 / 吴念真 / 李凯莉 / 金燕玲 / 剧情 / 爱情 / 家庭 / 中国台湾/日本 / 2000,2000,Taiwan-Japan,Drama,[Yi Yi: A One and a Two...](https://www.imdb.com/title/tt0244316/),🌟8.1
"Wizard of Oz, The",🎉119,🎉104,Victor Fleming,[绿野仙踪 The Wizard of Oz](https://movie.douban.com/subject/1292625/),🌟8.2,维克多·弗莱明 / 朱迪·加兰 / 弗兰克·摩根 / 雷·博尔格 / 歌舞 / 奇幻 / 冒险 / 美国 / 1939,1939,USA,Musical-Fantasy-Family,[The Wizard of Oz](https://www.imdb.com/title/tt0032138/),🌟8.1
"Red Shoes, The",🎉120,🎉158,Michael & Emeric Pressburger Powell,[红菱艳 The Red Shoes](https://movie.douban.com/subject/1299204/),🌟8.2,迈克尔·鲍威尔 / 埃默里克·普雷斯伯格 / 莫伊拉·希勒 / 安东·沃尔布鲁克 Anton Walbrook / 马留斯·戈尔林 / 剧情 / 爱情 / 音乐 / 英国 / 1948,1948,UK,Dance-Musical-Drama,[The Red Shoes](https://www.imdb.com/title/tt0040725/),🌟8.1
Intolerance,🎉121,🎉109,D.W. Griffith,[党同伐异 Intolerance: Love's Struggle Throughout the Ages](https://movie.douban.com/subject/1295287/),🌟8.7,大卫·格里菲斯 / 丽莲·吉许 / 梅·马什 / 罗伯特·哈伦 / 剧情 / 历史 / 爱情 / 美国 / 1916,1916,USA,History-Drama,[Intolerance](https://www.imdb.com/title/tt0006864/),🌟7.7
Don't Look Now,🎉122,🎉130,Nicolas Roeg,[威尼斯疑魂 Don't Look Now](https://movie.douban.com/subject/1302294/),🌟7.2,尼古拉斯·罗伊格 / 朱莉·克里斯蒂 / 唐纳德·萨瑟兰 / 希拉丽·梅森 / 剧情 / 悬疑 / 恐怖 / 英国/意大利 / 1973,1973,UK,Mystery-Thriller,[Don't Look Now](https://www.imdb.com/title/tt0069995/),🌟7.1
Blow-Up,🎉123,🎉098,Michelangelo Antonioni,[放大 Blow-Up](https://movie.douban.com/subject/1310176/),🌟8.5,米开朗基罗·安东尼奥尼 / 瓦妮莎·雷德格雷夫 / 莎拉·米尔斯 / 戴维·海明斯 / 剧情 / 悬疑 / 惊悚 / 英国/意大利 / 1966,1966,Italy-UK,Mystery-Drama,[Blow-Up](https://www.imdb.com/title/tt0060176/),🌟7.5
Bringing Up Baby,🎉124,🎉126,Howard Hawks,[育婴奇谭 Bringing Up Baby](https://movie.douban.com/subject/1297657/),🌟7.3,霍华德·霍克斯 / 凯瑟琳·赫本 / 加里·格兰特 / 查尔斯·拉格尔斯 / 喜剧 / 爱情 / 美国 / 1938,1938,USA,Romance-Comedy,[Bringing Up Baby](https://www.imdb.com/title/tt0029947/),🌟7.8
"Eclisse, L'",🎉125,🎉115,Michelangelo Antonioni,[蚀 L'eclisse](https://movie.douban.com/subject/1293105/),🌟8.4,米开朗基罗·安东尼奥尼 / 阿兰·德龙 / 莫尼卡·维蒂 / 弗朗西斯科·拉瓦尔 / 剧情 / 爱情 / 意大利/法国 / 1962,1962,Italy-France,Drama-Romance,[L'Eclisse](https://www.imdb.com/title/tt0056736/),🌟7.7
"Matter of Life and Death, A",🎉126,🎉164,Michael & Emeric Pressburger Powell,[平步青云 A Matter of Life and Death](https://movie.douban.com/subject/1299411/),🌟7.7,迈克尔·鲍威尔 / 埃默里克·普雷斯伯格 / 大卫·尼文 / 金·亨特 / 罗伯托·库特 / 剧情 / 奇幻 / 爱情 / 战争 / 英国 / 1946,1946,UK,Romance-Fantasy-Comedy,[Stairway to Heaven](https://www.imdb.com/title/tt0038733/),🌟8
Letter from an Unknown Woman,🎉127,🎉122,Max Ophüls,[一封陌生女子的来信 Letter from an Unknown Woman](https://movie.douban.com/subject/1297228/),🌟8.0,马克斯·奥菲尔斯 / 琼·芳登 / 路易斯·乔丹 / 麦迪·克里斯蒂安斯 / 剧情 / 爱情 / 美国 / 1948,1948,USA,Romance-Drama,[Letter from an Unknown Woman](https://www.imdb.com/title/tt0040536/),🌟7.9
"Day in the Country, A",🎉128,🎉125,Jean Renoir,[乡间一日 Une Partie de Campagne](https://movie.douban.com/subject/1401585/),🌟8.0,让·雷诺阿 / 西尔维娅·巴塔耶 / 雅内·马尔肯 / 安德烈·加布里埃洛 / 剧情 / 短片 / 爱情 / 法国 / 1946,1936,France,Romance-Drama-Short,[A Day in the Country](https://www.imdb.com/title/tt0028445/),🌟7.5
Vivre sa vie,🎉129,🎉129,Jean-Luc Godard,[随心所欲 Vivre sa vie: Film en douze tableaux](https://movie.douban.com/subject/1296757/),🌟8.5,让-吕克·戈达尔 / 安娜·卡里娜 / 萨德·里波特 / 安德烈·S·拉巴尔特 / 剧情 / 法国 / 1962,1962,France,Drama,[Vivre Sa Vie](https://www.imdb.com/title/tt0056663/),🌟7.8
Notorious,🎉130,🎉137,Alfred Hitchcock,[美人计 Notorious](https://movie.douban.com/subject/1300766/),🌟7.7,阿尔弗雷德·希区柯克 / 加里·格兰特 / 英格丽·褒曼 / 克劳德·雷恩斯 / 剧情 / 爱情 / 惊悚 / 美国 / 1946,1946,USA,Romance-Thriller-Mystery,[Notorious](https://www.imdb.com/title/tt0038787/),🌟7.9
Imitation of Life,🎉131,🎉186,Douglas Sirk,[春风秋雨 Imitation of Life](https://movie.douban.com/subject/1294625/),🌟7.9,道格拉斯·塞克 / 拉娜·特纳 / 约翰·加文 / 桑德拉·狄 / 剧情 / 美国 / 1959,1959,USA,Drama-Romance,[Imitation of Life](https://www.imdb.com/title/tt0052918/),🌟7.8
Alien,🎉132,🎉106,Ridley Scott,[异形 Alien](https://movie.douban.com/subject/1300868/),🌟8.3,雷德利·斯科特 / 西格妮·韦弗 / 汤姆·斯凯里特 / 维罗尼卡·卡维特 / 科幻 / 惊悚 / 恐怖 / 英国/美国 / 1979,1979,USA,Science Fiction-Horror,[Alien](https://www.imdb.com/title/tt0078748/),🌟8.5
Histoire(s) du cinéma,🎉133,🎉165,Jean-Luc Godard,[电影史-1A 所有的历史 Histoire(s) du cinéma: Toutes les histoires](https://movie.douban.com/subject/1439723/),🌟8.3,让-吕克·戈达尔 / 让-吕克·戈达尔 / 纪录片 / 法国 / 1989,1988,France,Documentary,[Histoire(s) du cinéma](https://www.imdb.com/title/tt6677224/),🌟7.2
All About Eve,🎉134,🎉127,Joseph L. Mankiewicz,[彗星美人 All About Eve](https://movie.douban.com/subject/1401385/),🌟8.7,约瑟夫·L·曼凯维奇 / 贝蒂·戴维斯 / 安妮·巴克斯特 / 乔治·桑德斯 / 剧情 / 美国 / 1950,1950,USA,Drama,[All About Eve](https://www.imdb.com/title/tt0042192/),🌟8.2
My Darling Clementine,🎉135,🎉133,John Ford,[侠骨柔情 My Darling Clementine](https://movie.douban.com/subject/1299733/),🌟7.9,约翰·福特 / 亨利·方达 / 琳达·达内尔 / 维克多·迈彻 / 剧情 / 西部 / 美国 / 1946,1946,USA,Western,[My Darling Clementine](https://www.imdb.com/title/tt0038762/),🌟7.7
"Exterminating Angel, The",🎉136,🎉159,Luis Buñuel,[泯灭天使 El ángel exterminador](https://movie.douban.com/subject/1303556/),🌟8.3,路易斯·布努埃尔 / 西尔维娅·皮纳尔 / 恩里克·兰巴尔 / 克劳迪奥·布鲁克 / 喜剧 / 剧情 / 奇幻 / 悬疑 / 墨西哥 / 1962,1962,Mexico,Drama-Fantasy-Mystery,[The Exterminating Angel](https://www.imdb.com/title/tt0056732/),🌟8
"Gospel According to St. Matthew, The",🎉137,🎉145,Pier Paolo Pasolini,[马太福音 Il vangelo secondo Matteo](https://movie.douban.com/subject/1299775/),🌟8.4,皮埃尔·保罗·帕索里尼 / 恩里克·伊拉佐奎 / 玛格丽塔·卡鲁索 / Susanna Pasolini / 剧情 / 传记 / 历史 / 意大利/法国 / 1964,1964,Italy-France,Religious-Drama,[The Gospel According to St. Matthew](https://www.imdb.com/title/tt0058715/),🌟7.7
"Olvidados, Los",🎉138,🎉131,Luis Buñuel,[被遗忘的人们 Los Olvidados](https://movie.douban.com/subject/1303579/),🌟8.3,路易斯·布努埃尔 / Estela Inda / Alfonso Mejía / Roberto Cobo / 犯罪 / 剧情 / 墨西哥 / 1950,1950,Mexico,Drama-Crime,[The Young and the Damned](https://www.imdb.com/title/tt0042804/),🌟8.3
His Girl Friday,🎉139,🎉138,Howard Hawks,[女友礼拜五 His Girl Friday](https://movie.douban.com/subject/1299231/),🌟7.8,霍华德·霍克斯 / 加里·格兰特 / 罗莎琳德·拉塞尔 / 拉尔夫·贝拉米 / 喜剧 / 剧情 / 爱情 / 美国 / 1940,1940,USA,Romance-Comedy,[His Girl Friday](https://www.imdb.com/title/tt0032599/),🌟7.8
Spirited Away,🎉140,🎉153,Hayao Miyazaki,[千与千寻 千と千尋の神隠し](https://movie.douban.com/subject/1291561/),🌟9.4,宫崎骏 / 柊瑠美 / 入野自由 / 夏木真理 / 剧情 / 动画 / 奇幻 / 日本 / 2001,2001,Japan,Animated-Adventure-Fantasy,[Spirited Away](https://www.imdb.com/title/tt0245429/),🌟8.6
Daisies,🎉141,🎉286,Věra Chytilová,[雏菊 Sedmikrásky](https://movie.douban.com/subject/1296500/),🌟8.5,维拉·希蒂洛娃 / 雅罗斯拉夫·库切拉 / 伊万娜·卡尔班诺娃 / 埃斯特尔·克伦巴赫乔娃 / 喜剧 / 剧情 / 捷克斯洛伐克 / 1966,1966,Czechoslovakia,Drama-Comedy-Avant Garde,[Daisies](https://www.imdb.com/title/tt0060959/),🌟7.3
Killer of Sheep,🎉142,🎉310,Charles Burnett,[杀羊人 Killer of Sheep](https://movie.douban.com/subject/1303494/),🌟7.3,查尔斯·伯内特 / 亨利·G.桑德斯 / Kaycee Moore / Charles Bracy / 剧情 / 美国 / 1978,1977,USA,Drama,[Killer of Sheep](https://www.imdb.com/title/tt0076263/),🌟7.2
Céline and Julie Go Boating,🎉143,🎉218,Jacques Rivette,[塞琳和朱莉出航记 Céline et Julie vont en bateau](https://movie.douban.com/subject/1418141/),🌟8.3,雅克·里维特 / 朱丽叶·贝尔托 / 多米尼克·拉布里埃 / 喜剧 / 剧情 / 奇幻 / 悬疑 / 法国 / 1974,1974,France,Fantasy-Drama-Avant-Garde,[Celine and Julie Go Boating](https://www.imdb.com/title/tt0071381/),🌟7.3
"Chien andalou, Un",🎉144,🎉140,Luis Buñuel,[一条安达鲁狗 Un chien andalou](https://movie.douban.com/subject/1298962/),🌟8.2,路易斯·布努埃尔 / 西蒙妮·玛勒伊 / Pierre Batcheff / 路易斯·布努埃尔 / 短片 / 奇幻 / 法国 / 1929,1928,France,Short-Fantasy-Avant-Garde,[An Andalusian Dog](https://www.imdb.com/title/tt0020530/),🌟7.6
Gone with the Wind,🎉145,🎉110,Victor Fleming,[乱世佳人 Gone with the Wind](https://movie.douban.com/subject/1300267/),🌟9.3,维克多·弗莱明 / 乔治·库克 / 山姆·伍德 / 费雯·丽 / 克拉克·盖博 / 奥利维娅·德哈维兰 / 剧情 / 历史 / 爱情 / 战争 / 美国 / 1939,1939,USA,History-Romance-Drama,[Gone with the Wind](https://www.imdb.com/title/tt0031381/),🌟8.2
Nosferatu,🎉146,🎉118,F.W. Murnau,"[诺斯费拉图 Nosferatu, eine Symphonie des Grauens](https://movie.douban.com/subject/1296791/)",🌟8.2,F·W·茂瑙 / 马科斯·夏瑞克 / 古斯塔·冯·瓦根海姆 / 格里塔·斯楚瑞德 / 奇幻 / 恐怖 / 德国 / 1922,1922,Germany,Horror,[Nosferatu](https://www.imdb.com/title/tt0013442/),🌟7.9
E.T. The Extra-Terrestrial,🎉147,🎉105,Steven Spielberg,[E.T.外星人 E.T. the Extra-Terrestrial](https://movie.douban.com/subject/1294638/),🌟8.6,史蒂文·斯皮尔伯格 / 亨利·托马斯 / 迪·沃伦斯 / 罗伯特·麦克纳夫顿 / 剧情 / 科幻 / 美国 / 1982,1982,USA,Science Fiction-Family,[E.T. the Extra-Terrestrial](https://www.imdb.com/title/tt0083866/),🌟7.9
"Rome, Open City",🎉148,🎉132,Roberto Rossellini,"[罗马，不设防的城市 Roma, città aperta](https://movie.douban.com/subject/1296669/)",🌟8.1,罗伯托·罗西里尼 / 阿尔多·法布里齐 / 安娜·马尼亚尼 / 马塞洛·巴格利埃罗 / 剧情 / 战争 / 惊悚 / 意大利 / 1945,1945,Italy,War-Drama,"[Rome, Open City](https://www.imdb.com/title/tt0038890/)",🌟8
"Umbrellas of Cherbourg, The",🎉149,🎉157,Jacques Demy,[瑟堡的雨伞 Les parapluies de Cherbourg](https://movie.douban.com/subject/1301646/),🌟7.8,雅克·德米 / 凯瑟琳·德纳芙 / 尼诺·卡斯泰尔诺沃 / 安妮·维尔侬 / 剧情 / 歌舞 / 爱情 / 法国/西德 / 1964,1964,France-Germany,Romance-Musical-Drama,[The Umbrellas of Cherbourg](https://www.imdb.com/title/tt0058450/),🌟7.8
Trouble in Paradise,🎉150,🎉147,Ernst Lubitsch,[天堂里的烦恼 Trouble in Paradise](https://movie.douban.com/subject/1294746/),🌟8.1,恩斯特·刘别谦 / 米利亚姆·霍普金斯 / 凯·弗朗西斯 / 赫伯特·马歇尔 / 喜剧 / 犯罪 / 爱情 / 美国 / 1932,1932,USA,Romance-Comedy,[Trouble in Paradise](https://www.imdb.com/title/tt0023622/),🌟7.9
"Conversation, The",🎉151,🎉146,Francis Ford Coppola,[窃听大阴谋 The Conversation](https://movie.douban.com/subject/1296908/),🌟8.1,弗朗西斯·福特·科波拉 / 吉恩·哈克曼 / 约翰·凯泽尔 / 艾伦·加菲尔德 / 剧情 / 悬疑 / 惊悚 / 美国 / 1974,1974,USA,Thriller-Drama-Crime,[The Conversation](https://www.imdb.com/title/tt0071360/),🌟7.8
"Argent, L'",🎉152,🎉173,Robert Bresson,[钱 L'argent](https://movie.douban.com/subject/1303536/),🌟8.3,罗伯特·布列松 / 克里斯蒂安·佩蒂 / Vincent Risterucci / Caroline Lang / 剧情 / 犯罪 / 法国/瑞士 / 1983,1983,France-Switzerland,Drama-Crime,[L'Argent](https://www.imdb.com/title/tt0085180/),🌟7.4
"Good, the Bad and the Ugly, The",🎉153,🎉135,Sergio Leone,"[黄金三镖客 Il buono, il brutto, il cattivo](https://movie.douban.com/subject/1401118/)",🌟9.2,赛尔乔·莱昂内 / 克林特·伊斯特伍德 / 埃里·瓦拉赫 / 李·范·克里夫 / 冒险 / 西部 / 意大利/西班牙/西德 / 1966,1966,Italy-Spain,Western-Action,"[The Good, the Bad and the Ugly](https://www.imdb.com/title/tt0060196/)",🌟8.8
Days of Heaven,🎉154,🎉152,Terrence Malick,[天堂之日 Days of Heaven](https://movie.douban.com/subject/1293232/),🌟7.9,泰伦斯·马力克 / 理查·基尔 / 布鲁克·亚当斯 / 山姆·夏普德 / 剧情 / 爱情 / 美国 / 1978,1978,USA,Romance-Drama,[Days of Heaven](https://www.imdb.com/title/tt0077405/),🌟7.8
One Flew Over the Cuckoo's Nest,🎉155,🎉112,Milos Forman,[飞越疯人院 One Flew Over the Cuckoo's Nest](https://movie.douban.com/subject/1292224/),🌟9.1,米洛斯·福尔曼 / 杰克·尼科尔森 / 丹尼·德维托 / 克里斯托弗·洛伊德 / 剧情 / 美国 / 1975,1975,USA,Drama,[One Flew Over the Cuckoo's Nest](https://www.imdb.com/title/tt0073486/),🌟8.7
My Neighbour Totoro,🎉156,🎉203,Hayao Miyazaki,[龙猫 となりのトトロ](https://movie.douban.com/subject/1291560/),🌟9.2,宫崎骏 / 日高范子 / 坂本千夏 / 糸井重里 / 动画 / 奇幻 / 冒险 / 日本 / 1988,1988,Japan,Fantasy-Family-Animated,[My Neighbor Totoro](https://www.imdb.com/title/tt0096283/),🌟8.1
Wanda,🎉157,🎉311,Barbara Loden,[旺达 Wanda](https://movie.douban.com/subject/1855338/),🌟8.2,芭芭拉·洛登 / 芭芭拉·洛登 / 迈克尔·希金斯 / 剧情 / 犯罪 / 美国 / 1970,1970,USA,Drama-Crime,[Wanda](https://www.imdb.com/title/tt0067961/),🌟7.1
Manhattan,🎉158,🎉123,Woody Allen,[曼哈顿 Manhattan](https://movie.douban.com/subject/1294300/),🌟8.3,伍迪·艾伦 / 黛安·基顿 / 梅丽尔·斯特里普 / 伍迪·艾伦 / 喜剧 / 剧情 / 爱情 / 美国 / 1979,1979,USA,Romance-Comedy,[Manhattan](https://www.imdb.com/title/tt0079522/),🌟7.8
Chungking Express,🎉159,🎉197,Wong Kar-wai,[重庆森林 重慶森林](https://movie.douban.com/subject/1291999/),🌟8.8,王家卫 / 林青霞 / 金城武 / 梁朝伟 / 剧情 / 爱情 / 中国香港 / 1994,1994,Hong Kong,Romance-Drama,[Chungking Express](https://www.imdb.com/title/tt0109424/),🌟8
Cries and Whispers,🎉160,🎉156,Ingmar Bergman,[呼喊与细语 Viskningar och rop](https://movie.douban.com/subject/1296147/),🌟8.6,英格玛·伯格曼 / 哈里特·安德森 / 卡莉·西尔万 / 英格丽·图林 / 剧情 / 爱情 / 瑞典 / 1972,1972,Sweden,Drama,[Cries & Whispers](https://www.imdb.com/title/tt0069467/),🌟8
"Âge d'or, L'",🎉161,🎉134,Luis Buñuel,[黄金时代 L'âge d'or](https://movie.douban.com/subject/1293667/),🌟7.6,路易斯·布努埃尔 / 加斯东·莫多 / 莱雅·赖斯 / 喜剧 / 法国 / 1930,1930,France,Drama-Avant-Garde-Experimental,[L'Age d'Or](https://www.imdb.com/title/tt0021577/),🌟7.2
Star Wars,🎉162,🎉117,George Lucas,[星球大战 Star Wars](https://movie.douban.com/subject/1293838/),🌟8.5,乔治·卢卡斯 / 哈里森·福特 / 马克·哈米尔 / 凯丽·费雪 / 动作 / 科幻 / 冒险 / 美国 / 1977,1977,USA,Science Fiction-Fantasy-Adventure,[Star Wars: Episode IV - A New Hope](https://www.imdb.com/title/tt0076759/),🌟8.6
"Passenger, The",🎉163,🎉149,Michelangelo Antonioni,[过客 Professione: reporter](https://movie.douban.com/subject/1297546/),🌟8.4,米开朗基罗·安东尼奥尼 / 杰克·尼科尔森 / 玛利亚·施奈德 / 珍妮·鲁纳奎 / 剧情 / 惊悚 / 意大利/西班牙/法国 / 1974,1975,Italy,Drama,[The Passenger](https://www.imdb.com/title/tt0073580/),🌟7.5
Tropical Malady,🎉164,🎉217,Apichatpong Weerasethakul,[热带疾病 สัตว์ประหลาด](https://movie.douban.com/subject/1414808/),🌟8.0,阿彼察邦·韦拉斯哈古 / 班罗普·洛罗伊 / 萨卡达·卡温巴迪 / Huai Dessom / 剧情 / 爱情 / 奇幻 / 泰国/法国/德国/意大利 / 2004,2004,Thailand-France-Germany-Italy,Drama-Fantasy-Romance,[Tropical Malady](https://www.imdb.com/title/tt0381668/),🌟7.1
Badlands,🎉165,🎉136,Terrence Malick,[穷山恶水 Badlands](https://movie.douban.com/subject/1297422/),🌟7.9,泰伦斯·马力克 / 马丁·辛 / 茜茜·斯派塞克 / 沃伦·奥茨 / 犯罪 / 剧情 / 爱情 / 惊悚 / 美国 / 1973,1973,USA,Drama-Crime,[Badlands](https://www.imdb.com/title/tt0069762/),🌟7.7
"Deer Hunter, The",🎉166,🎉151,Michael Cimino,[猎鹿人 The Deer Hunter](https://movie.douban.com/subject/1292403/),🌟8.3,迈克尔·西米诺 / 罗伯特·德尼罗 / 约翰·凯泽尔 / 约翰·萨维奇 / 剧情 / 战争 / 美国 / 1978,1978,USA,War-Drama,[The Deer Hunter](https://www.imdb.com/title/tt0077416/),🌟8.1
There Will Be Blood,🎉167,🎉150,Paul Thomas Anderson,[血色将至 There Will Be Blood](https://movie.douban.com/subject/1945780/),🌟8.4,保罗·托马斯·安德森 / 丹尼尔·戴-刘易斯 / 巴里·德尔·舍曼 / 保罗·F·汤普金斯 / 剧情 / 美国 / 2007,2007,USA,Drama,[There Will Be Blood](https://www.imdb.com/title/tt0469494/),🌟8.2
Double Indemnity,🎉168,🎉160,Billy Wilder,[双重赔偿 Double Indemnity](https://movie.douban.com/subject/1293226/),🌟8.5,比利·怀尔德 / 弗莱德·麦克莫瑞 / 芭芭拉·斯坦威克 / 爱德华·罗宾逊 / 剧情 / 犯罪 / 悬疑 / 惊悚 / 黑色电影 / 美国 / 1944,1944,USA,Mystery-Crime-Drama,[Double Indemnity](https://www.imdb.com/title/tt0036775/),🌟8.3
Touki Bouki,🎉169,🎉320,Djibril Diop Mambéty,[土狼之旅 Touki Bouki](https://movie.douban.com/subject/1424576/),🌟7.6,吉布里尔·迪奥普·曼贝蒂 / Magaye Niang / Mareme Niang / Christoph Colomb / 剧情 / 塞内加尔 / 1973,1973,Senegal,Drama,[Touki Bouki](https://www.imdb.com/title/tt0070820/),🌟7
Dekalog,🎉170,🎉172,Krzysztof Kieslowski,[十诫 Dekalog](https://movie.douban.com/subject/1301252/),🌟9.2,克日什托夫·基耶斯洛夫斯基 / 阿图尔·巴奇斯 / 昂里克·巴兰诺斯基 / 胡契克·卡勒塔 / 剧情 / 波兰/西德 / 1989,1989,Poland-West Germany,Drama,[Dekalog](https://www.imdb.com/title/tt0092337/),🌟9
Stagecoach,🎉171,🎉141,John Ford,[关山飞渡 Stagecoach](https://movie.douban.com/subject/1298134/),🌟8.4,约翰·福特 / 约翰·韦恩 / 克莱尔·特雷弗 / 约翰·卡拉丁 / 动作 / 剧情 / 爱情 / 西部 / 美国 / 1939,1939,USA,Western-Adventure-Drama,[Stagecoach](https://www.imdb.com/title/tt0031971/),🌟7.8
Rosemary's Baby,🎉172,🎉128,Roman Polanski,[罗斯玛丽的婴儿 Rosemary's Baby](https://movie.douban.com/subject/1293852/),🌟8.2,罗曼·波兰斯基 / 米娅·法罗 / 约翰·卡萨维蒂 / 鲁思·戈登 / 剧情 / 恐怖 / 美国 / 1968,1968,USA,Thriller-Horror-Drama,[Rosemary's Baby](https://www.imdb.com/title/tt0063522/),🌟8
"Texas Chainsaw Massacre, The",🎉173,🎉175,Tobe Hooper,[德州电锯杀人狂 The Texas Chain Saw Massacre](https://movie.douban.com/subject/1300392/),🌟7.2,托比·霍珀 / 贡纳·汉森 / 玛丽莲·伯恩斯 / 阿伦·丹齐格 / 惊悚 / 恐怖 / 美国 / 1974,1974,USA,Horror-Thriller,[The Texas Chain Saw Massacre](https://www.imdb.com/title/tt0072271/),🌟7.4
"Colour of Pomegranates, The",🎉174,🎉245,Sergei Parajanov,[石榴的颜色 Նռան գույնը](https://movie.douban.com/subject/1303542/),🌟8.7,谢尔盖·帕拉杰诺夫 / 索菲柯·齐阿乌列里 / 米尔克·阿尔克桑亚 / 维勒·加尔斯特亚 / 剧情 / 传记 / 历史 / 苏联 / 1969,1969,USSR,History-Avant-Garde,[The Color of Pomegranates](https://www.imdb.com/title/tt0063555/),🌟7.6
Earth,🎉175,🎉170,Alexander Dovzhenko,[大地 Земля](https://movie.douban.com/subject/1474748/),🌟7.9,亚历山大·杜辅仁科 / Stepan Shkurat / Semyon Svashenko / 剧情 / 苏联 / 1930,1930,USSR,Drama,[Earth](https://www.imdb.com/title/tt0021571/),🌟7.2
Duck Soup,🎉176,🎉148,Leo McCarey,[鸭羹 Duck Soup](https://movie.douban.com/subject/1298113/),🌟7.2,莱奥·麦卡雷 / 格劳乔·马克斯 / 哈勃·马克斯 / 奇科·马克斯 / 喜剧 / 歌舞 / 美国 / 1933,1933,USA,Comedy,[Duck Soup](https://www.imdb.com/title/tt0023969/),🌟7.8
Brief Encounter,🎉177,🎉155,David Lean,[相见恨晚 Brief Encounter](https://movie.douban.com/subject/1294364/),🌟8.0,大卫·里恩 / 西莉亚·约翰逊 / 特瑞沃·霍华德 / 斯坦利·霍洛威 / 爱情 / 剧情 / 英国 / 1945,1945,UK,Romance-Drama,[Brief Encounter](https://www.imdb.com/title/tt0037558/),🌟8
"Discreet Charm of the Bourgeoisie, The",🎉178,🎉167,Luis Buñuel,[资产阶级的审慎魅力 Le Charme discret de la bourgeoisie](https://movie.douban.com/subject/1303364/),🌟8.2,路易斯·布努埃尔 / 费尔南多·雷伊 / 保罗·弗朗克尔 / 德菲因·塞里格 / 喜剧 / 剧情 / 奇幻 / 法国/意大利/西班牙 / 1972,1972,France,Fantasy-Drama-Comedy,[The Discreet Charm of the Bourgeoisie](https://www.imdb.com/title/tt0068361/),🌟7.8
"River, The",🎉179,🎉178,Jean Renoir,[大河 The River](https://movie.douban.com/subject/1416677/),🌟7.6,让·雷诺阿 / 托马斯·E·布林 / Suprova Mukerjee / 帕特里夏·沃尔特斯 / 剧情 / 爱情 / 法国/美国/印度 / 1951,1951,France-India-USA,Romance-Drama,[The River](https://www.imdb.com/title/tt0043972/),🌟7.4
"Birds, The",🎉180,🎉176,Alfred Hitchcock,[群鸟 The Birds](https://movie.douban.com/subject/1310175/),🌟8.1,阿尔弗雷德·希区柯克 / 罗德·泰勒 / 杰西卡·坦迪 / 苏珊娜·普莱舍特 / 悬疑 / 惊悚 / 灾难 / 美国 / 1963,1963,USA,Drama-Horror-Mystery,[The Birds](https://www.imdb.com/title/tt0056869/),🌟7.6
Only Angels Have Wings,🎉181,🎉226,Howard Hawks,[天使之翼 Only Angels Have Wings](https://movie.douban.com/subject/1300712/),🌟7.6,霍华德·霍克斯 / 加里·格兰特 / 琪恩·亚瑟 / 理查德·巴塞尔梅斯 / 剧情 / 冒险 / 爱情 / 美国 / 1939,1939,USA,Drama-Adventure-Romance,[Only Angels Have Wings](https://www.imdb.com/title/tt0031762/),🌟7.6
Mouchette,🎉182,🎉183,Robert Bresson,[穆谢特 Mouchette](https://movie.douban.com/subject/1302413/),🌟8.5,罗伯特·布列松 / 娜丁·诺蒂尔 / Jean-Claude Guilbert / Marie Cardinal / 剧情 / 法国 / 1967,1967,France,Drama,[Mouchette](https://www.imdb.com/title/tt0061996/),🌟7.7
Ran,🎉183,🎉209,Akira Kurosawa,[乱](https://movie.douban.com/subject/1296196/),🌟8.9,黑泽明 / 仲代达矢 / 寺尾聪 / 根津甚八 / 剧情 / 动作 / 日本/法国 / 1985,1985,France-Japan,War-History-Drama,[Ran](https://www.imdb.com/title/tt0089881/),🌟8.2
Spring in a Small Town,🎉184,🎉166,Fei Mu,[小城之春](https://movie.douban.com/subject/1323746/),🌟8.7,费穆 / 李纬 / 韦伟 / 石羽 / 剧情 / 爱情 / 中国大陆 / 1948,1948,China,Romance-Drama,[Spring in a Small Town](https://www.imdb.com/title/tt0189219/),🌟7.3
"City of Sadness, A",🎉185,🎉189,Hou Hsiao-hsien,[悲情城市](https://movie.douban.com/subject/1294194/),🌟9.0,侯孝贤 / 梁朝伟 / 辛树芬 / 陈松勇 / 剧情 / 历史 / 中国台湾 / 1989,1989,Taiwan-Hong Kong,Political-Drama,[A City of Sadness](https://www.imdb.com/title/tt0096908/),🌟7.8
Napoléon,🎉186,🎉179,Abel Gance,[拿破仑 Napoléon](https://movie.douban.com/subject/1401756/),🌟8.6,阿贝尔·冈斯 / 阿尔伯特·迪厄多内 / Alexandre Koubitzky / 安托南·阿尔托 / 传记 / 剧情 / 历史 / 战争 / 法国 / 1927,1927,France,War-History-Biography,[Napoleon](https://www.imdb.com/title/tt0018192/),🌟8.2
Portrait of a Lady on Fire,🎉187,🎉1180,Céline Sciamma,[燃烧女子的肖像 Portrait de la jeune fille en feu](https://movie.douban.com/subject/30257175/),🌟8.7,瑟琳·席安玛 / 诺米·梅兰特 / 阿黛拉·哈内尔 / 卢安娜·巴杰拉米 / 剧情 / 爱情 / 同性 / 法国 / 2019,2019,France,Drama-Romance,[Portrait of a Lady on Fire](https://www.imdb.com/title/tt8613070/),🌟8.1
Chimes at Midnight,🎉188,🎉163,Orson Welles,[午夜钟声 Campanadas a medianoche](https://movie.douban.com/subject/1422308/),🌟8.3,奥逊·威尔斯 / 奥逊·威尔斯 / 让娜·莫罗 / 玛格丽特·鲁斯福德 / 喜剧 / 剧情 / 战争 / 西班牙/瑞士/法国 / 1965,1965,Switzerland-Spain,History-Drama-Comedy,[Chimes at Midnight](https://www.imdb.com/title/tt0059012/),🌟7.7
Johnny Guitar,🎉189,🎉246,Nicholas Ray,[荒漠怪客 Johnny Guitar](https://movie.douban.com/subject/1303575/),🌟7.8,尼古拉斯·雷 / 琼·克劳馥 / 斯特林·海登 / 梅赛德丝·麦坎布雷奇 / 剧情 / 西部 / 美国 / 1954,1954,USA,Western,[Johnny Guitar](https://www.imdb.com/title/tt0047136/),🌟7.6
Vampyr,🎉190,🎉212,Carl Theodor Dreyer,[吸血鬼 Vampyr](https://movie.douban.com/subject/1300749/),🌟7.8,卡尔·西奥多·德莱叶 / 朱利安·维斯特 / 莫里斯·舒茨 / 瑞纳·曼德尔 / 奇幻 / 恐怖 / 德国/法国 / 1932,1932,Germany-France,Fantasy-Horror,[Vampyr](https://www.imdb.com/title/tt0023649/),🌟7.4
Black Narcissus,🎉191,🎉174,Michael & Emeric Pressburger Powell,[黑水仙 Black Narcissus](https://movie.douban.com/subject/1292733/),🌟7.7,迈克尔·鲍威尔 / 埃默里克·普雷斯伯格 / 黛博拉·蔻儿 / 弗劳拉·罗博森 / 简·西蒙斯 / 剧情 / 英国 / 1947,1947,UK,Drama-Religious,[Black Narcissus](https://www.imdb.com/title/tt0039192/),🌟7.7
"Notte, La",🎉192,🎉231,Michelangelo Antonioni,[夜 La notte](https://movie.douban.com/subject/1361252/),🌟8.8,米开朗基罗·安东尼奥尼 / 马塞洛·马斯楚安尼 / 让娜·莫罗 / 莫尼卡·维蒂 / 剧情 / 爱情 / 意大利/法国 / 1961,1961,Italy-France,Drama,[La Notte](https://www.imdb.com/title/tt0054130/),🌟8
Out of the Past,🎉193,🎉191,Jacques Tourneur,[漩涡之外 Out of the Past](https://movie.douban.com/subject/1302338/),🌟8.2,雅克·特纳 / 罗伯特·米彻姆 / 简·格里尔 / 柯克·道格拉斯 / 剧情 / 黑色电影 / 惊悚 / 美国 / 1947,1947,USA,Crime-Drama-Mystery,[Out of the Past](https://www.imdb.com/title/tt0039689/),🌟8
Rocco and His Brothers,🎉194,🎉169,Luchino Visconti,[洛可兄弟 Rocco e i suoi fratelli](https://movie.douban.com/subject/1303558/),🌟8.4,卢基诺·维斯康蒂 / 阿兰·德龙 / 雷纳托·萨尔瓦托雷 / 安妮·吉拉尔多 / 犯罪 / 剧情 / 法国/意大利 / 1960,1960,Italy-France,Drama,[Rocco and His Brothers](https://www.imdb.com/title/tt0054248/),🌟8.2
Paisan,🎉195,🎉205,Roberto Rossellini,[战火 Paisà](https://movie.douban.com/subject/1299257/),🌟8.2,罗伯托·罗西里尼 / 卡米拉萨齐奥 / 罗伯托范隆 / Benjamin Emanuel / 剧情 / 战争 / 意大利 / 1946,1946,Italy,War-Drama,[Paisan](https://www.imdb.com/title/tt0038823/),🌟7.6
"Tree of Life, The",🎉196,🎉154,Terrence Malick,[生命之树 The Tree of Life](https://movie.douban.com/subject/2336735/),🌟7.1,泰伦斯·马力克 / 布拉德·皮特 / 西恩·潘 / 杰西卡·查斯坦 / 剧情 / 奇幻 / 家庭 / 美国 / 2011,2011,USA,Drama,[The Tree of Life](https://www.imdb.com/title/tt0478304/),🌟6.8
Nights of Cabiria,🎉197,🎉196,Federico Fellini,[卡比利亚之夜 Le notti di Cabiria](https://movie.douban.com/subject/1294781/),🌟9.1,费德里科·费里尼 / 朱丽叶塔·马西纳 / 弗朗索瓦·佩里埃 / 弗兰卡·马尔齐 / 剧情 / 意大利/法国 / 1957,1957,Italy-France,Drama,[Nights of Cabiria](https://www.imdb.com/title/tt0050783/),🌟8.1
"Salò, or the 120 Days of Sodom",🎉198,🎉201,Pier Paolo Pasolini,[](),🌟,,1975,Italy-France,Drama-Political-Horror,"[Salò, or the 120 Days of Sodom](https://www.imdb.com/title/tt0073650/)",🌟5.8
"Lady Eve, The",🎉199,🎉142,Preston Sturges,[淑女伊芙 The Lady Eve](https://movie.douban.com/subject/1303415/),🌟7.6,普莱斯顿·斯特奇斯 / 芭芭拉·斯坦威克 / 亨利·方达 / 查尔斯·科本 / 喜剧 / 犯罪 / 爱情 / 美国 / 1941,1941,USA,Romance-Comedy,[The Lady Eve](https://www.imdb.com/title/tt0033804/),🌟7.7
"Last Laugh, The",🎉200,🎉180,F.W. Murnau,[最卑贱的人 Der letzte Mann](https://movie.douban.com/subject/1307639/),🌟8.7,F·W·茂瑙 / 埃米尔·雅宁斯 / 梅丽· 戴尔沙夫特 / Max Hiller / 剧情 / 德国 / 1924,1924,Germany,Drama,[The Last Laugh](https://www.imdb.com/title/tt0015064/),🌟8
"Paris, Texas",🎉201,🎉233,Wim Wenders,"[德州巴黎 Paris, Texas](https://movie.douban.com/subject/1302061/)",🌟8.5,维姆·文德斯 / 哈利·戴恩·斯坦通 / 萨姆·贝瑞 / 伯恩哈德·维基 / 剧情 / 西德/法国/英国/美国 / 1984,1984,USA,Drama,"[Paris, Texas](https://www.imdb.com/title/tt0087884/)",🌟8.1
On the Waterfront,🎉202,🎉162,Elia Kazan,[码头风云 On the Waterfront](https://movie.douban.com/subject/1292521/),🌟7.9,伊利亚·卡赞 / 马龙·白兰度 / 卡尔·莫尔登 / 李·科布 / 犯罪 / 剧情 / 爱情 / 美国 / 1954,1954,USA,Drama-Crime,[On the Waterfront](https://www.imdb.com/title/tt0047296/),🌟8.1
Death in Venice,🎉203,🎉187,Luchino Visconti,[魂断威尼斯 Morte a Venezia](https://movie.douban.com/subject/1300912/),🌟8.2,卢基诺·维斯康蒂 / 德克·博加德 / 罗慕洛·瓦利 / 马克·伯恩斯 / 剧情 / 同性 / 意大利/法国 / 1971,1971,Italy,Drama,[Death in Venice](https://www.imdb.com/title/tt0067445/),🌟7.4
Vagabond,🎉204,🎉424,Agnès Varda,[天涯沦落女 Sans toit ni loi](https://movie.douban.com/subject/1292445/),🌟8.3,阿涅斯·瓦尔达 / 桑德里娜·博内尔 / Setti Ramdane / Francis Balchère / 剧情 / 法国 / 1985,1985,France,Drama,[Vagabond](https://www.imdb.com/title/tt0089960/),🌟7.7
News from Home,🎉205,🎉816,Chantal Akerman,[家乡的消息 News from Home](https://movie.douban.com/subject/1902009/),🌟8.0,香特尔·阿克曼 / 香特尔·阿克曼 / 纪录片 / 法国/比利时/西德 / 1976,1976,Belgium-France-West Germany,Documentary,[News from Home](https://www.imdb.com/title/tt0076452/),🌟7.3
King Kong,🎉206,🎉168,Merian C. & Ernest B. Schoedsack Cooper,[金刚 King Kong](https://movie.douban.com/subject/1298593/),🌟7.7,梅里安·C·库珀 / 欧内斯特·B·舍德萨克 / 菲伊·雷 / 罗伯特·阿姆斯特朗 / 布鲁斯·卡伯特 / 动作 / 奇幻 / 冒险 / 美国 / 1933,1933,USA,Fantasy-Adventure-Horror,[King Kong](https://www.imdb.com/title/tt0024216/),🌟7.9
"Life and Death of Colonel Blimp, The",🎉207,🎉208,Michael & Emeric Pressburger Powell,[百战将军 The Life and Death of Colonel Blimp](https://movie.douban.com/subject/1299816/),🌟7.8,迈克尔·鲍威尔 / 埃默里克·普雷斯伯格 / 罗杰·莱伍赛 / 黛博拉·蔻儿 / 安东·沃尔布鲁克 / 剧情 / 爱情 / 战争 / 英国 / 1943,1943,UK,War-Drama-Comedy,[The Life and Death of Colonel Blimp](https://www.imdb.com/title/tt0036112/),🌟8
Raiders of the Lost Ark,🎉208,🎉192,Steven Spielberg,[夺宝奇兵 Raiders of the Lost Ark](https://movie.douban.com/subject/1296717/),🌟7.9,史蒂文·斯皮尔伯格 / 哈里森·福特 / 凯伦·阿兰 / 保罗·弗里曼 / 动作 / 冒险 / 美国 / 1981,1981,USA,Adventure-Action,[Raiders of the Lost Ark](https://www.imdb.com/title/tt0082971/),🌟8.4
Wavelength,🎉209,🎉232,Michael Snow,[波长 Wavelength](https://movie.douban.com/subject/1296621/),🌟7.1,迈克尔·斯诺 / 荷利斯·法朗普顿 / Lyne Grossman / Naoto Nakazawa / 剧情 / 短片 / 加拿大/美国 / 1967,1967,Canada-USA,Avant-Garde,[Wavelength](https://www.imdb.com/title/tt0127354/),🌟5.4
"Great Dictator, The",🎉210,🎉177,Charles Chaplin,[大独裁者 The Great Dictator](https://movie.douban.com/subject/1295646/),🌟9.2,查理·卓别林 / 查理·卓别林 / 宝莲·高黛 / 杰克·奥克 / 喜剧 / 剧情 / 战争 / 美国 / 1940,1940,USA,War-Comedy-Political,[The Great Dictator](https://www.imdb.com/title/tt0032553/),🌟8.4
"Gleaners & I, The",🎉211,🎉369,Agnès Varda,[拾穗者 Les glaneurs et la glaneuse](https://movie.douban.com/subject/1301279/),🌟9.1,阿涅斯·瓦尔达 / Bodan Litnanski / 阿涅斯·瓦尔达 / François Wertheimer / 纪录片 / 法国 / 2000,2000,France,Documentary,[The Gleaners & I](https://www.imdb.com/title/tt0247380/),🌟7.7
Solaris,🎉212,🎉194,Andrei Tarkovsky,[飞向太空 Солярис](https://movie.douban.com/subject/1300977/),🌟8.7,安德烈·塔可夫斯基 / 纳塔莉亚·邦达尔丘克 / 多纳塔斯•巴尼奥尼斯 / 尤里·贾维特 / 剧情 / 科幻 / 悬疑 / 苏联 / 1972,1972,USSR,Science Fiction-Drama-Mystery,[Solaris](https://www.imdb.com/title/tt0069293/),🌟8
Wings of Desire,🎉213,🎉219,Wim Wenders,[柏林苍穹下 Der Himmel über Berlin](https://movie.douban.com/subject/1292504/),🌟8.6,维姆·文德斯 / 布鲁诺·冈茨 / 索尔维格·多马尔坦 / 奥托·山德尔 / 奇幻 / 剧情 / 爱情 / 西德/法国 / 1987,1987,West Germany-France,Fantasy-Drama,[Wings of Desire](https://www.imdb.com/title/tt0093191/),🌟7.9
Zero for Conduct,🎉214,🎉230,Jean Vigo,[操行零分 Zéro de conduite: Jeunes diables au collège](https://movie.douban.com/subject/1294518/),🌟8.1,让·维果 / 让·达斯特 / Robert le Flon / Du Verron / 喜剧 / 短片 / 剧情 / 法国 / 1933,1933,France,Short-Drama,[Zero for Conduct](https://www.imdb.com/title/tt0024803/),🌟7.2
Umberto D.,🎉215,🎉199,Vittorio De Sica,[风烛泪 Umberto D.](https://movie.douban.com/subject/1296097/),🌟8.6,维托里奥·德西卡 / 卡洛·巴蒂斯蒂 / 玛丽亚-皮娅·卡西利奥 / 丽娜·甄纳里 / 剧情 / 意大利 / 1952,1952,Italy,Drama,[Umberto D.](https://www.imdb.com/title/tt0045274/),🌟8.2
Moonlight,🎉216,🎉1001,Barry Jenkins,[月光男孩 Moonlight](https://movie.douban.com/subject/26648249/),🌟7.4,巴里·詹金斯 / 崔凡特·罗兹 / 安德烈·霍兰 / 马赫沙拉·阿里 / 剧情 / 同性 / 美国 / 2016,2016,USA,Drama,[Moonlight](https://www.imdb.com/title/tt4975722/),🌟7.4
"Thing, The",🎉217,🎉240,John Carpenter,[怪形 The Thing](https://movie.douban.com/subject/1296794/),🌟8.1,约翰·卡朋特 / 库尔特·拉塞尔 / 威尔福德·布利姆雷 / TK·卡特 / 科幻 / 悬疑 / 恐怖 / 美国 / 1982,1982,USA,Science Fiction-Action-Horror,[The Thing](https://www.imdb.com/title/tt0084787/),🌟8.2
Breaking the Waves,🎉218,🎉190,Lars von Trier,[破浪 Breaking the Waves](https://movie.douban.com/subject/1292468/),🌟8.1,拉斯·冯·提尔 / 艾米丽·沃森 / 斯特兰·斯卡斯加德 / 凯特琳·卡特利吉 / 剧情 / 爱情 / 丹麦/瑞典/法国/荷兰/挪威/冰岛/西班牙/英国 / 1996,1996,Denmark-Sweden-France-Netherlands-Norway-Iceland-Spain,Romance-Drama,[Breaking the Waves](https://www.imdb.com/title/tt0115751/),🌟7.8
"Samouraï, Le",🎉219,🎉206,Jean-Pierre Melville,[独行杀手 Le samouraï](https://movie.douban.com/subject/1300966/),🌟8.3,让-皮埃尔·梅尔维尔 / 阿兰·德龙 / 弗朗索瓦·佩里埃 / 娜塔莉·德龙 / 犯罪 / 剧情 / 悬疑 / 惊悚 / 法国/意大利 / 1967,1967,France-Italy,Crime-Drama,[Le Samouraï](https://www.imdb.com/title/tt0062229/),🌟8
"Life of Oharu, The",🎉220,🎉250,Kenji Mizoguchi,[西鹤一代女 西鶴一代女](https://movie.douban.com/subject/1303603/),🌟8.3,沟口健二 / 田中绢代 / 山根寿子 / 三船敏郎 / 剧情 / 日本 / 1952,1952,Japan,Drama,[The Life of Oharu](https://www.imdb.com/title/tt0045112/),🌟8.1
Close Encounters of the Third Kind,🎉221,🎉185,Steven Spielberg,[第三类接触 Close Encounters of the Third Kind](https://movie.douban.com/subject/1298405/),🌟7.2,史蒂文·斯皮尔伯格 / 理查德·德莱福斯 / 弗朗索瓦·特吕弗 / 特瑞·加尔 / 剧情 / 科幻 / 美国 / 1977,1977,USA,Science Fiction-Adventure,[Close Encounters of the Third Kind](https://www.imdb.com/title/tt0075860/),🌟7.6
"Grapes of Wrath, The",🎉222,🎉181,John Ford,[愤怒的葡萄 The Grapes of Wrath](https://movie.douban.com/subject/1292465/),🌟8.5,约翰·福特 / 亨利·方达 / 简·达威尔 / 约翰·卡拉丁 / 剧情 / 历史 / 美国 / 1940,1940,USA,Drama,[The Grapes of Wrath](https://www.imdb.com/title/tt0032551/),🌟8.1
Kes,🎉223,🎉184,Ken Loach,[小孩与鹰 Kes](https://movie.douban.com/subject/1297920/),🌟8.6,肯·洛奇 / 大卫·布拉德利 / Freddie Fletcher / 琳内·佩里 / 剧情 / 儿童 / 英国 / 1969,1969,UK,Drama,[Kes](https://www.imdb.com/title/tt0064541/),🌟7.9
Magnolia,🎉224,🎉248,Paul Thomas Anderson,[木兰花 Magnolia](https://movie.douban.com/subject/1293564/),🌟8.2,保罗·托马斯·安德森 / 朱丽安·摩尔 / 威廉姆·H·梅西 / 约翰·C·赖利 / 剧情 / 美国 / 1999,1999,USA,Drama,[Magnolia](https://www.imdb.com/title/tt0175880/),🌟8
"Black God, White Devil",🎉225,🎉198,Glauber Rocha,[黑上帝白魔鬼 Deus E o Diabo na Terra do Sol](https://movie.douban.com/subject/1418426/),🌟7.3,格劳贝尔·罗恰 / 热拉尔多·德尔雷伊 / Yoná Magalhães / 奥顿·巴斯托斯 / 冒险 / 犯罪 / 剧情 / 西部 / 巴西 / 1964,1964,Brazil,Political-Drama-Crime,"[Black God, White Devil](https://www.imdb.com/title/tt0058006/)",🌟7.2
"Autumn Afternoon, An",🎉226,🎉290,Yasujiro Ozu,[秋刀鱼之味 秋刀魚の味](https://movie.douban.com/subject/1294433/),🌟8.7,小津安二郎 / 笠智众 / 岩下志麻 / 冈田茉莉子 / 剧情 / 家庭 / 日本 / 1962,1962,Japan,Drama,[An Autumn Afternoon](https://www.imdb.com/title/tt0056444/),🌟8
"Travelling Players, The",🎉227,🎉213,Theo Angelopoulos,[流浪艺人 Ο Θίασος](https://movie.douban.com/subject/1295759/),🌟8.6,西奥·安哲罗普洛斯 / 伊娃·科塔曼尼多 / Aliki Georgouli / Stratos Pahis / 剧情 / 历史 / 战争 / 希腊 / 1975,1975,Greece,Political-Drama,[The Travelling Players](https://www.imdb.com/title/tt0073800/),🌟7.9
"Quiet Man, The",🎉228,🎉225,John Ford,[蓬门今始为君开 The Quiet Man](https://movie.douban.com/subject/1295757/),🌟7.4,约翰·福特 / 约翰·韦恩 / 玛琳·奥哈拉 / 剧情 / 喜剧 / 爱情 / 美国 / 1953,1952,USA,Romance-Drama-Comedy,[The Quiet Man](https://www.imdb.com/title/tt0045061/),🌟7.7
"Germany, Year Zero",🎉229,🎉247,Roberto Rossellini,[德意志零年 Germania anno zero](https://movie.douban.com/subject/1293153/),🌟8.4,罗伯托·罗西里尼 / 埃德蒙·默施克 / 恩斯特·皮茨肖 / 英格特劳德·欣策 / 剧情 / 战争 / 意大利/法国/德国 / 1948,1948,Italy-West Germany,War-Drama,[Germany Year Zero](https://www.imdb.com/title/tt0039417/),🌟7.8
Love Streams,🎉230,🎉282,John Cassavetes,[爱的激流 Love Streams](https://movie.douban.com/subject/1303532/),🌟8.1,约翰·卡萨维蒂 / 约翰·卡萨维蒂 / 吉娜·罗兰兹 / 西摩·卡塞尔 / 喜剧 / 剧情 / 美国 / 1984,1984,USA,Drama,[Love Streams](https://www.imdb.com/title/tt0087644/),🌟7.7
"Matrix, The",🎉231,🎉291,Lana & Lilly Wachowski Wachowski,[黑客帝国 The Matrix](https://movie.douban.com/subject/1291843/),🌟9.1,莉莉·沃卓斯基 / 拉娜·沃卓斯基 / 基努·里维斯 / 劳伦斯·菲什伯恩 / 凯瑞-安·莫斯 / 动作 / 科幻 / 美国 / 1999,1999,USA-Australia,Science Fiction-Action-Adventure,[The Matrix](https://www.imdb.com/title/tt0133093/),🌟8.7
Red Desert,🎉232,🎉295,Michelangelo Antonioni,[红色沙漠 Il deserto rosso](https://movie.douban.com/subject/1299261/),🌟8.0,米开朗基罗·安东尼奥尼 / 莫尼卡·维蒂 / 理查德·哈里斯 / Carlo Chionetti / 剧情 / 意大利/法国 / 1964,1964,Italy-France,Drama,[Red Desert](https://www.imdb.com/title/tt0058003/),🌟7.5
Ashes and Diamonds,🎉233,🎉222,Andrzej Wajda,[灰烬与钻石 Popiół i diament](https://movie.douban.com/subject/1303174/),🌟8.2,安杰伊·瓦伊达 / 兹比格涅夫·齐布尔斯基 / 夏娃·克尔齐塞夫斯卡 / 瓦克劳·扎斯特泽金斯基 / 剧情 / 战争 / 波兰 / 1958,1958,Poland,War-Drama-Political,[Ashes and Diamonds](https://www.imdb.com/title/tt0052080/),🌟7.8
"Crowd, The",🎉234,🎉255,King Vidor,[群众 The Crowd](https://movie.douban.com/subject/1293273/),🌟8.3,金·维多 / 埃莉诺·博德曼 / 詹姆斯·默里 / 伯特·罗奇 / 剧情 / 爱情 / 美国 / 1928,1928,USA,Drama,[The Crowd](https://www.imdb.com/title/tt0018806/),🌟8.1
Where is the Friend's House?,🎉235,🎉305,Abbas Kiarostami,[何处是我朋友的家 خانه دوست کجاست؟‎](https://movie.douban.com/subject/1301897/),🌟8.9,阿巴斯·基亚罗斯塔米 / 巴比·艾哈迈德·波 / 艾哈迈德·艾哈迈德·波 / 科达·巴和·迪范 / 剧情 / 伊朗 / 1987,1987,Iran,Drama,[Where Is the Friend's House?](https://www.imdb.com/title/tt0093342/),🌟8.1
Brazil,🎉236,🎉171,Terry Gilliam,[妙想天开 Brazil](https://movie.douban.com/subject/1293823/),🌟8.1,特瑞·吉列姆 / 乔纳森·普雷斯 / 罗伯特·德尼罗 / 凯瑟琳·海蒙德 / 剧情 / 科幻 / 英国/美国 / 1985,1985,UK,Science Fiction-Fantasy,[Brazil](https://www.imdb.com/title/tt0088846/),🌟7.9
Sullivan's Travels,🎉237,🎉241,Preston Sturges,[苏利文的旅行 Sullivan's Travels](https://movie.douban.com/subject/1303416/),🌟7.6,普莱斯顿·斯特奇斯 / 乔尔·麦克雷 / 维罗妮卡·莱克 / 罗伯特·沃里克 / 冒险 / 喜剧 / 剧情 / 爱情 / 美国 / 1941,1941,USA,Romance-Comedy,[Sullivan's Travels](https://www.imdb.com/title/tt0034240/),🌟7.9
Eraserhead,🎉238,🎉272,David Lynch,[橡皮头 Eraserhead](https://movie.douban.com/subject/1293925/),🌟7.9,大卫·林奇 / 杰克·南斯 / 夏洛特·斯图尔特 / 艾伦·约瑟夫 / 奇幻 / 恐怖 / 美国 / 1977,1977,USA,Horror-Fantasy-Science Fiction,[Eraserhead](https://www.imdb.com/title/tt0074486/),🌟7.3
McCabe & Mrs. Miller,🎉239,🎉195,Robert Altman,[花村 McCabe & Mrs. Miller](https://movie.douban.com/subject/1293950/),🌟7.9,罗伯特·奥特曼 / 沃伦·比蒂 / 朱莉·克里斯蒂 / 勒内·奥贝尔若努瓦 / 剧情 / 西部 / 美国 / 1971,1971,USA,Western-Drama,[McCabe & Mrs. Miller](https://www.imdb.com/title/tt0067411/),🌟7.6
"Ivan the Terrible, Part 2",🎉240,🎉207,Sergei Eisenstein,[伊凡雷帝2 Иван Грозный 2: Боярский заговор](https://movie.douban.com/subject/1474367/),🌟8.2,谢尔盖·爱森斯坦 / 尼古拉·切尔卡索夫 / 帕维尔·卡道奇尼科夫 / 弗谢沃罗德·普多夫金 / 传记 / 历史 / 苏联 / 1958,1946,USSR,History-Drama-Biography,"[Ivan the Terrible, Part II: The Boyars' Plot](https://www.imdb.com/title/tt0051790/)",🌟7.8
"House is Black, The",🎉241,🎉351,Forugh Farrokhzad,[房屋是黑的 خانه سیاه است](https://movie.douban.com/subject/1499492/),🌟8.8,芙茹弗·法洛克扎德 / 芙茹弗·法洛克扎德 / 艾布拉希姆·格勒斯坦 / Hossein Mansouri / 纪录片 / 短片 / 伊朗 / 1963,1963,Iran,Documentary-Short,[The House Is Black](https://www.imdb.com/title/tt0336693/),🌟7.8
Memories of Underdevelopment,🎉242,🎉254,Tomás Gutiérrez Alea,[低度开发的回忆 Memorias del subdesarrollo](https://movie.douban.com/subject/1484154/),🌟8.1,托马斯·古铁雷兹·阿莱 / 塞吉欧·柯瑞里 / 黛西·加纳多斯 / 埃丝琳达·努涅斯 / 剧情 / 古巴 / 1968,1968,Cuba,Political-Romance-Drama,[Memories of Underdevelopment](https://www.imdb.com/title/tt0063291/),🌟7.6
"Band Wagon, The",🎉243,🎉234,Vincente Minnelli,[篷车队 The Band Wagon](https://movie.douban.com/subject/1850003/),🌟8.0,文森特·明奈利 / 弗雷德·阿斯泰尔 / 赛德·查里斯 / 奥斯卡·黎凡特 / 喜剧 / 家庭 / 歌舞 / 爱情 / 美国 / 1953,1953,USA,Musical-Dance-Comedy,[The Band Wagon](https://www.imdb.com/title/tt0045537/),🌟7.4
"Thin Red Line, The",🎉244,🎉188,Terrence Malick,[细细的红线 The Thin Red Line](https://movie.douban.com/subject/1292781/),🌟7.8,泰伦斯·马力克 / 西恩·潘 / 伊莱亚斯·科泰斯 / 吉姆·卡维泽 / 剧情 / 战争 / 美国 / 1998,1998,USA,War-Drama,[The Thin Red Line](https://www.imdb.com/title/tt0120863/),🌟7.6
"Ivan the Terrible, Part 1",🎉245,🎉249,Sergei Eisenstein,[伊凡雷帝 Иван Грозный](https://movie.douban.com/subject/1298182/),🌟8.0,谢尔盖·爱森斯坦 / 尼古拉·切尔卡索夫 / Lyudmila Tselikovskaya / Serafima Birman / 传记 / 历史 / 苏联 / 1944,1944,USSR,History-Drama-Biography,"[Ivan the Terrible, Part I](https://www.imdb.com/title/tt0037824/)",🌟7.7
Performance,🎉246,🎉223,Nicolas & Donald Cammell Roeg,[迷幻演出 Performance](https://movie.douban.com/subject/1294331/),🌟7.0,尼古拉斯·罗伊格 / 唐纳德·卡梅尔 / 詹姆斯·福克斯 / 米克·贾格尔 / 安妮塔·帕里博格 / 犯罪 / 剧情 / 奇幻 / 音乐 / 英国 / 1970,1970,UK,Drama-Crime,[Performance](https://www.imdb.com/title/tt0066214/),🌟6.7
"Best Years of Our Lives, The",🎉247,🎉229,William Wyler,[黄金时代 The Best Years of Our Lives](https://movie.douban.com/subject/1294100/),🌟8.2,威廉·惠勒 / 玛娜·洛伊 / 弗雷德里克·马奇 / 达纳·安德鲁斯 / 剧情 / 爱情 / 战争 / 美国 / 1946,1946,USA,War-Drama,[The Best Years of Our Lives](https://www.imdb.com/title/tt0036868/),🌟8.1
Parasite,🎉248,🎉1015,Bong Joon-ho,[寄生虫 기생충](https://movie.douban.com/subject/27010768/),🌟8.8,奉俊昊 / 宋康昊 / 李善均 / 曹汝贞 / 剧情 / 韩国 / 2019,2019,South Korea,Comedy-Drama-Thriller,[Parasite](https://www.imdb.com/title/tt6751668/),🌟8.5
Meet Me in St. Louis,🎉249,🎉251,Vincente Minnelli,[火树银花 Meet Me in St. Louis](https://movie.douban.com/subject/1295445/),🌟7.4,文森特·明奈利 / 朱迪·加兰 / 玛格丽特·奥布赖恩 / 玛丽·阿斯特 / 家庭 / 歌舞 / 爱情 / 美国 / 1944,1944,USA,Musical-Family-Drama,[Meet Me in St. Louis](https://www.imdb.com/title/tt0037059/),🌟7.5
Daughters of the Dust,🎉250,🎉1021,Julie Dash,[大地的女儿 Daughters of the Dust](https://movie.douban.com/subject/1890283/),🌟7.3,茱莉·黛许 / 科拉·李·戴 / Alva Rogers / Barbarao / 剧情 / 爱情 / 美国/英国 / 1991,1991,USA-UK,History-Drama,[Daughters of the Dust](https://www.imdb.com/title/tt0104057/),🌟6.6
